
build/release/BareDrones32.elf:     file format elf32-littlearm

Sections:
Idx Name          Size      VMA       LMA       File off  Algn
  0 .isr_vector   000001e0  08000000  08000000  00001000  2**0
                  CONTENTS, ALLOC, LOAD, READONLY, DATA
  1 .text         00006868  080001e0  080001e0  000011e0  2**4
                  CONTENTS, ALLOC, LOAD, READONLY, CODE
  2 .eeprom       00020000  08060000  08060000  0000a000  2**2
                  CONTENTS, ALLOC, LOAD, READONLY, DATA
  3 .rodata       00000b14  08006a48  08006a48  00007a48  2**3
                  CONTENTS, ALLOC, LOAD, READONLY, DATA
  4 .ARM.extab    00000000  0800755c  0800755c  0002a000  2**0
                  CONTENTS
  5 .ARM          00000008  0800755c  0800755c  0000855c  2**2
                  CONTENTS, ALLOC, LOAD, READONLY, DATA
  6 .preinit_array 00000000  08007564  08007564  0002a000  2**0
                  CONTENTS, ALLOC, LOAD, DATA
  7 .init_array   00000004  08007564  08007564  00008564  2**2
                  CONTENTS, ALLOC, LOAD, DATA
  8 .fini_array   00000004  08007568  08007568  00008568  2**2
                  CONTENTS, ALLOC, LOAD, DATA
  9 .data         000001cc  20000000  0800756c  00009000  2**2
                  CONTENTS, ALLOC, LOAD, DATA
 10 .bss          00001df0  200001d0  08007738  000091d0  2**3
                  ALLOC
 11 ._user_heap_stack 00000600  20001fc0  08007738  00009fc0  2**0
                  ALLOC
 12 .ARM.attributes 00000030  00000000  00000000  0002a000  2**0
                  CONTENTS, READONLY
 13 .comment      00000046  00000000  00000000  0002a030  2**0
                  CONTENTS, READONLY
 14 .debug_frame  00001138  00000000  00000000  0002a078  2**2
                  CONTENTS, READONLY, DEBUGGING, OCTETS
 15 .debug_line_str 00000204  00000000  00000000  0002b1b0  2**0
                  CONTENTS, READONLY, DEBUGGING, OCTETS

Disassembly of section .text:

080001e0 <readEEPROM>:
 80001e0:	b508      	push	{r3, lr}
 80001e2:	f44f 729c 	mov.w	r2, #312	@ 0x138
 80001e6:	4902      	ldr	r1, [pc, #8]	@ (80001f0 <readEEPROM+0x10>)
 80001e8:	4802      	ldr	r0, [pc, #8]	@ (80001f4 <readEEPROM+0x14>)
 80001ea:	f004 fda3 	bl	8004d34 <memcpy>
 80001ee:	bd08      	pop	{r3, pc}
 80001f0:	08060000 	.word	0x08060000
 80001f4:	20001c28 	.word	0x20001c28

080001f8 <writeEEPROM>:
 80001f8:	b530      	push	{r4, r5, lr}
 80001fa:	b085      	sub	sp, #20
 80001fc:	2101      	movs	r1, #1
 80001fe:	2004      	movs	r0, #4
 8000200:	f000 fa3a 	bl	8000678 <color>
 8000204:	481b      	ldr	r0, [pc, #108]	@ (8000274 <writeEEPROM+0x7c>)
 8000206:	f004 fd43 	bl	8004c90 <puts>
 800020a:	2300      	movs	r3, #0
 800020c:	9300      	str	r3, [sp, #0]
 800020e:	2301      	movs	r3, #1
 8000210:	9302      	str	r3, [sp, #8]
 8000212:	2307      	movs	r3, #7
 8000214:	9301      	str	r3, [sp, #4]
 8000216:	2302      	movs	r3, #2
 8000218:	9303      	str	r3, [sp, #12]
 800021a:	f000 ffb5 	bl	8001188 <flashUnlock>
 800021e:	4668      	mov	r0, sp
 8000220:	f000 fffe 	bl	8001220 <flashErase>
 8000224:	4605      	mov	r5, r0
 8000226:	f04f 33ff 	mov.w	r3, #4294967295	@ 0xffffffff
 800022a:	e00a      	b.n	8000242 <writeEEPROM+0x4a>
 800022c:	4b12      	ldr	r3, [pc, #72]	@ (8000278 <writeEEPROM+0x80>)
 800022e:	f853 2024 	ldr.w	r2, [r3, r4, lsl #2]
 8000232:	2300      	movs	r3, #0
 8000234:	4811      	ldr	r0, [pc, #68]	@ (800027c <writeEEPROM+0x84>)
 8000236:	eb00 0084 	add.w	r0, r0, r4, lsl #2
 800023a:	f000 ff8d 	bl	8001158 <flashProgram>
 800023e:	4605      	mov	r5, r0
 8000240:	4623      	mov	r3, r4
 8000242:	1c5c      	adds	r4, r3, #1
 8000244:	2b4d      	cmp	r3, #77	@ 0x4d
 8000246:	ddf1      	ble.n	800022c <writeEEPROM+0x34>
 8000248:	f000 ffba 	bl	80011c0 <flashLock>
 800024c:	f7ff ffc8 	bl	80001e0 <readEEPROM>
 8000250:	b15d      	cbz	r5, 800026a <writeEEPROM+0x72>
 8000252:	2101      	movs	r1, #1
 8000254:	2002      	movs	r0, #2
 8000256:	f000 fa0f 	bl	8000678 <color>
 800025a:	4629      	mov	r1, r5
 800025c:	4808      	ldr	r0, [pc, #32]	@ (8000280 <writeEEPROM+0x88>)
 800025e:	f004 fcaf 	bl	8004bc0 <iprintf>
 8000262:	f000 fa11 	bl	8000688 <colorDefault>
 8000266:	b005      	add	sp, #20
 8000268:	bd30      	pop	{r4, r5, pc}
 800026a:	2101      	movs	r1, #1
 800026c:	4608      	mov	r0, r1
 800026e:	f000 fa03 	bl	8000678 <color>
 8000272:	e7f2      	b.n	800025a <writeEEPROM+0x62>
 8000274:	08006a60 	.word	0x08006a60
 8000278:	20001c28 	.word	0x20001c28
 800027c:	08060000 	.word	0x08060000
 8000280:	08006a78 	.word	0x08006a78

08000284 <checkFirstTime>:
 8000284:	b508      	push	{r3, lr}
 8000286:	4b4e      	ldr	r3, [pc, #312]	@ (80003c0 <checkFirstTime+0x13c>)
 8000288:	781b      	ldrb	r3, [r3, #0]
 800028a:	b910      	cbnz	r0, 8000292 <checkFirstTime+0xe>
 800028c:	2b1d      	cmp	r3, #29
 800028e:	f000 8092 	beq.w	80003b6 <checkFirstTime+0x132>
 8000292:	4b4c      	ldr	r3, [pc, #304]	@ (80003c4 <checkFirstTime+0x140>)
 8000294:	221d      	movs	r2, #29
 8000296:	701a      	strb	r2, [r3, #0]
 8000298:	2200      	movs	r2, #0
 800029a:	605a      	str	r2, [r3, #4]
 800029c:	609a      	str	r2, [r3, #8]
 800029e:	60da      	str	r2, [r3, #12]
 80002a0:	4949      	ldr	r1, [pc, #292]	@ (80003c8 <checkFirstTime+0x144>)
 80002a2:	6119      	str	r1, [r3, #16]
 80002a4:	6159      	str	r1, [r3, #20]
 80002a6:	6199      	str	r1, [r3, #24]
 80002a8:	61da      	str	r2, [r3, #28]
 80002aa:	621a      	str	r2, [r3, #32]
 80002ac:	625a      	str	r2, [r3, #36]	@ 0x24
 80002ae:	629a      	str	r2, [r3, #40]	@ 0x28
 80002b0:	62da      	str	r2, [r3, #44]	@ 0x2c
 80002b2:	631a      	str	r2, [r3, #48]	@ 0x30
 80002b4:	635a      	str	r2, [r3, #52]	@ 0x34
 80002b6:	639a      	str	r2, [r3, #56]	@ 0x38
 80002b8:	63da      	str	r2, [r3, #60]	@ 0x3c
 80002ba:	641a      	str	r2, [r3, #64]	@ 0x40
 80002bc:	645a      	str	r2, [r3, #68]	@ 0x44
 80002be:	649a      	str	r2, [r3, #72]	@ 0x48
 80002c0:	f04f 517a 	mov.w	r1, #1048576000	@ 0x3e800000
 80002c4:	64d9      	str	r1, [r3, #76]	@ 0x4c
 80002c6:	f04f 517e 	mov.w	r1, #1065353216	@ 0x3f800000
 80002ca:	6519      	str	r1, [r3, #80]	@ 0x50
 80002cc:	655a      	str	r2, [r3, #84]	@ 0x54
 80002ce:	2002      	movs	r0, #2
 80002d0:	f883 0058 	strb.w	r0, [r3, #88]	@ 0x58
 80002d4:	2001      	movs	r0, #1
 80002d6:	f883 0059 	strb.w	r0, [r3, #89]	@ 0x59
 80002da:	ed9f 7b37 	vldr	d7, [pc, #220]	@ 80003b8 <checkFirstTime+0x134>
 80002de:	ed83 7b18 	vstr	d7, [r3, #96]	@ 0x60
 80002e2:	483a      	ldr	r0, [pc, #232]	@ (80003cc <checkFirstTime+0x148>)
 80002e4:	6698      	str	r0, [r3, #104]	@ 0x68
 80002e6:	483a      	ldr	r0, [pc, #232]	@ (80003d0 <checkFirstTime+0x14c>)
 80002e8:	66d8      	str	r0, [r3, #108]	@ 0x6c
 80002ea:	483a      	ldr	r0, [pc, #232]	@ (80003d4 <checkFirstTime+0x150>)
 80002ec:	6718      	str	r0, [r3, #112]	@ 0x70
 80002ee:	f8c3 1134 	str.w	r1, [r3, #308]	@ 0x134
 80002f2:	4939      	ldr	r1, [pc, #228]	@ (80003d8 <checkFirstTime+0x154>)
 80002f4:	6759      	str	r1, [r3, #116]	@ 0x74
 80002f6:	4939      	ldr	r1, [pc, #228]	@ (80003dc <checkFirstTime+0x158>)
 80002f8:	6799      	str	r1, [r3, #120]	@ 0x78
 80002fa:	4839      	ldr	r0, [pc, #228]	@ (80003e0 <checkFirstTime+0x15c>)
 80002fc:	67d8      	str	r0, [r3, #124]	@ 0x7c
 80002fe:	f8c3 1080 	str.w	r1, [r3, #128]	@ 0x80
 8000302:	4938      	ldr	r1, [pc, #224]	@ (80003e4 <checkFirstTime+0x160>)
 8000304:	f8c3 1084 	str.w	r1, [r3, #132]	@ 0x84
 8000308:	f8df e0e8 	ldr.w	lr, [pc, #232]	@ 80003f4 <checkFirstTime+0x170>
 800030c:	f8c3 e088 	str.w	lr, [r3, #136]	@ 0x88
 8000310:	4835      	ldr	r0, [pc, #212]	@ (80003e8 <checkFirstTime+0x164>)
 8000312:	f8c3 008c 	str.w	r0, [r3, #140]	@ 0x8c
 8000316:	f8c3 2090 	str.w	r2, [r3, #144]	@ 0x90
 800031a:	f8df c0dc 	ldr.w	ip, [pc, #220]	@ 80003f8 <checkFirstTime+0x174>
 800031e:	f8c3 c094 	str.w	ip, [r3, #148]	@ 0x94
 8000322:	f8c3 2098 	str.w	r2, [r3, #152]	@ 0x98
 8000326:	f8c3 209c 	str.w	r2, [r3, #156]	@ 0x9c
 800032a:	2100      	movs	r1, #0
 800032c:	f883 10a0 	strb.w	r1, [r3, #160]	@ 0xa0
 8000330:	f8c3 e0a4 	str.w	lr, [r3, #164]	@ 0xa4
 8000334:	f8c3 00a8 	str.w	r0, [r3, #168]	@ 0xa8
 8000338:	f8c3 20ac 	str.w	r2, [r3, #172]	@ 0xac
 800033c:	f8c3 c0b0 	str.w	ip, [r3, #176]	@ 0xb0
 8000340:	f8c3 20b4 	str.w	r2, [r3, #180]	@ 0xb4
 8000344:	f8c3 20b8 	str.w	r2, [r3, #184]	@ 0xb8
 8000348:	f883 10bc 	strb.w	r1, [r3, #188]	@ 0xbc
 800034c:	f8df c0ac 	ldr.w	ip, [pc, #172]	@ 80003fc <checkFirstTime+0x178>
 8000350:	f8c3 c0c0 	str.w	ip, [r3, #192]	@ 0xc0
 8000354:	f8c3 00c4 	str.w	r0, [r3, #196]	@ 0xc4
 8000358:	f8c3 20c8 	str.w	r2, [r3, #200]	@ 0xc8
 800035c:	4823      	ldr	r0, [pc, #140]	@ (80003ec <checkFirstTime+0x168>)
 800035e:	f8c3 00cc 	str.w	r0, [r3, #204]	@ 0xcc
 8000362:	f8c3 20d0 	str.w	r2, [r3, #208]	@ 0xd0
 8000366:	f8c3 20d4 	str.w	r2, [r3, #212]	@ 0xd4
 800036a:	f883 10d8 	strb.w	r1, [r3, #216]	@ 0xd8
 800036e:	f04f 4c80 	mov.w	ip, #1073741824	@ 0x40000000
 8000372:	f8c3 c0dc 	str.w	ip, [r3, #220]	@ 0xdc
 8000376:	f8c3 20e0 	str.w	r2, [r3, #224]	@ 0xe0
 800037a:	f8c3 20e4 	str.w	r2, [r3, #228]	@ 0xe4
 800037e:	481c      	ldr	r0, [pc, #112]	@ (80003f0 <checkFirstTime+0x16c>)
 8000380:	f8c3 00e8 	str.w	r0, [r3, #232]	@ 0xe8
 8000384:	f8c3 20ec 	str.w	r2, [r3, #236]	@ 0xec
 8000388:	f8c3 20f0 	str.w	r2, [r3, #240]	@ 0xf0
 800038c:	f883 10f4 	strb.w	r1, [r3, #244]	@ 0xf4
 8000390:	f8c3 c0f8 	str.w	ip, [r3, #248]	@ 0xf8
 8000394:	f8c3 20fc 	str.w	r2, [r3, #252]	@ 0xfc
 8000398:	f8c3 2100 	str.w	r2, [r3, #256]	@ 0x100
 800039c:	f8c3 0104 	str.w	r0, [r3, #260]	@ 0x104
 80003a0:	f8c3 2108 	str.w	r2, [r3, #264]	@ 0x108
 80003a4:	f8c3 210c 	str.w	r2, [r3, #268]	@ 0x10c
 80003a8:	f883 1110 	strb.w	r1, [r3, #272]	@ 0x110
 80003ac:	2205      	movs	r2, #5
 80003ae:	f8a3 2130 	strh.w	r2, [r3, #304]	@ 0x130
 80003b2:	f7ff ff21 	bl	80001f8 <writeEEPROM>
 80003b6:	bd08      	pop	{r3, pc}
 80003b8:	c4687a3d 	.word	0xc4687a3d
 80003bc:	3eac8571 	.word	0x3eac8571
 80003c0:	08060000 	.word	0x08060000
 80003c4:	20001c28 	.word	0x20001c28
 80003c8:	3a9ce757 	.word	0x3a9ce757
 80003cc:	3e19999a 	.word	0x3e19999a
 80003d0:	3c0efa35 	.word	0x3c0efa35
 80003d4:	3a09421f 	.word	0x3a09421f
 80003d8:	453b8000 	.word	0x453b8000
 80003dc:	45098000 	.word	0x45098000
 80003e0:	456d8000 	.word	0x456d8000
 80003e4:	457a0000 	.word	0x457a0000
 80003e8:	42c80000 	.word	0x42c80000
 80003ec:	453ee538 	.word	0x453ee538
 80003f0:	3f860a92 	.word	0x3f860a92
 80003f4:	437a0000 	.word	0x437a0000
 80003f8:	45885a96 	.word	0x45885a96
 80003fc:	43af0000 	.word	0x43af0000

08000400 <NVIC_EncodePriority>:
 8000400:	b500      	push	{lr}
 8000402:	f000 0007 	and.w	r0, r0, #7
 8000406:	f1a0 0c03 	sub.w	ip, r0, #3
 800040a:	f1bc 0f04 	cmp.w	ip, #4
 800040e:	d807      	bhi.n	8000420 <NVIC_EncodePriority+0x20>
 8000410:	f1c0 0e07 	rsb	lr, r0, #7
 8000414:	3004      	adds	r0, #4
 8000416:	2806      	cmp	r0, #6
 8000418:	d806      	bhi.n	8000428 <NVIC_EncodePriority+0x28>
 800041a:	f04f 0c00 	mov.w	ip, #0
 800041e:	e003      	b.n	8000428 <NVIC_EncodePriority+0x28>
 8000420:	f04f 0e04 	mov.w	lr, #4
 8000424:	f04f 0c00 	mov.w	ip, #0
 8000428:	f04f 33ff 	mov.w	r3, #4294967295	@ 0xffffffff
 800042c:	fa03 f00e 	lsl.w	r0, r3, lr
 8000430:	ea21 0100 	bic.w	r1, r1, r0
 8000434:	fa01 f10c 	lsl.w	r1, r1, ip
 8000438:	fa03 f30c 	lsl.w	r3, r3, ip
 800043c:	ea22 0203 	bic.w	r2, r2, r3
 8000440:	ea41 0002 	orr.w	r0, r1, r2
 8000444:	bd00      	pop	{pc}

08000446 <adc1Init>:
 8000446:	b510      	push	{r4, lr}
 8000448:	4b5d      	ldr	r3, [pc, #372]	@ (80005c0 <adc1Init+0x17a>)
 800044a:	6b1a      	ldr	r2, [r3, #48]	@ 0x30
 800044c:	f042 0204 	orr.w	r2, r2, #4
 8000450:	631a      	str	r2, [r3, #48]	@ 0x30
 8000452:	6c5a      	ldr	r2, [r3, #68]	@ 0x44
 8000454:	f442 7280 	orr.w	r2, r2, #256	@ 0x100
 8000458:	645a      	str	r2, [r3, #68]	@ 0x44
 800045a:	f5a3 5340 	sub.w	r3, r3, #12288	@ 0x3000
 800045e:	681a      	ldr	r2, [r3, #0]
 8000460:	f042 020f 	orr.w	r2, r2, #15
 8000464:	601a      	str	r2, [r3, #0]
 8000466:	685a      	ldr	r2, [r3, #4]
 8000468:	605a      	str	r2, [r3, #4]
 800046a:	68da      	ldr	r2, [r3, #12]
 800046c:	60da      	str	r2, [r3, #12]
 800046e:	4a55      	ldr	r2, [pc, #340]	@ (80005c4 <adc1Init+0x17e>)
 8000470:	6f13      	ldr	r3, [r2, #112]	@ 0x70
 8000472:	f023 0301 	bic.w	r3, r3, #1
 8000476:	6713      	str	r3, [r2, #112]	@ 0x70
 8000478:	4b52      	ldr	r3, [pc, #328]	@ (80005c4 <adc1Init+0x17e>)
 800047a:	6f1b      	ldr	r3, [r3, #112]	@ 0x70
 800047c:	f013 0f01 	tst.w	r3, #1
 8000480:	d1fa      	bne.n	8000478 <adc1Init+0x32>
 8000482:	4c50      	ldr	r4, [pc, #320]	@ (80005c4 <adc1Init+0x17e>)
 8000484:	6f23      	ldr	r3, [r4, #112]	@ 0x70
 8000486:	6723      	str	r3, [r4, #112]	@ 0x70
 8000488:	6f23      	ldr	r3, [r4, #112]	@ 0x70
 800048a:	f023 03c0 	bic.w	r3, r3, #192	@ 0xc0
 800048e:	6723      	str	r3, [r4, #112]	@ 0x70
 8000490:	6f23      	ldr	r3, [r4, #112]	@ 0x70
 8000492:	f423 3340 	bic.w	r3, r3, #196608	@ 0x30000
 8000496:	6723      	str	r3, [r4, #112]	@ 0x70
 8000498:	6f23      	ldr	r3, [r4, #112]	@ 0x70
 800049a:	f443 7380 	orr.w	r3, r3, #256	@ 0x100
 800049e:	6723      	str	r3, [r4, #112]	@ 0x70
 80004a0:	6f23      	ldr	r3, [r4, #112]	@ 0x70
 80004a2:	f423 7300 	bic.w	r3, r3, #512	@ 0x200
 80004a6:	6723      	str	r3, [r4, #112]	@ 0x70
 80004a8:	6f23      	ldr	r3, [r4, #112]	@ 0x70
 80004aa:	f443 6380 	orr.w	r3, r3, #1024	@ 0x400
 80004ae:	6723      	str	r3, [r4, #112]	@ 0x70
 80004b0:	6f23      	ldr	r3, [r4, #112]	@ 0x70
 80004b2:	f443 6300 	orr.w	r3, r3, #2048	@ 0x800
 80004b6:	6723      	str	r3, [r4, #112]	@ 0x70
 80004b8:	6f23      	ldr	r3, [r4, #112]	@ 0x70
 80004ba:	f443 5300 	orr.w	r3, r3, #8192	@ 0x2000
 80004be:	6723      	str	r3, [r4, #112]	@ 0x70
 80004c0:	f8d4 3084 	ldr.w	r3, [r4, #132]	@ 0x84
 80004c4:	f023 0304 	bic.w	r3, r3, #4
 80004c8:	f8c4 3084 	str.w	r3, [r4, #132]	@ 0x84
 80004cc:	4b3e      	ldr	r3, [pc, #248]	@ (80005c8 <adc1Init+0x182>)
 80004ce:	68d8      	ldr	r0, [r3, #12]
 80004d0:	2200      	movs	r2, #0
 80004d2:	4611      	mov	r1, r2
 80004d4:	f3c0 2002 	ubfx	r0, r0, #8, #3
 80004d8:	f7ff ff92 	bl	8000400 <NVIC_EncodePriority>
 80004dc:	0100      	lsls	r0, r0, #4
 80004de:	b2c0      	uxtb	r0, r0
 80004e0:	4b3a      	ldr	r3, [pc, #232]	@ (80005cc <adc1Init+0x186>)
 80004e2:	f883 0312 	strb.w	r0, [r3, #786]	@ 0x312
 80004e6:	f44f 2280 	mov.w	r2, #262144	@ 0x40000
 80004ea:	601a      	str	r2, [r3, #0]
 80004ec:	f103 43c0 	add.w	r3, r3, #1610612736	@ 0x60000000
 80004f0:	f503 537c 	add.w	r3, r3, #16128	@ 0x3f00
 80004f4:	689a      	ldr	r2, [r3, #8]
 80004f6:	f022 0201 	bic.w	r2, r2, #1
 80004fa:	609a      	str	r2, [r3, #8]
 80004fc:	685a      	ldr	r2, [r3, #4]
 80004fe:	f022 7240 	bic.w	r2, r2, #50331648	@ 0x3000000
 8000502:	605a      	str	r2, [r3, #4]
 8000504:	685a      	ldr	r2, [r3, #4]
 8000506:	f422 7280 	bic.w	r2, r2, #256	@ 0x100
 800050a:	605a      	str	r2, [r3, #4]
 800050c:	689a      	ldr	r2, [r3, #8]
 800050e:	f422 6200 	bic.w	r2, r2, #2048	@ 0x800
 8000512:	609a      	str	r2, [r3, #8]
 8000514:	685a      	ldr	r2, [r3, #4]
 8000516:	f422 6200 	bic.w	r2, r2, #2048	@ 0x800
 800051a:	605a      	str	r2, [r3, #4]
 800051c:	689a      	ldr	r2, [r3, #8]
 800051e:	f022 5240 	bic.w	r2, r2, #805306368	@ 0x30000000
 8000522:	609a      	str	r2, [r3, #8]
 8000524:	689a      	ldr	r2, [r3, #8]
 8000526:	f022 6270 	bic.w	r2, r2, #251658240	@ 0xf000000
 800052a:	609a      	str	r2, [r3, #8]
 800052c:	689a      	ldr	r2, [r3, #8]
 800052e:	f022 0202 	bic.w	r2, r2, #2
 8000532:	609a      	str	r2, [r3, #8]
 8000534:	689a      	ldr	r2, [r3, #8]
 8000536:	f442 7280 	orr.w	r2, r2, #256	@ 0x100
 800053a:	609a      	str	r2, [r3, #8]
 800053c:	689a      	ldr	r2, [r3, #8]
 800053e:	f442 7200 	orr.w	r2, r2, #512	@ 0x200
 8000542:	609a      	str	r2, [r3, #8]
 8000544:	6ada      	ldr	r2, [r3, #44]	@ 0x2c
 8000546:	f422 0270 	bic.w	r2, r2, #15728640	@ 0xf00000
 800054a:	62da      	str	r2, [r3, #44]	@ 0x2c
 800054c:	6ada      	ldr	r2, [r3, #44]	@ 0x2c
 800054e:	f442 1280 	orr.w	r2, r2, #1048576	@ 0x100000
 8000552:	62da      	str	r2, [r3, #44]	@ 0x2c
 8000554:	4a1e      	ldr	r2, [pc, #120]	@ (80005d0 <adc1Init+0x18a>)
 8000556:	6851      	ldr	r1, [r2, #4]
 8000558:	f441 3140 	orr.w	r1, r1, #196608	@ 0x30000
 800055c:	6051      	str	r1, [r2, #4]
 800055e:	6851      	ldr	r1, [r2, #4]
 8000560:	f021 011f 	bic.w	r1, r1, #31
 8000564:	6051      	str	r1, [r2, #4]
 8000566:	6851      	ldr	r1, [r2, #4]
 8000568:	f421 4140 	bic.w	r1, r1, #49152	@ 0xc000
 800056c:	6051      	str	r1, [r2, #4]
 800056e:	6851      	ldr	r1, [r2, #4]
 8000570:	f421 5100 	bic.w	r1, r1, #8192	@ 0x2000
 8000574:	6051      	str	r1, [r2, #4]
 8000576:	6851      	ldr	r1, [r2, #4]
 8000578:	f421 6170 	bic.w	r1, r1, #3840	@ 0xf00
 800057c:	6051      	str	r1, [r2, #4]
 800057e:	6b59      	ldr	r1, [r3, #52]	@ 0x34
 8000580:	f240 124b 	movw	r2, #331	@ 0x14b
 8000584:	430a      	orrs	r2, r1
 8000586:	635a      	str	r2, [r3, #52]	@ 0x34
 8000588:	68da      	ldr	r2, [r3, #12]
 800058a:	f042 023f 	orr.w	r2, r2, #63	@ 0x3f
 800058e:	60da      	str	r2, [r3, #12]
 8000590:	6f22      	ldr	r2, [r4, #112]	@ 0x70
 8000592:	f042 021c 	orr.w	r2, r2, #28
 8000596:	6722      	str	r2, [r4, #112]	@ 0x70
 8000598:	4a0e      	ldr	r2, [pc, #56]	@ (80005d4 <adc1Init+0x18e>)
 800059a:	67a2      	str	r2, [r4, #120]	@ 0x78
 800059c:	4a0e      	ldr	r2, [pc, #56]	@ (80005d8 <adc1Init+0x192>)
 800059e:	67e2      	str	r2, [r4, #124]	@ 0x7c
 80005a0:	2202      	movs	r2, #2
 80005a2:	6762      	str	r2, [r4, #116]	@ 0x74
 80005a4:	6f22      	ldr	r2, [r4, #112]	@ 0x70
 80005a6:	f042 0201 	orr.w	r2, r2, #1
 80005aa:	6722      	str	r2, [r4, #112]	@ 0x70
 80005ac:	6859      	ldr	r1, [r3, #4]
 80005ae:	4a0b      	ldr	r2, [pc, #44]	@ (80005dc <adc1Init+0x196>)
 80005b0:	430a      	orrs	r2, r1
 80005b2:	605a      	str	r2, [r3, #4]
 80005b4:	689a      	ldr	r2, [r3, #8]
 80005b6:	f042 0201 	orr.w	r2, r2, #1
 80005ba:	609a      	str	r2, [r3, #8]
 80005bc:	bd10      	pop	{r4, pc}
 80005be:	bf00      	nop
 80005c0:	40023800 	.word	0x40023800
 80005c4:	40026400 	.word	0x40026400
 80005c8:	e000ed00 	.word	0xe000ed00
 80005cc:	e000e100 	.word	0xe000e100
 80005d0:	40012300 	.word	0x40012300
 80005d4:	4001204c 	.word	0x4001204c
 80005d8:	200001d4 	.word	0x200001d4
 80005dc:	04000020 	.word	0x04000020

080005e0 <adc1Start>:
 80005e0:	4a02      	ldr	r2, [pc, #8]	@ (80005ec <adc1Start+0xc>)
 80005e2:	6893      	ldr	r3, [r2, #8]
 80005e4:	f043 4380 	orr.w	r3, r3, #1073741824	@ 0x40000000
 80005e8:	6093      	str	r3, [r2, #8]
 80005ea:	4770      	bx	lr
 80005ec:	40012000 	.word	0x40012000

080005f0 <ADC_IRQHandler>:
 80005f0:	4b0c      	ldr	r3, [pc, #48]	@ (8000624 <ADC_IRQHandler+0x34>)
 80005f2:	681b      	ldr	r3, [r3, #0]
 80005f4:	f013 0f20 	tst.w	r3, #32
 80005f8:	d010      	beq.n	800061c <ADC_IRQHandler+0x2c>
 80005fa:	4b0b      	ldr	r3, [pc, #44]	@ (8000628 <ADC_IRQHandler+0x38>)
 80005fc:	4a0b      	ldr	r2, [pc, #44]	@ (800062c <ADC_IRQHandler+0x3c>)
 80005fe:	679a      	str	r2, [r3, #120]	@ 0x78
 8000600:	4a0b      	ldr	r2, [pc, #44]	@ (8000630 <ADC_IRQHandler+0x40>)
 8000602:	67da      	str	r2, [r3, #124]	@ 0x7c
 8000604:	2202      	movs	r2, #2
 8000606:	675a      	str	r2, [r3, #116]	@ 0x74
 8000608:	f5a3 33a2 	sub.w	r3, r3, #82944	@ 0x14400
 800060c:	681a      	ldr	r2, [r3, #0]
 800060e:	f042 0220 	orr.w	r2, r2, #32
 8000612:	601a      	str	r2, [r3, #0]
 8000614:	689a      	ldr	r2, [r3, #8]
 8000616:	f042 4280 	orr.w	r2, r2, #1073741824	@ 0x40000000
 800061a:	609a      	str	r2, [r3, #8]
 800061c:	4b01      	ldr	r3, [pc, #4]	@ (8000624 <ADC_IRQHandler+0x34>)
 800061e:	681a      	ldr	r2, [r3, #0]
 8000620:	685b      	ldr	r3, [r3, #4]
 8000622:	4770      	bx	lr
 8000624:	40012000 	.word	0x40012000
 8000628:	40026400 	.word	0x40026400
 800062c:	4001204c 	.word	0x4001204c
 8000630:	200001d4 	.word	0x200001d4

08000634 <DMA2_Stream4_IRQHandler>:
 8000634:	4b0f      	ldr	r3, [pc, #60]	@ (8000674 <DMA2_Stream4_IRQHandler+0x40>)
 8000636:	685b      	ldr	r3, [r3, #4]
 8000638:	f013 0f08 	tst.w	r3, #8
 800063c:	d004      	beq.n	8000648 <DMA2_Stream4_IRQHandler+0x14>
 800063e:	4a0d      	ldr	r2, [pc, #52]	@ (8000674 <DMA2_Stream4_IRQHandler+0x40>)
 8000640:	68d3      	ldr	r3, [r2, #12]
 8000642:	f043 0308 	orr.w	r3, r3, #8
 8000646:	60d3      	str	r3, [r2, #12]
 8000648:	4b0a      	ldr	r3, [pc, #40]	@ (8000674 <DMA2_Stream4_IRQHandler+0x40>)
 800064a:	685b      	ldr	r3, [r3, #4]
 800064c:	f013 0f20 	tst.w	r3, #32
 8000650:	d004      	beq.n	800065c <DMA2_Stream4_IRQHandler+0x28>
 8000652:	4a08      	ldr	r2, [pc, #32]	@ (8000674 <DMA2_Stream4_IRQHandler+0x40>)
 8000654:	68d3      	ldr	r3, [r2, #12]
 8000656:	f043 0320 	orr.w	r3, r3, #32
 800065a:	60d3      	str	r3, [r2, #12]
 800065c:	4b05      	ldr	r3, [pc, #20]	@ (8000674 <DMA2_Stream4_IRQHandler+0x40>)
 800065e:	685b      	ldr	r3, [r3, #4]
 8000660:	f013 0f10 	tst.w	r3, #16
 8000664:	d004      	beq.n	8000670 <DMA2_Stream4_IRQHandler+0x3c>
 8000666:	4a03      	ldr	r2, [pc, #12]	@ (8000674 <DMA2_Stream4_IRQHandler+0x40>)
 8000668:	68d3      	ldr	r3, [r2, #12]
 800066a:	f043 0310 	orr.w	r3, r3, #16
 800066e:	60d3      	str	r3, [r2, #12]
 8000670:	4770      	bx	lr
 8000672:	bf00      	nop
 8000674:	40026400 	.word	0x40026400

08000678 <color>:
 8000678:	b508      	push	{r3, lr}
 800067a:	4602      	mov	r2, r0
 800067c:	4801      	ldr	r0, [pc, #4]	@ (8000684 <color+0xc>)
 800067e:	f004 fa9f 	bl	8004bc0 <iprintf>
 8000682:	bd08      	pop	{r3, pc}
 8000684:	08006aa8 	.word	0x08006aa8

08000688 <colorDefault>:
 8000688:	b508      	push	{r3, lr}
 800068a:	4802      	ldr	r0, [pc, #8]	@ (8000694 <colorDefault+0xc>)
 800068c:	f004 fa98 	bl	8004bc0 <iprintf>
 8000690:	bd08      	pop	{r3, pc}
 8000692:	bf00      	nop
 8000694:	08006ab4 	.word	0x08006ab4

08000698 <drawAutodrone>:
 8000698:	b508      	push	{r3, lr}
 800069a:	2101      	movs	r1, #1
 800069c:	4608      	mov	r0, r1
 800069e:	f7ff ffeb 	bl	8000678 <color>
 80006a2:	482b      	ldr	r0, [pc, #172]	@ (8000750 <drawAutodrone+0xb8>)
 80006a4:	f004 fa8c 	bl	8004bc0 <iprintf>
 80006a8:	2064      	movs	r0, #100	@ 0x64
 80006aa:	f001 fad1 	bl	8001c50 <delay>
 80006ae:	2101      	movs	r1, #1
 80006b0:	2003      	movs	r0, #3
 80006b2:	f7ff ffe1 	bl	8000678 <color>
 80006b6:	4827      	ldr	r0, [pc, #156]	@ (8000754 <drawAutodrone+0xbc>)
 80006b8:	f004 fa82 	bl	8004bc0 <iprintf>
 80006bc:	2064      	movs	r0, #100	@ 0x64
 80006be:	f001 fac7 	bl	8001c50 <delay>
 80006c2:	2101      	movs	r1, #1
 80006c4:	2002      	movs	r0, #2
 80006c6:	f7ff ffd7 	bl	8000678 <color>
 80006ca:	4823      	ldr	r0, [pc, #140]	@ (8000758 <drawAutodrone+0xc0>)
 80006cc:	f004 fa78 	bl	8004bc0 <iprintf>
 80006d0:	2064      	movs	r0, #100	@ 0x64
 80006d2:	f001 fabd 	bl	8001c50 <delay>
 80006d6:	2101      	movs	r1, #1
 80006d8:	2006      	movs	r0, #6
 80006da:	f7ff ffcd 	bl	8000678 <color>
 80006de:	481f      	ldr	r0, [pc, #124]	@ (800075c <drawAutodrone+0xc4>)
 80006e0:	f004 fa6e 	bl	8004bc0 <iprintf>
 80006e4:	2064      	movs	r0, #100	@ 0x64
 80006e6:	f001 fab3 	bl	8001c50 <delay>
 80006ea:	2101      	movs	r1, #1
 80006ec:	2004      	movs	r0, #4
 80006ee:	f7ff ffc3 	bl	8000678 <color>
 80006f2:	481b      	ldr	r0, [pc, #108]	@ (8000760 <drawAutodrone+0xc8>)
 80006f4:	f004 fa64 	bl	8004bc0 <iprintf>
 80006f8:	2064      	movs	r0, #100	@ 0x64
 80006fa:	f001 faa9 	bl	8001c50 <delay>
 80006fe:	2101      	movs	r1, #1
 8000700:	2006      	movs	r0, #6
 8000702:	f7ff ffb9 	bl	8000678 <color>
 8000706:	4817      	ldr	r0, [pc, #92]	@ (8000764 <drawAutodrone+0xcc>)
 8000708:	f004 fa5a 	bl	8004bc0 <iprintf>
 800070c:	2064      	movs	r0, #100	@ 0x64
 800070e:	f001 fa9f 	bl	8001c50 <delay>
 8000712:	2101      	movs	r1, #1
 8000714:	2002      	movs	r0, #2
 8000716:	f7ff ffaf 	bl	8000678 <color>
 800071a:	4813      	ldr	r0, [pc, #76]	@ (8000768 <drawAutodrone+0xd0>)
 800071c:	f004 fa50 	bl	8004bc0 <iprintf>
 8000720:	2064      	movs	r0, #100	@ 0x64
 8000722:	f001 fa95 	bl	8001c50 <delay>
 8000726:	2101      	movs	r1, #1
 8000728:	2003      	movs	r0, #3
 800072a:	f7ff ffa5 	bl	8000678 <color>
 800072e:	480f      	ldr	r0, [pc, #60]	@ (800076c <drawAutodrone+0xd4>)
 8000730:	f004 fa46 	bl	8004bc0 <iprintf>
 8000734:	2064      	movs	r0, #100	@ 0x64
 8000736:	f001 fa8b 	bl	8001c50 <delay>
 800073a:	2101      	movs	r1, #1
 800073c:	4608      	mov	r0, r1
 800073e:	f7ff ff9b 	bl	8000678 <color>
 8000742:	480b      	ldr	r0, [pc, #44]	@ (8000770 <drawAutodrone+0xd8>)
 8000744:	f004 fa3c 	bl	8004bc0 <iprintf>
 8000748:	f7ff ff9e 	bl	8000688 <colorDefault>
 800074c:	bd08      	pop	{r3, pc}
 800074e:	bf00      	nop
 8000750:	08006abc 	.word	0x08006abc
 8000754:	08006b38 	.word	0x08006b38
 8000758:	08006bb4 	.word	0x08006bb4
 800075c:	08006c30 	.word	0x08006c30
 8000760:	08006cac 	.word	0x08006cac
 8000764:	08006d28 	.word	0x08006d28
 8000768:	08006da4 	.word	0x08006da4
 800076c:	08006e20 	.word	0x08006e20
 8000770:	08006e9c 	.word	0x08006e9c

08000774 <NVIC_EncodePriority>:
 8000774:	b500      	push	{lr}
 8000776:	f000 0007 	and.w	r0, r0, #7
 800077a:	f1a0 0c03 	sub.w	ip, r0, #3
 800077e:	f1bc 0f04 	cmp.w	ip, #4
 8000782:	d807      	bhi.n	8000794 <NVIC_EncodePriority+0x20>
 8000784:	f1c0 0e07 	rsb	lr, r0, #7
 8000788:	3004      	adds	r0, #4
 800078a:	2806      	cmp	r0, #6
 800078c:	d806      	bhi.n	800079c <NVIC_EncodePriority+0x28>
 800078e:	f04f 0c00 	mov.w	ip, #0
 8000792:	e003      	b.n	800079c <NVIC_EncodePriority+0x28>
 8000794:	f04f 0e04 	mov.w	lr, #4
 8000798:	f04f 0c00 	mov.w	ip, #0
 800079c:	f04f 33ff 	mov.w	r3, #4294967295	@ 0xffffffff
 80007a0:	fa03 f00e 	lsl.w	r0, r3, lr
 80007a4:	ea21 0100 	bic.w	r1, r1, r0
 80007a8:	fa01 f10c 	lsl.w	r1, r1, ip
 80007ac:	fa03 f30c 	lsl.w	r3, r3, ip
 80007b0:	ea22 0203 	bic.w	r2, r2, r3
 80007b4:	ea41 0002 	orr.w	r0, r1, r2
 80007b8:	bd00      	pop	{pc}

080007ba <dmaInit>:
 80007ba:	b570      	push	{r4, r5, r6, lr}
 80007bc:	4b73      	ldr	r3, [pc, #460]	@ (800098c <dmaInit+0x1d2>)
 80007be:	6b1a      	ldr	r2, [r3, #48]	@ 0x30
 80007c0:	f442 1200 	orr.w	r2, r2, #2097152	@ 0x200000
 80007c4:	631a      	str	r2, [r3, #48]	@ 0x30
 80007c6:	6b1a      	ldr	r2, [r3, #48]	@ 0x30
 80007c8:	f442 0280 	orr.w	r2, r2, #4194304	@ 0x400000
 80007cc:	631a      	str	r2, [r3, #48]	@ 0x30
 80007ce:	4d70      	ldr	r5, [pc, #448]	@ (8000990 <dmaInit+0x1d6>)
 80007d0:	68e8      	ldr	r0, [r5, #12]
 80007d2:	2200      	movs	r2, #0
 80007d4:	4611      	mov	r1, r2
 80007d6:	f3c0 2002 	ubfx	r0, r0, #8, #3
 80007da:	f7ff ffcb 	bl	8000774 <NVIC_EncodePriority>
 80007de:	0100      	lsls	r0, r0, #4
 80007e0:	b2c0      	uxtb	r0, r0
 80007e2:	4c6c      	ldr	r4, [pc, #432]	@ (8000994 <dmaInit+0x1da>)
 80007e4:	f884 030b 	strb.w	r0, [r4, #779]	@ 0x30b
 80007e8:	f44f 6300 	mov.w	r3, #2048	@ 0x800
 80007ec:	6023      	str	r3, [r4, #0]
 80007ee:	68e8      	ldr	r0, [r5, #12]
 80007f0:	2200      	movs	r2, #0
 80007f2:	4611      	mov	r1, r2
 80007f4:	f3c0 2002 	ubfx	r0, r0, #8, #3
 80007f8:	f7ff ffbc 	bl	8000774 <NVIC_EncodePriority>
 80007fc:	0100      	lsls	r0, r0, #4
 80007fe:	b2c0      	uxtb	r0, r0
 8000800:	f884 030c 	strb.w	r0, [r4, #780]	@ 0x30c
 8000804:	f44f 5380 	mov.w	r3, #4096	@ 0x1000
 8000808:	6023      	str	r3, [r4, #0]
 800080a:	68e8      	ldr	r0, [r5, #12]
 800080c:	2200      	movs	r2, #0
 800080e:	4611      	mov	r1, r2
 8000810:	f3c0 2002 	ubfx	r0, r0, #8, #3
 8000814:	f7ff ffae 	bl	8000774 <NVIC_EncodePriority>
 8000818:	0100      	lsls	r0, r0, #4
 800081a:	b2c0      	uxtb	r0, r0
 800081c:	f884 030d 	strb.w	r0, [r4, #781]	@ 0x30d
 8000820:	f44f 5300 	mov.w	r3, #8192	@ 0x2000
 8000824:	6023      	str	r3, [r4, #0]
 8000826:	68e8      	ldr	r0, [r5, #12]
 8000828:	2200      	movs	r2, #0
 800082a:	4611      	mov	r1, r2
 800082c:	f3c0 2002 	ubfx	r0, r0, #8, #3
 8000830:	f7ff ffa0 	bl	8000774 <NVIC_EncodePriority>
 8000834:	0100      	lsls	r0, r0, #4
 8000836:	b2c0      	uxtb	r0, r0
 8000838:	f884 030e 	strb.w	r0, [r4, #782]	@ 0x30e
 800083c:	f44f 4380 	mov.w	r3, #16384	@ 0x4000
 8000840:	6023      	str	r3, [r4, #0]
 8000842:	68e8      	ldr	r0, [r5, #12]
 8000844:	2200      	movs	r2, #0
 8000846:	4611      	mov	r1, r2
 8000848:	f3c0 2002 	ubfx	r0, r0, #8, #3
 800084c:	f7ff ff92 	bl	8000774 <NVIC_EncodePriority>
 8000850:	0100      	lsls	r0, r0, #4
 8000852:	b2c0      	uxtb	r0, r0
 8000854:	f884 030f 	strb.w	r0, [r4, #783]	@ 0x30f
 8000858:	f44f 4600 	mov.w	r6, #32768	@ 0x8000
 800085c:	6026      	str	r6, [r4, #0]
 800085e:	68e8      	ldr	r0, [r5, #12]
 8000860:	2200      	movs	r2, #0
 8000862:	4611      	mov	r1, r2
 8000864:	f3c0 2002 	ubfx	r0, r0, #8, #3
 8000868:	f7ff ff84 	bl	8000774 <NVIC_EncodePriority>
 800086c:	0100      	lsls	r0, r0, #4
 800086e:	b2c0      	uxtb	r0, r0
 8000870:	f884 0310 	strb.w	r0, [r4, #784]	@ 0x310
 8000874:	f44f 3380 	mov.w	r3, #65536	@ 0x10000
 8000878:	6023      	str	r3, [r4, #0]
 800087a:	68e8      	ldr	r0, [r5, #12]
 800087c:	2200      	movs	r2, #0
 800087e:	4611      	mov	r1, r2
 8000880:	f3c0 2002 	ubfx	r0, r0, #8, #3
 8000884:	f7ff ff76 	bl	8000774 <NVIC_EncodePriority>
 8000888:	0100      	lsls	r0, r0, #4
 800088a:	b2c0      	uxtb	r0, r0
 800088c:	f884 0311 	strb.w	r0, [r4, #785]	@ 0x311
 8000890:	f44f 3300 	mov.w	r3, #131072	@ 0x20000
 8000894:	6023      	str	r3, [r4, #0]
 8000896:	68e8      	ldr	r0, [r5, #12]
 8000898:	2200      	movs	r2, #0
 800089a:	4611      	mov	r1, r2
 800089c:	f3c0 2002 	ubfx	r0, r0, #8, #3
 80008a0:	f7ff ff68 	bl	8000774 <NVIC_EncodePriority>
 80008a4:	0100      	lsls	r0, r0, #4
 80008a6:	b2c0      	uxtb	r0, r0
 80008a8:	f884 032f 	strb.w	r0, [r4, #815]	@ 0x32f
 80008ac:	6066      	str	r6, [r4, #4]
 80008ae:	68e8      	ldr	r0, [r5, #12]
 80008b0:	2200      	movs	r2, #0
 80008b2:	4611      	mov	r1, r2
 80008b4:	f3c0 2002 	ubfx	r0, r0, #8, #3
 80008b8:	f7ff ff5c 	bl	8000774 <NVIC_EncodePriority>
 80008bc:	0100      	lsls	r0, r0, #4
 80008be:	b2c0      	uxtb	r0, r0
 80008c0:	f884 0338 	strb.w	r0, [r4, #824]	@ 0x338
 80008c4:	f04f 7380 	mov.w	r3, #16777216	@ 0x1000000
 80008c8:	6063      	str	r3, [r4, #4]
 80008ca:	68e8      	ldr	r0, [r5, #12]
 80008cc:	2200      	movs	r2, #0
 80008ce:	4611      	mov	r1, r2
 80008d0:	f3c0 2002 	ubfx	r0, r0, #8, #3
 80008d4:	f7ff ff4e 	bl	8000774 <NVIC_EncodePriority>
 80008d8:	0100      	lsls	r0, r0, #4
 80008da:	b2c0      	uxtb	r0, r0
 80008dc:	f884 0339 	strb.w	r0, [r4, #825]	@ 0x339
 80008e0:	f04f 7300 	mov.w	r3, #33554432	@ 0x2000000
 80008e4:	6063      	str	r3, [r4, #4]
 80008e6:	68e8      	ldr	r0, [r5, #12]
 80008e8:	2200      	movs	r2, #0
 80008ea:	4611      	mov	r1, r2
 80008ec:	f3c0 2002 	ubfx	r0, r0, #8, #3
 80008f0:	f7ff ff40 	bl	8000774 <NVIC_EncodePriority>
 80008f4:	0100      	lsls	r0, r0, #4
 80008f6:	b2c0      	uxtb	r0, r0
 80008f8:	f884 033a 	strb.w	r0, [r4, #826]	@ 0x33a
 80008fc:	f04f 6380 	mov.w	r3, #67108864	@ 0x4000000
 8000900:	6063      	str	r3, [r4, #4]
 8000902:	68e8      	ldr	r0, [r5, #12]
 8000904:	2200      	movs	r2, #0
 8000906:	4611      	mov	r1, r2
 8000908:	f3c0 2002 	ubfx	r0, r0, #8, #3
 800090c:	f7ff ff32 	bl	8000774 <NVIC_EncodePriority>
 8000910:	0100      	lsls	r0, r0, #4
 8000912:	b2c0      	uxtb	r0, r0
 8000914:	f884 033b 	strb.w	r0, [r4, #827]	@ 0x33b
 8000918:	f04f 6300 	mov.w	r3, #134217728	@ 0x8000000
 800091c:	6063      	str	r3, [r4, #4]
 800091e:	68e8      	ldr	r0, [r5, #12]
 8000920:	2200      	movs	r2, #0
 8000922:	4611      	mov	r1, r2
 8000924:	f3c0 2002 	ubfx	r0, r0, #8, #3
 8000928:	f7ff ff24 	bl	8000774 <NVIC_EncodePriority>
 800092c:	0100      	lsls	r0, r0, #4
 800092e:	b2c0      	uxtb	r0, r0
 8000930:	f884 033c 	strb.w	r0, [r4, #828]	@ 0x33c
 8000934:	f04f 5380 	mov.w	r3, #268435456	@ 0x10000000
 8000938:	6063      	str	r3, [r4, #4]
 800093a:	68e8      	ldr	r0, [r5, #12]
 800093c:	2200      	movs	r2, #0
 800093e:	4611      	mov	r1, r2
 8000940:	f3c0 2002 	ubfx	r0, r0, #8, #3
 8000944:	f7ff ff16 	bl	8000774 <NVIC_EncodePriority>
 8000948:	0100      	lsls	r0, r0, #4
 800094a:	b2c0      	uxtb	r0, r0
 800094c:	f884 0344 	strb.w	r0, [r4, #836]	@ 0x344
 8000950:	2310      	movs	r3, #16
 8000952:	60a3      	str	r3, [r4, #8]
 8000954:	68e8      	ldr	r0, [r5, #12]
 8000956:	2200      	movs	r2, #0
 8000958:	4611      	mov	r1, r2
 800095a:	f3c0 2002 	ubfx	r0, r0, #8, #3
 800095e:	f7ff ff09 	bl	8000774 <NVIC_EncodePriority>
 8000962:	0100      	lsls	r0, r0, #4
 8000964:	b2c0      	uxtb	r0, r0
 8000966:	f884 0345 	strb.w	r0, [r4, #837]	@ 0x345
 800096a:	2320      	movs	r3, #32
 800096c:	60a3      	str	r3, [r4, #8]
 800096e:	68e8      	ldr	r0, [r5, #12]
 8000970:	2200      	movs	r2, #0
 8000972:	4611      	mov	r1, r2
 8000974:	f3c0 2002 	ubfx	r0, r0, #8, #3
 8000978:	f7ff fefc 	bl	8000774 <NVIC_EncodePriority>
 800097c:	0100      	lsls	r0, r0, #4
 800097e:	b2c0      	uxtb	r0, r0
 8000980:	f884 0346 	strb.w	r0, [r4, #838]	@ 0x346
 8000984:	2340      	movs	r3, #64	@ 0x40
 8000986:	60a3      	str	r3, [r4, #8]
 8000988:	bd70      	pop	{r4, r5, r6, pc}
 800098a:	bf00      	nop
 800098c:	40023800 	.word	0x40023800
 8000990:	e000ed00 	.word	0xe000ed00
 8000994:	e000e100 	.word	0xe000e100

08000998 <dshot_choose_type>:
 8000998:	2801      	cmp	r0, #1
 800099a:	d003      	beq.n	80009a4 <dshot_choose_type+0xc>
 800099c:	2802      	cmp	r0, #2
 800099e:	d103      	bne.n	80009a8 <dshot_choose_type+0x10>
 80009a0:	4802      	ldr	r0, [pc, #8]	@ (80009ac <dshot_choose_type+0x14>)
 80009a2:	4770      	bx	lr
 80009a4:	4802      	ldr	r0, [pc, #8]	@ (80009b0 <dshot_choose_type+0x18>)
 80009a6:	4770      	bx	lr
 80009a8:	4802      	ldr	r0, [pc, #8]	@ (80009b4 <dshot_choose_type+0x1c>)
 80009aa:	4770      	bx	lr
 80009ac:	066ff300 	.word	0x066ff300
 80009b0:	0337f980 	.word	0x0337f980
 80009b4:	019bfcc0 	.word	0x019bfcc0

080009b8 <dshot_prepare_packet>:
 80009b8:	4b09      	ldr	r3, [pc, #36]	@ (80009e0 <dshot_prepare_packet+0x28>)
 80009ba:	781a      	ldrb	r2, [r3, #0]
 80009bc:	ea42 0240 	orr.w	r2, r2, r0, lsl #1
 80009c0:	b292      	uxth	r2, r2
 80009c2:	4611      	mov	r1, r2
 80009c4:	2300      	movs	r3, #0
 80009c6:	4618      	mov	r0, r3
 80009c8:	e002      	b.n	80009d0 <dshot_prepare_packet+0x18>
 80009ca:	4048      	eors	r0, r1
 80009cc:	0909      	lsrs	r1, r1, #4
 80009ce:	3301      	adds	r3, #1
 80009d0:	2b02      	cmp	r3, #2
 80009d2:	ddfa      	ble.n	80009ca <dshot_prepare_packet+0x12>
 80009d4:	0112      	lsls	r2, r2, #4
 80009d6:	b292      	uxth	r2, r2
 80009d8:	f000 000f 	and.w	r0, r0, #15
 80009dc:	4310      	orrs	r0, r2
 80009de:	4770      	bx	lr
 80009e0:	200001d8 	.word	0x200001d8

080009e4 <dshot_prepare_dmabuffer>:
 80009e4:	b510      	push	{r4, lr}
 80009e6:	4604      	mov	r4, r0
 80009e8:	4608      	mov	r0, r1
 80009ea:	f7ff ffe5 	bl	80009b8 <dshot_prepare_packet>
 80009ee:	2300      	movs	r3, #0
 80009f0:	e005      	b.n	80009fe <dshot_prepare_dmabuffer+0x1a>
 80009f2:	2278      	movs	r2, #120	@ 0x78
 80009f4:	f844 2023 	str.w	r2, [r4, r3, lsl #2]
 80009f8:	0040      	lsls	r0, r0, #1
 80009fa:	b280      	uxth	r0, r0
 80009fc:	3301      	adds	r3, #1
 80009fe:	2b0f      	cmp	r3, #15
 8000a00:	dc04      	bgt.n	8000a0c <dshot_prepare_dmabuffer+0x28>
 8000a02:	f410 4f00 	tst.w	r0, #32768	@ 0x8000
 8000a06:	d1f4      	bne.n	80009f2 <dshot_prepare_dmabuffer+0xe>
 8000a08:	223c      	movs	r2, #60	@ 0x3c
 8000a0a:	e7f3      	b.n	80009f4 <dshot_prepare_dmabuffer+0x10>
 8000a0c:	2300      	movs	r3, #0
 8000a0e:	6423      	str	r3, [r4, #64]	@ 0x40
 8000a10:	6463      	str	r3, [r4, #68]	@ 0x44
 8000a12:	bd10      	pop	{r4, pc}

08000a14 <dshot_prepare_dmabuffer_all>:
 8000a14:	b538      	push	{r3, r4, r5, lr}
 8000a16:	4604      	mov	r4, r0
 8000a18:	4d0a      	ldr	r5, [pc, #40]	@ (8000a44 <dshot_prepare_dmabuffer_all+0x30>)
 8000a1a:	8801      	ldrh	r1, [r0, #0]
 8000a1c:	1d28      	adds	r0, r5, #4
 8000a1e:	f7ff ffe1 	bl	80009e4 <dshot_prepare_dmabuffer>
 8000a22:	8861      	ldrh	r1, [r4, #2]
 8000a24:	f105 004c 	add.w	r0, r5, #76	@ 0x4c
 8000a28:	f7ff ffdc 	bl	80009e4 <dshot_prepare_dmabuffer>
 8000a2c:	88a1      	ldrh	r1, [r4, #4]
 8000a2e:	f105 0094 	add.w	r0, r5, #148	@ 0x94
 8000a32:	f7ff ffd7 	bl	80009e4 <dshot_prepare_dmabuffer>
 8000a36:	88e1      	ldrh	r1, [r4, #6]
 8000a38:	f105 00dc 	add.w	r0, r5, #220	@ 0xdc
 8000a3c:	f7ff ffd2 	bl	80009e4 <dshot_prepare_dmabuffer>
 8000a40:	bd38      	pop	{r3, r4, r5, pc}
 8000a42:	bf00      	nop
 8000a44:	200001d8 	.word	0x200001d8

08000a48 <dshot_dma_start>:
 8000a48:	4b09      	ldr	r3, [pc, #36]	@ (8000a70 <dshot_dma_start+0x28>)
 8000a4a:	2200      	movs	r2, #0
 8000a4c:	625a      	str	r2, [r3, #36]	@ 0x24
 8000a4e:	68da      	ldr	r2, [r3, #12]
 8000a50:	f442 7200 	orr.w	r2, r2, #512	@ 0x200
 8000a54:	60da      	str	r2, [r3, #12]
 8000a56:	68da      	ldr	r2, [r3, #12]
 8000a58:	f442 6280 	orr.w	r2, r2, #1024	@ 0x400
 8000a5c:	60da      	str	r2, [r3, #12]
 8000a5e:	68da      	ldr	r2, [r3, #12]
 8000a60:	f442 6200 	orr.w	r2, r2, #2048	@ 0x800
 8000a64:	60da      	str	r2, [r3, #12]
 8000a66:	68da      	ldr	r2, [r3, #12]
 8000a68:	f442 5280 	orr.w	r2, r2, #4096	@ 0x1000
 8000a6c:	60da      	str	r2, [r3, #12]
 8000a6e:	4770      	bx	lr
 8000a70:	40000400 	.word	0x40000400

08000a74 <dshot_enable_dma_request>:
 8000a74:	4b0a      	ldr	r3, [pc, #40]	@ (8000aa0 <dshot_enable_dma_request+0x2c>)
 8000a76:	6f1a      	ldr	r2, [r3, #112]	@ 0x70
 8000a78:	f042 0201 	orr.w	r2, r2, #1
 8000a7c:	671a      	str	r2, [r3, #112]	@ 0x70
 8000a7e:	f8d3 2088 	ldr.w	r2, [r3, #136]	@ 0x88
 8000a82:	f042 0201 	orr.w	r2, r2, #1
 8000a86:	f8c3 2088 	str.w	r2, [r3, #136]	@ 0x88
 8000a8a:	f8d3 20b8 	ldr.w	r2, [r3, #184]	@ 0xb8
 8000a8e:	f042 0201 	orr.w	r2, r2, #1
 8000a92:	f8c3 20b8 	str.w	r2, [r3, #184]	@ 0xb8
 8000a96:	6c1a      	ldr	r2, [r3, #64]	@ 0x40
 8000a98:	f042 0201 	orr.w	r2, r2, #1
 8000a9c:	641a      	str	r2, [r3, #64]	@ 0x40
 8000a9e:	4770      	bx	lr
 8000aa0:	40026000 	.word	0x40026000

08000aa4 <dshotInit>:
 8000aa4:	b538      	push	{r3, r4, r5, lr}
 8000aa6:	4605      	mov	r5, r0
 8000aa8:	48b2      	ldr	r0, [pc, #712]	@ (8000d74 <dshotInit+0x2d0>)
 8000aaa:	f004 f8f1 	bl	8004c90 <puts>
 8000aae:	4cb2      	ldr	r4, [pc, #712]	@ (8000d78 <dshotInit+0x2d4>)
 8000ab0:	6b23      	ldr	r3, [r4, #48]	@ 0x30
 8000ab2:	f043 0302 	orr.w	r3, r3, #2
 8000ab6:	6323      	str	r3, [r4, #48]	@ 0x30
 8000ab8:	4bb0      	ldr	r3, [pc, #704]	@ (8000d7c <dshotInit+0x2d8>)
 8000aba:	681a      	ldr	r2, [r3, #0]
 8000abc:	601a      	str	r2, [r3, #0]
 8000abe:	681a      	ldr	r2, [r3, #0]
 8000ac0:	f640 210a 	movw	r1, #2570	@ 0xa0a
 8000ac4:	430a      	orrs	r2, r1
 8000ac6:	601a      	str	r2, [r3, #0]
 8000ac8:	6898      	ldr	r0, [r3, #8]
 8000aca:	f640 720f 	movw	r2, #3855	@ 0xf0f
 8000ace:	4302      	orrs	r2, r0
 8000ad0:	609a      	str	r2, [r3, #8]
 8000ad2:	685a      	ldr	r2, [r3, #4]
 8000ad4:	605a      	str	r2, [r3, #4]
 8000ad6:	68da      	ldr	r2, [r3, #12]
 8000ad8:	430a      	orrs	r2, r1
 8000ada:	60da      	str	r2, [r3, #12]
 8000adc:	6a1a      	ldr	r2, [r3, #32]
 8000ade:	621a      	str	r2, [r3, #32]
 8000ae0:	6a1a      	ldr	r2, [r3, #32]
 8000ae2:	f042 1222 	orr.w	r2, r2, #2228258	@ 0x220022
 8000ae6:	621a      	str	r2, [r3, #32]
 8000ae8:	4628      	mov	r0, r5
 8000aea:	f7ff ff55 	bl	8000998 <dshot_choose_type>
 8000aee:	ee07 0a10 	vmov	s14, r0
 8000af2:	eeb8 7a47 	vcvt.f32.u32	s14, s14
 8000af6:	eddf 6aa2 	vldr	s13, [pc, #648]	@ 8000d80 <dshotInit+0x2dc>
 8000afa:	eec6 7a87 	vdiv.f32	s15, s13, s14
 8000afe:	ed9f 7aa1 	vldr	s14, [pc, #644]	@ 8000d84 <dshotInit+0x2e0>
 8000b02:	ee77 7a87 	vadd.f32	s15, s15, s14
 8000b06:	eefc 7ae7 	vcvt.u32.f32	s15, s15
 8000b0a:	ee17 3a90 	vmov	r3, s15
 8000b0e:	b29a      	uxth	r2, r3
 8000b10:	3a01      	subs	r2, #1
 8000b12:	b292      	uxth	r2, r2
 8000b14:	6c23      	ldr	r3, [r4, #64]	@ 0x40
 8000b16:	f043 0302 	orr.w	r3, r3, #2
 8000b1a:	6423      	str	r3, [r4, #64]	@ 0x40
 8000b1c:	4b9a      	ldr	r3, [pc, #616]	@ (8000d88 <dshotInit+0x2e4>)
 8000b1e:	6819      	ldr	r1, [r3, #0]
 8000b20:	f021 0101 	bic.w	r1, r1, #1
 8000b24:	6019      	str	r1, [r3, #0]
 8000b26:	629a      	str	r2, [r3, #40]	@ 0x28
 8000b28:	22b4      	movs	r2, #180	@ 0xb4
 8000b2a:	62da      	str	r2, [r3, #44]	@ 0x2c
 8000b2c:	681a      	ldr	r2, [r3, #0]
 8000b2e:	f422 7240 	bic.w	r2, r2, #768	@ 0x300
 8000b32:	601a      	str	r2, [r3, #0]
 8000b34:	681a      	ldr	r2, [r3, #0]
 8000b36:	f022 0210 	bic.w	r2, r2, #16
 8000b3a:	601a      	str	r2, [r3, #0]
 8000b3c:	6a1a      	ldr	r2, [r3, #32]
 8000b3e:	f022 0201 	bic.w	r2, r2, #1
 8000b42:	621a      	str	r2, [r3, #32]
 8000b44:	699a      	ldr	r2, [r3, #24]
 8000b46:	f042 0260 	orr.w	r2, r2, #96	@ 0x60
 8000b4a:	619a      	str	r2, [r3, #24]
 8000b4c:	6a1a      	ldr	r2, [r3, #32]
 8000b4e:	f022 0202 	bic.w	r2, r2, #2
 8000b52:	621a      	str	r2, [r3, #32]
 8000b54:	2200      	movs	r2, #0
 8000b56:	635a      	str	r2, [r3, #52]	@ 0x34
 8000b58:	6a19      	ldr	r1, [r3, #32]
 8000b5a:	f041 0101 	orr.w	r1, r1, #1
 8000b5e:	6219      	str	r1, [r3, #32]
 8000b60:	6a19      	ldr	r1, [r3, #32]
 8000b62:	f021 0110 	bic.w	r1, r1, #16
 8000b66:	6219      	str	r1, [r3, #32]
 8000b68:	6999      	ldr	r1, [r3, #24]
 8000b6a:	f441 41c0 	orr.w	r1, r1, #24576	@ 0x6000
 8000b6e:	6199      	str	r1, [r3, #24]
 8000b70:	6a19      	ldr	r1, [r3, #32]
 8000b72:	f021 0120 	bic.w	r1, r1, #32
 8000b76:	6219      	str	r1, [r3, #32]
 8000b78:	639a      	str	r2, [r3, #56]	@ 0x38
 8000b7a:	6a19      	ldr	r1, [r3, #32]
 8000b7c:	f041 0110 	orr.w	r1, r1, #16
 8000b80:	6219      	str	r1, [r3, #32]
 8000b82:	6a19      	ldr	r1, [r3, #32]
 8000b84:	f421 7180 	bic.w	r1, r1, #256	@ 0x100
 8000b88:	6219      	str	r1, [r3, #32]
 8000b8a:	69d9      	ldr	r1, [r3, #28]
 8000b8c:	f041 0160 	orr.w	r1, r1, #96	@ 0x60
 8000b90:	61d9      	str	r1, [r3, #28]
 8000b92:	6a19      	ldr	r1, [r3, #32]
 8000b94:	f421 7100 	bic.w	r1, r1, #512	@ 0x200
 8000b98:	6219      	str	r1, [r3, #32]
 8000b9a:	63da      	str	r2, [r3, #60]	@ 0x3c
 8000b9c:	6a19      	ldr	r1, [r3, #32]
 8000b9e:	f441 7180 	orr.w	r1, r1, #256	@ 0x100
 8000ba2:	6219      	str	r1, [r3, #32]
 8000ba4:	6a19      	ldr	r1, [r3, #32]
 8000ba6:	f421 5180 	bic.w	r1, r1, #4096	@ 0x1000
 8000baa:	6219      	str	r1, [r3, #32]
 8000bac:	69d9      	ldr	r1, [r3, #28]
 8000bae:	f441 41c0 	orr.w	r1, r1, #24576	@ 0x6000
 8000bb2:	61d9      	str	r1, [r3, #28]
 8000bb4:	6a19      	ldr	r1, [r3, #32]
 8000bb6:	f421 5100 	bic.w	r1, r1, #8192	@ 0x2000
 8000bba:	6219      	str	r1, [r3, #32]
 8000bbc:	641a      	str	r2, [r3, #64]	@ 0x40
 8000bbe:	6a1a      	ldr	r2, [r3, #32]
 8000bc0:	f442 5280 	orr.w	r2, r2, #4096	@ 0x1000
 8000bc4:	621a      	str	r2, [r3, #32]
 8000bc6:	699a      	ldr	r2, [r3, #24]
 8000bc8:	f042 0208 	orr.w	r2, r2, #8
 8000bcc:	619a      	str	r2, [r3, #24]
 8000bce:	699a      	ldr	r2, [r3, #24]
 8000bd0:	f442 6200 	orr.w	r2, r2, #2048	@ 0x800
 8000bd4:	619a      	str	r2, [r3, #24]
 8000bd6:	69da      	ldr	r2, [r3, #28]
 8000bd8:	f042 0208 	orr.w	r2, r2, #8
 8000bdc:	61da      	str	r2, [r3, #28]
 8000bde:	69da      	ldr	r2, [r3, #28]
 8000be0:	f442 6200 	orr.w	r2, r2, #2048	@ 0x800
 8000be4:	61da      	str	r2, [r3, #28]
 8000be6:	681a      	ldr	r2, [r3, #0]
 8000be8:	f042 0280 	orr.w	r2, r2, #128	@ 0x80
 8000bec:	601a      	str	r2, [r3, #0]
 8000bee:	681a      	ldr	r2, [r3, #0]
 8000bf0:	f042 0201 	orr.w	r2, r2, #1
 8000bf4:	601a      	str	r2, [r3, #0]
 8000bf6:	4a65      	ldr	r2, [pc, #404]	@ (8000d8c <dshotInit+0x2e8>)
 8000bf8:	6f13      	ldr	r3, [r2, #112]	@ 0x70
 8000bfa:	f023 0301 	bic.w	r3, r3, #1
 8000bfe:	6713      	str	r3, [r2, #112]	@ 0x70
 8000c00:	4b62      	ldr	r3, [pc, #392]	@ (8000d8c <dshotInit+0x2e8>)
 8000c02:	6f1b      	ldr	r3, [r3, #112]	@ 0x70
 8000c04:	f013 0f01 	tst.w	r3, #1
 8000c08:	d1fa      	bne.n	8000c00 <dshotInit+0x15c>
 8000c0a:	4b60      	ldr	r3, [pc, #384]	@ (8000d8c <dshotInit+0x2e8>)
 8000c0c:	2200      	movs	r2, #0
 8000c0e:	671a      	str	r2, [r3, #112]	@ 0x70
 8000c10:	675a      	str	r2, [r3, #116]	@ 0x74
 8000c12:	679a      	str	r2, [r3, #120]	@ 0x78
 8000c14:	67da      	str	r2, [r3, #124]	@ 0x7c
 8000c16:	f8c3 2080 	str.w	r2, [r3, #128]	@ 0x80
 8000c1a:	2221      	movs	r2, #33	@ 0x21
 8000c1c:	f8c3 2084 	str.w	r2, [r3, #132]	@ 0x84
 8000c20:	6f1a      	ldr	r2, [r3, #112]	@ 0x70
 8000c22:	f022 52f0 	bic.w	r2, r2, #503316480	@ 0x1e000000
 8000c26:	671a      	str	r2, [r3, #112]	@ 0x70
 8000c28:	689a      	ldr	r2, [r3, #8]
 8000c2a:	f442 127c 	orr.w	r2, r2, #4128768	@ 0x3f0000
 8000c2e:	609a      	str	r2, [r3, #8]
 8000c30:	f8d3 2088 	ldr.w	r2, [r3, #136]	@ 0x88
 8000c34:	f022 0201 	bic.w	r2, r2, #1
 8000c38:	f8c3 2088 	str.w	r2, [r3, #136]	@ 0x88
 8000c3c:	4b53      	ldr	r3, [pc, #332]	@ (8000d8c <dshotInit+0x2e8>)
 8000c3e:	f8d3 3088 	ldr.w	r3, [r3, #136]	@ 0x88
 8000c42:	f013 0f01 	tst.w	r3, #1
 8000c46:	d1f9      	bne.n	8000c3c <dshotInit+0x198>
 8000c48:	4b50      	ldr	r3, [pc, #320]	@ (8000d8c <dshotInit+0x2e8>)
 8000c4a:	2200      	movs	r2, #0
 8000c4c:	f8c3 2088 	str.w	r2, [r3, #136]	@ 0x88
 8000c50:	f8c3 208c 	str.w	r2, [r3, #140]	@ 0x8c
 8000c54:	f8c3 2090 	str.w	r2, [r3, #144]	@ 0x90
 8000c58:	f8c3 2094 	str.w	r2, [r3, #148]	@ 0x94
 8000c5c:	f8c3 2098 	str.w	r2, [r3, #152]	@ 0x98
 8000c60:	2221      	movs	r2, #33	@ 0x21
 8000c62:	f8c3 209c 	str.w	r2, [r3, #156]	@ 0x9c
 8000c66:	f8d3 2088 	ldr.w	r2, [r3, #136]	@ 0x88
 8000c6a:	f022 52f0 	bic.w	r2, r2, #503316480	@ 0x1e000000
 8000c6e:	f8c3 2088 	str.w	r2, [r3, #136]	@ 0x88
 8000c72:	68da      	ldr	r2, [r3, #12]
 8000c74:	f042 023f 	orr.w	r2, r2, #63	@ 0x3f
 8000c78:	60da      	str	r2, [r3, #12]
 8000c7a:	f8d3 20b8 	ldr.w	r2, [r3, #184]	@ 0xb8
 8000c7e:	f022 0201 	bic.w	r2, r2, #1
 8000c82:	f8c3 20b8 	str.w	r2, [r3, #184]	@ 0xb8
 8000c86:	4b41      	ldr	r3, [pc, #260]	@ (8000d8c <dshotInit+0x2e8>)
 8000c88:	f8d3 30b8 	ldr.w	r3, [r3, #184]	@ 0xb8
 8000c8c:	f013 0f01 	tst.w	r3, #1
 8000c90:	d1f9      	bne.n	8000c86 <dshotInit+0x1e2>
 8000c92:	4b3e      	ldr	r3, [pc, #248]	@ (8000d8c <dshotInit+0x2e8>)
 8000c94:	2200      	movs	r2, #0
 8000c96:	f8c3 20b8 	str.w	r2, [r3, #184]	@ 0xb8
 8000c9a:	f8c3 20bc 	str.w	r2, [r3, #188]	@ 0xbc
 8000c9e:	f8c3 20c0 	str.w	r2, [r3, #192]	@ 0xc0
 8000ca2:	f8c3 20c4 	str.w	r2, [r3, #196]	@ 0xc4
 8000ca6:	f8c3 20c8 	str.w	r2, [r3, #200]	@ 0xc8
 8000caa:	2221      	movs	r2, #33	@ 0x21
 8000cac:	f8c3 20cc 	str.w	r2, [r3, #204]	@ 0xcc
 8000cb0:	f8d3 20b8 	ldr.w	r2, [r3, #184]	@ 0xb8
 8000cb4:	f022 52f0 	bic.w	r2, r2, #503316480	@ 0x1e000000
 8000cb8:	f8c3 20b8 	str.w	r2, [r3, #184]	@ 0xb8
 8000cbc:	689a      	ldr	r2, [r3, #8]
 8000cbe:	f042 023f 	orr.w	r2, r2, #63	@ 0x3f
 8000cc2:	609a      	str	r2, [r3, #8]
 8000cc4:	6c1a      	ldr	r2, [r3, #64]	@ 0x40
 8000cc6:	f022 0201 	bic.w	r2, r2, #1
 8000cca:	641a      	str	r2, [r3, #64]	@ 0x40
 8000ccc:	4b2f      	ldr	r3, [pc, #188]	@ (8000d8c <dshotInit+0x2e8>)
 8000cce:	6c1b      	ldr	r3, [r3, #64]	@ 0x40
 8000cd0:	f013 0f01 	tst.w	r3, #1
 8000cd4:	d1fa      	bne.n	8000ccc <dshotInit+0x228>
 8000cd6:	4b2d      	ldr	r3, [pc, #180]	@ (8000d8c <dshotInit+0x2e8>)
 8000cd8:	2200      	movs	r2, #0
 8000cda:	641a      	str	r2, [r3, #64]	@ 0x40
 8000cdc:	645a      	str	r2, [r3, #68]	@ 0x44
 8000cde:	649a      	str	r2, [r3, #72]	@ 0x48
 8000ce0:	64da      	str	r2, [r3, #76]	@ 0x4c
 8000ce2:	651a      	str	r2, [r3, #80]	@ 0x50
 8000ce4:	2221      	movs	r2, #33	@ 0x21
 8000ce6:	655a      	str	r2, [r3, #84]	@ 0x54
 8000ce8:	6c1a      	ldr	r2, [r3, #64]	@ 0x40
 8000cea:	f022 52f0 	bic.w	r2, r2, #503316480	@ 0x1e000000
 8000cee:	641a      	str	r2, [r3, #64]	@ 0x40
 8000cf0:	689a      	ldr	r2, [r3, #8]
 8000cf2:	f042 6274 	orr.w	r2, r2, #255852544	@ 0xf400000
 8000cf6:	609a      	str	r2, [r3, #8]
 8000cf8:	6f1a      	ldr	r2, [r3, #112]	@ 0x70
 8000cfa:	f042 6220 	orr.w	r2, r2, #167772160	@ 0xa000000
 8000cfe:	671a      	str	r2, [r3, #112]	@ 0x70
 8000d00:	4a23      	ldr	r2, [pc, #140]	@ (8000d90 <dshotInit+0x2ec>)
 8000d02:	1d11      	adds	r1, r2, #4
 8000d04:	67d9      	str	r1, [r3, #124]	@ 0x7c
 8000d06:	6f19      	ldr	r1, [r3, #112]	@ 0x70
 8000d08:	f041 0140 	orr.w	r1, r1, #64	@ 0x40
 8000d0c:	6719      	str	r1, [r3, #112]	@ 0x70
 8000d0e:	f8d3 1084 	ldr.w	r1, [r3, #132]	@ 0x84
 8000d12:	f041 0104 	orr.w	r1, r1, #4
 8000d16:	f8c3 1084 	str.w	r1, [r3, #132]	@ 0x84
 8000d1a:	f8d3 1084 	ldr.w	r1, [r3, #132]	@ 0x84
 8000d1e:	f021 0103 	bic.w	r1, r1, #3
 8000d22:	f8c3 1084 	str.w	r1, [r3, #132]	@ 0x84
 8000d26:	6f19      	ldr	r1, [r3, #112]	@ 0x70
 8000d28:	f021 71c0 	bic.w	r1, r1, #25165824	@ 0x1800000
 8000d2c:	6719      	str	r1, [r3, #112]	@ 0x70
 8000d2e:	6f19      	ldr	r1, [r3, #112]	@ 0x70
 8000d30:	f421 01c0 	bic.w	r1, r1, #6291456	@ 0x600000
 8000d34:	6719      	str	r1, [r3, #112]	@ 0x70
 8000d36:	4917      	ldr	r1, [pc, #92]	@ (8000d94 <dshotInit+0x2f0>)
 8000d38:	6799      	str	r1, [r3, #120]	@ 0x78
 8000d3a:	2112      	movs	r1, #18
 8000d3c:	6759      	str	r1, [r3, #116]	@ 0x74
 8000d3e:	6f18      	ldr	r0, [r3, #112]	@ 0x70
 8000d40:	f420 7000 	bic.w	r0, r0, #512	@ 0x200
 8000d44:	6718      	str	r0, [r3, #112]	@ 0x70
 8000d46:	6f18      	ldr	r0, [r3, #112]	@ 0x70
 8000d48:	f440 6080 	orr.w	r0, r0, #1024	@ 0x400
 8000d4c:	6718      	str	r0, [r3, #112]	@ 0x70
 8000d4e:	6f18      	ldr	r0, [r3, #112]	@ 0x70
 8000d50:	f440 4080 	orr.w	r0, r0, #16384	@ 0x4000
 8000d54:	6718      	str	r0, [r3, #112]	@ 0x70
 8000d56:	6f18      	ldr	r0, [r3, #112]	@ 0x70
 8000d58:	f440 5080 	orr.w	r0, r0, #4096	@ 0x1000
 8000d5c:	6718      	str	r0, [r3, #112]	@ 0x70
 8000d5e:	6f18      	ldr	r0, [r3, #112]	@ 0x70
 8000d60:	f420 7080 	bic.w	r0, r0, #256	@ 0x100
 8000d64:	6718      	str	r0, [r3, #112]	@ 0x70
 8000d66:	6f18      	ldr	r0, [r3, #112]	@ 0x70
 8000d68:	f440 3080 	orr.w	r0, r0, #65536	@ 0x10000
 8000d6c:	6718      	str	r0, [r3, #112]	@ 0x70
 8000d6e:	6f18      	ldr	r0, [r3, #112]	@ 0x70
 8000d70:	e012      	b.n	8000d98 <dshotInit+0x2f4>
 8000d72:	bf00      	nop
 8000d74:	08006f18 	.word	0x08006f18
 8000d78:	40023800 	.word	0x40023800
 8000d7c:	40020400 	.word	0x40020400
 8000d80:	4ccdfe60 	.word	0x4ccdfe60
 8000d84:	3c23d70a 	.word	0x3c23d70a
 8000d88:	40000400 	.word	0x40000400
 8000d8c:	40026000 	.word	0x40026000
 8000d90:	200001d8 	.word	0x200001d8
 8000d94:	40000434 	.word	0x40000434
 8000d98:	f040 0010 	orr.w	r0, r0, #16
 8000d9c:	6718      	str	r0, [r3, #112]	@ 0x70
 8000d9e:	f8d3 0088 	ldr.w	r0, [r3, #136]	@ 0x88
 8000da2:	f040 6020 	orr.w	r0, r0, #167772160	@ 0xa000000
 8000da6:	f8c3 0088 	str.w	r0, [r3, #136]	@ 0x88
 8000daa:	f102 004c 	add.w	r0, r2, #76	@ 0x4c
 8000dae:	f8c3 0094 	str.w	r0, [r3, #148]	@ 0x94
 8000db2:	f8d3 0088 	ldr.w	r0, [r3, #136]	@ 0x88
 8000db6:	f040 0040 	orr.w	r0, r0, #64	@ 0x40
 8000dba:	f8c3 0088 	str.w	r0, [r3, #136]	@ 0x88
 8000dbe:	f8d3 009c 	ldr.w	r0, [r3, #156]	@ 0x9c
 8000dc2:	f040 0004 	orr.w	r0, r0, #4
 8000dc6:	f8c3 009c 	str.w	r0, [r3, #156]	@ 0x9c
 8000dca:	f8d3 009c 	ldr.w	r0, [r3, #156]	@ 0x9c
 8000dce:	f020 0003 	bic.w	r0, r0, #3
 8000dd2:	f8c3 009c 	str.w	r0, [r3, #156]	@ 0x9c
 8000dd6:	f8d3 0088 	ldr.w	r0, [r3, #136]	@ 0x88
 8000dda:	f020 70c0 	bic.w	r0, r0, #25165824	@ 0x1800000
 8000dde:	f8c3 0088 	str.w	r0, [r3, #136]	@ 0x88
 8000de2:	f8d3 0088 	ldr.w	r0, [r3, #136]	@ 0x88
 8000de6:	f420 00c0 	bic.w	r0, r0, #6291456	@ 0x600000
 8000dea:	f8c3 0088 	str.w	r0, [r3, #136]	@ 0x88
 8000dee:	4860      	ldr	r0, [pc, #384]	@ (8000f70 <dshotInit+0x4cc>)
 8000df0:	f8c3 0090 	str.w	r0, [r3, #144]	@ 0x90
 8000df4:	f8c3 108c 	str.w	r1, [r3, #140]	@ 0x8c
 8000df8:	f8d3 0088 	ldr.w	r0, [r3, #136]	@ 0x88
 8000dfc:	f420 7000 	bic.w	r0, r0, #512	@ 0x200
 8000e00:	f8c3 0088 	str.w	r0, [r3, #136]	@ 0x88
 8000e04:	f8d3 0088 	ldr.w	r0, [r3, #136]	@ 0x88
 8000e08:	f440 6080 	orr.w	r0, r0, #1024	@ 0x400
 8000e0c:	f8c3 0088 	str.w	r0, [r3, #136]	@ 0x88
 8000e10:	f8d3 0088 	ldr.w	r0, [r3, #136]	@ 0x88
 8000e14:	f440 4080 	orr.w	r0, r0, #16384	@ 0x4000
 8000e18:	f8c3 0088 	str.w	r0, [r3, #136]	@ 0x88
 8000e1c:	f8d3 0088 	ldr.w	r0, [r3, #136]	@ 0x88
 8000e20:	f440 5080 	orr.w	r0, r0, #4096	@ 0x1000
 8000e24:	f8c3 0088 	str.w	r0, [r3, #136]	@ 0x88
 8000e28:	f8d3 0088 	ldr.w	r0, [r3, #136]	@ 0x88
 8000e2c:	f420 7080 	bic.w	r0, r0, #256	@ 0x100
 8000e30:	f8c3 0088 	str.w	r0, [r3, #136]	@ 0x88
 8000e34:	f8d3 0088 	ldr.w	r0, [r3, #136]	@ 0x88
 8000e38:	f440 3040 	orr.w	r0, r0, #196608	@ 0x30000
 8000e3c:	f8c3 0088 	str.w	r0, [r3, #136]	@ 0x88
 8000e40:	f8d3 0088 	ldr.w	r0, [r3, #136]	@ 0x88
 8000e44:	f040 0010 	orr.w	r0, r0, #16
 8000e48:	f8c3 0088 	str.w	r0, [r3, #136]	@ 0x88
 8000e4c:	f8d3 00b8 	ldr.w	r0, [r3, #184]	@ 0xb8
 8000e50:	f040 6020 	orr.w	r0, r0, #167772160	@ 0xa000000
 8000e54:	f8c3 00b8 	str.w	r0, [r3, #184]	@ 0xb8
 8000e58:	f102 0094 	add.w	r0, r2, #148	@ 0x94
 8000e5c:	f8c3 00c4 	str.w	r0, [r3, #196]	@ 0xc4
 8000e60:	f8d3 00b8 	ldr.w	r0, [r3, #184]	@ 0xb8
 8000e64:	f040 0040 	orr.w	r0, r0, #64	@ 0x40
 8000e68:	f8c3 00b8 	str.w	r0, [r3, #184]	@ 0xb8
 8000e6c:	f8d3 00cc 	ldr.w	r0, [r3, #204]	@ 0xcc
 8000e70:	f040 0004 	orr.w	r0, r0, #4
 8000e74:	f8c3 00cc 	str.w	r0, [r3, #204]	@ 0xcc
 8000e78:	f8d3 00cc 	ldr.w	r0, [r3, #204]	@ 0xcc
 8000e7c:	f020 0003 	bic.w	r0, r0, #3
 8000e80:	f8c3 00cc 	str.w	r0, [r3, #204]	@ 0xcc
 8000e84:	f8d3 00b8 	ldr.w	r0, [r3, #184]	@ 0xb8
 8000e88:	f020 70c0 	bic.w	r0, r0, #25165824	@ 0x1800000
 8000e8c:	f8c3 00b8 	str.w	r0, [r3, #184]	@ 0xb8
 8000e90:	f8d3 00b8 	ldr.w	r0, [r3, #184]	@ 0xb8
 8000e94:	f420 00c0 	bic.w	r0, r0, #6291456	@ 0x600000
 8000e98:	f8c3 00b8 	str.w	r0, [r3, #184]	@ 0xb8
 8000e9c:	4835      	ldr	r0, [pc, #212]	@ (8000f74 <dshotInit+0x4d0>)
 8000e9e:	f8c3 00c0 	str.w	r0, [r3, #192]	@ 0xc0
 8000ea2:	f8c3 10bc 	str.w	r1, [r3, #188]	@ 0xbc
 8000ea6:	f8d3 00b8 	ldr.w	r0, [r3, #184]	@ 0xb8
 8000eaa:	f420 7000 	bic.w	r0, r0, #512	@ 0x200
 8000eae:	f8c3 00b8 	str.w	r0, [r3, #184]	@ 0xb8
 8000eb2:	f8d3 00b8 	ldr.w	r0, [r3, #184]	@ 0xb8
 8000eb6:	f440 6080 	orr.w	r0, r0, #1024	@ 0x400
 8000eba:	f8c3 00b8 	str.w	r0, [r3, #184]	@ 0xb8
 8000ebe:	f8d3 00b8 	ldr.w	r0, [r3, #184]	@ 0xb8
 8000ec2:	f440 4080 	orr.w	r0, r0, #16384	@ 0x4000
 8000ec6:	f8c3 00b8 	str.w	r0, [r3, #184]	@ 0xb8
 8000eca:	f8d3 00b8 	ldr.w	r0, [r3, #184]	@ 0xb8
 8000ece:	f440 5080 	orr.w	r0, r0, #4096	@ 0x1000
 8000ed2:	f8c3 00b8 	str.w	r0, [r3, #184]	@ 0xb8
 8000ed6:	f8d3 00b8 	ldr.w	r0, [r3, #184]	@ 0xb8
 8000eda:	f420 7080 	bic.w	r0, r0, #256	@ 0x100
 8000ede:	f8c3 00b8 	str.w	r0, [r3, #184]	@ 0xb8
 8000ee2:	f8d3 00b8 	ldr.w	r0, [r3, #184]	@ 0xb8
 8000ee6:	f440 3080 	orr.w	r0, r0, #65536	@ 0x10000
 8000eea:	f8c3 00b8 	str.w	r0, [r3, #184]	@ 0xb8
 8000eee:	f8d3 00b8 	ldr.w	r0, [r3, #184]	@ 0xb8
 8000ef2:	f040 0010 	orr.w	r0, r0, #16
 8000ef6:	f8c3 00b8 	str.w	r0, [r3, #184]	@ 0xb8
 8000efa:	6c18      	ldr	r0, [r3, #64]	@ 0x40
 8000efc:	f040 6020 	orr.w	r0, r0, #167772160	@ 0xa000000
 8000f00:	6418      	str	r0, [r3, #64]	@ 0x40
 8000f02:	32dc      	adds	r2, #220	@ 0xdc
 8000f04:	64da      	str	r2, [r3, #76]	@ 0x4c
 8000f06:	6c1a      	ldr	r2, [r3, #64]	@ 0x40
 8000f08:	f042 0240 	orr.w	r2, r2, #64	@ 0x40
 8000f0c:	641a      	str	r2, [r3, #64]	@ 0x40
 8000f0e:	6d5a      	ldr	r2, [r3, #84]	@ 0x54
 8000f10:	f042 0204 	orr.w	r2, r2, #4
 8000f14:	655a      	str	r2, [r3, #84]	@ 0x54
 8000f16:	6d5a      	ldr	r2, [r3, #84]	@ 0x54
 8000f18:	f022 0203 	bic.w	r2, r2, #3
 8000f1c:	655a      	str	r2, [r3, #84]	@ 0x54
 8000f1e:	6c1a      	ldr	r2, [r3, #64]	@ 0x40
 8000f20:	f022 72c0 	bic.w	r2, r2, #25165824	@ 0x1800000
 8000f24:	641a      	str	r2, [r3, #64]	@ 0x40
 8000f26:	6c1a      	ldr	r2, [r3, #64]	@ 0x40
 8000f28:	f422 02c0 	bic.w	r2, r2, #6291456	@ 0x600000
 8000f2c:	641a      	str	r2, [r3, #64]	@ 0x40
 8000f2e:	4a12      	ldr	r2, [pc, #72]	@ (8000f78 <dshotInit+0x4d4>)
 8000f30:	649a      	str	r2, [r3, #72]	@ 0x48
 8000f32:	6459      	str	r1, [r3, #68]	@ 0x44
 8000f34:	6c1a      	ldr	r2, [r3, #64]	@ 0x40
 8000f36:	f422 7200 	bic.w	r2, r2, #512	@ 0x200
 8000f3a:	641a      	str	r2, [r3, #64]	@ 0x40
 8000f3c:	6c1a      	ldr	r2, [r3, #64]	@ 0x40
 8000f3e:	f442 6280 	orr.w	r2, r2, #1024	@ 0x400
 8000f42:	641a      	str	r2, [r3, #64]	@ 0x40
 8000f44:	6c1a      	ldr	r2, [r3, #64]	@ 0x40
 8000f46:	f442 4280 	orr.w	r2, r2, #16384	@ 0x4000
 8000f4a:	641a      	str	r2, [r3, #64]	@ 0x40
 8000f4c:	6c1a      	ldr	r2, [r3, #64]	@ 0x40
 8000f4e:	f442 5280 	orr.w	r2, r2, #4096	@ 0x1000
 8000f52:	641a      	str	r2, [r3, #64]	@ 0x40
 8000f54:	6c1a      	ldr	r2, [r3, #64]	@ 0x40
 8000f56:	f422 7280 	bic.w	r2, r2, #256	@ 0x100
 8000f5a:	641a      	str	r2, [r3, #64]	@ 0x40
 8000f5c:	6c1a      	ldr	r2, [r3, #64]	@ 0x40
 8000f5e:	f442 3280 	orr.w	r2, r2, #65536	@ 0x10000
 8000f62:	641a      	str	r2, [r3, #64]	@ 0x40
 8000f64:	6c1a      	ldr	r2, [r3, #64]	@ 0x40
 8000f66:	f042 0210 	orr.w	r2, r2, #16
 8000f6a:	641a      	str	r2, [r3, #64]	@ 0x40
 8000f6c:	bd38      	pop	{r3, r4, r5, pc}
 8000f6e:	bf00      	nop
 8000f70:	40000438 	.word	0x40000438
 8000f74:	4000043c 	.word	0x4000043c
 8000f78:	40000440 	.word	0x40000440

08000f7c <dshotWrite>:
 8000f7c:	b508      	push	{r3, lr}
 8000f7e:	4808      	ldr	r0, [pc, #32]	@ (8000fa0 <dshotWrite+0x24>)
 8000f80:	f7ff fd48 	bl	8000a14 <dshot_prepare_dmabuffer_all>
 8000f84:	f7ff fd76 	bl	8000a74 <dshot_enable_dma_request>
 8000f88:	f7ff fd5e 	bl	8000a48 <dshot_dma_start>
 8000f8c:	4a05      	ldr	r2, [pc, #20]	@ (8000fa4 <dshotWrite+0x28>)
 8000f8e:	f8b2 3124 	ldrh.w	r3, [r2, #292]	@ 0x124
 8000f92:	b29b      	uxth	r3, r3
 8000f94:	3301      	adds	r3, #1
 8000f96:	b29b      	uxth	r3, r3
 8000f98:	f8a2 3124 	strh.w	r3, [r2, #292]	@ 0x124
 8000f9c:	bd08      	pop	{r3, pc}
 8000f9e:	bf00      	nop
 8000fa0:	20001d60 	.word	0x20001d60
 8000fa4:	200001d8 	.word	0x200001d8

08000fa8 <dshotWait>:
 8000fa8:	4b13      	ldr	r3, [pc, #76]	@ (8000ff8 <dshotWait+0x50>)
 8000faa:	2200      	movs	r2, #0
 8000fac:	f8a3 2124 	strh.w	r2, [r3, #292]	@ 0x124
 8000fb0:	f240 53dc 	movw	r3, #1500	@ 0x5dc
 8000fb4:	4298      	cmp	r0, r3
 8000fb6:	d010      	beq.n	8000fda <dshotWait+0x32>
 8000fb8:	4b0f      	ldr	r3, [pc, #60]	@ (8000ff8 <dshotWait+0x50>)
 8000fba:	f8b3 3124 	ldrh.w	r3, [r3, #292]	@ 0x124
 8000fbe:	b29b      	uxth	r3, r3
 8000fc0:	4283      	cmp	r3, r0
 8000fc2:	d3f9      	bcc.n	8000fb8 <dshotWait+0x10>
 8000fc4:	4b0d      	ldr	r3, [pc, #52]	@ (8000ffc <dshotWait+0x54>)
 8000fc6:	681b      	ldr	r3, [r3, #0]
 8000fc8:	4a0d      	ldr	r2, [pc, #52]	@ (8001000 <dshotWait+0x58>)
 8000fca:	fba2 2303 	umull	r2, r3, r2, r3
 8000fce:	099b      	lsrs	r3, r3, #6
 8000fd0:	3b01      	subs	r3, #1
 8000fd2:	f04f 22e0 	mov.w	r2, #3758153728	@ 0xe000e000
 8000fd6:	6153      	str	r3, [r2, #20]
 8000fd8:	4770      	bx	lr
 8000fda:	4b08      	ldr	r3, [pc, #32]	@ (8000ffc <dshotWait+0x54>)
 8000fdc:	681b      	ldr	r3, [r3, #0]
 8000fde:	4a09      	ldr	r2, [pc, #36]	@ (8001004 <dshotWait+0x5c>)
 8000fe0:	fba2 2303 	umull	r2, r3, r2, r3
 8000fe4:	0b5b      	lsrs	r3, r3, #13
 8000fe6:	3b01      	subs	r3, #1
 8000fe8:	f04f 22e0 	mov.w	r2, #3758153728	@ 0xe000e000
 8000fec:	6153      	str	r3, [r2, #20]
 8000fee:	eb00 0080 	add.w	r0, r0, r0, lsl #2
 8000ff2:	0040      	lsls	r0, r0, #1
 8000ff4:	b280      	uxth	r0, r0
 8000ff6:	e7df      	b.n	8000fb8 <dshotWait+0x10>
 8000ff8:	200001d8 	.word	0x200001d8
 8000ffc:	20000000 	.word	0x20000000
 8001000:	10624dd3 	.word	0x10624dd3
 8001004:	d1b71759 	.word	0xd1b71759

08001008 <DMA1_Stream4_IRQHandler>:
 8001008:	4b0d      	ldr	r3, [pc, #52]	@ (8001040 <DMA1_Stream4_IRQHandler+0x38>)
 800100a:	685b      	ldr	r3, [r3, #4]
 800100c:	f013 0f20 	tst.w	r3, #32
 8001010:	d015      	beq.n	800103e <DMA1_Stream4_IRQHandler+0x36>
 8001012:	4a0b      	ldr	r2, [pc, #44]	@ (8001040 <DMA1_Stream4_IRQHandler+0x38>)
 8001014:	6f13      	ldr	r3, [r2, #112]	@ 0x70
 8001016:	f023 0301 	bic.w	r3, r3, #1
 800101a:	6713      	str	r3, [r2, #112]	@ 0x70
 800101c:	4b08      	ldr	r3, [pc, #32]	@ (8001040 <DMA1_Stream4_IRQHandler+0x38>)
 800101e:	6f1b      	ldr	r3, [r3, #112]	@ 0x70
 8001020:	f013 0f01 	tst.w	r3, #1
 8001024:	d1fa      	bne.n	800101c <DMA1_Stream4_IRQHandler+0x14>
 8001026:	4a07      	ldr	r2, [pc, #28]	@ (8001044 <DMA1_Stream4_IRQHandler+0x3c>)
 8001028:	68d3      	ldr	r3, [r2, #12]
 800102a:	f423 7300 	bic.w	r3, r3, #512	@ 0x200
 800102e:	60d3      	str	r3, [r2, #12]
 8001030:	4b03      	ldr	r3, [pc, #12]	@ (8001040 <DMA1_Stream4_IRQHandler+0x38>)
 8001032:	68da      	ldr	r2, [r3, #12]
 8001034:	f042 0220 	orr.w	r2, r2, #32
 8001038:	60da      	str	r2, [r3, #12]
 800103a:	2212      	movs	r2, #18
 800103c:	675a      	str	r2, [r3, #116]	@ 0x74
 800103e:	4770      	bx	lr
 8001040:	40026000 	.word	0x40026000
 8001044:	40000400 	.word	0x40000400

08001048 <DMA1_Stream7_IRQHandler>:
 8001048:	4b0f      	ldr	r3, [pc, #60]	@ (8001088 <DMA1_Stream7_IRQHandler+0x40>)
 800104a:	685b      	ldr	r3, [r3, #4]
 800104c:	f013 6f00 	tst.w	r3, #134217728	@ 0x8000000
 8001050:	d019      	beq.n	8001086 <DMA1_Stream7_IRQHandler+0x3e>
 8001052:	4a0d      	ldr	r2, [pc, #52]	@ (8001088 <DMA1_Stream7_IRQHandler+0x40>)
 8001054:	f8d2 30b8 	ldr.w	r3, [r2, #184]	@ 0xb8
 8001058:	f023 0301 	bic.w	r3, r3, #1
 800105c:	f8c2 30b8 	str.w	r3, [r2, #184]	@ 0xb8
 8001060:	4b09      	ldr	r3, [pc, #36]	@ (8001088 <DMA1_Stream7_IRQHandler+0x40>)
 8001062:	f8d3 30b8 	ldr.w	r3, [r3, #184]	@ 0xb8
 8001066:	f013 0f01 	tst.w	r3, #1
 800106a:	d1f9      	bne.n	8001060 <DMA1_Stream7_IRQHandler+0x18>
 800106c:	4a07      	ldr	r2, [pc, #28]	@ (800108c <DMA1_Stream7_IRQHandler+0x44>)
 800106e:	68d3      	ldr	r3, [r2, #12]
 8001070:	f423 6300 	bic.w	r3, r3, #2048	@ 0x800
 8001074:	60d3      	str	r3, [r2, #12]
 8001076:	4b04      	ldr	r3, [pc, #16]	@ (8001088 <DMA1_Stream7_IRQHandler+0x40>)
 8001078:	68da      	ldr	r2, [r3, #12]
 800107a:	f042 6200 	orr.w	r2, r2, #134217728	@ 0x8000000
 800107e:	60da      	str	r2, [r3, #12]
 8001080:	2212      	movs	r2, #18
 8001082:	f8c3 20bc 	str.w	r2, [r3, #188]	@ 0xbc
 8001086:	4770      	bx	lr
 8001088:	40026000 	.word	0x40026000
 800108c:	40000400 	.word	0x40000400

08001090 <DMA1_Stream2_IRQHandler>:
 8001090:	4b0d      	ldr	r3, [pc, #52]	@ (80010c8 <DMA1_Stream2_IRQHandler+0x38>)
 8001092:	681b      	ldr	r3, [r3, #0]
 8001094:	f413 1f00 	tst.w	r3, #2097152	@ 0x200000
 8001098:	d015      	beq.n	80010c6 <DMA1_Stream2_IRQHandler+0x36>
 800109a:	4a0b      	ldr	r2, [pc, #44]	@ (80010c8 <DMA1_Stream2_IRQHandler+0x38>)
 800109c:	6c13      	ldr	r3, [r2, #64]	@ 0x40
 800109e:	f023 0301 	bic.w	r3, r3, #1
 80010a2:	6413      	str	r3, [r2, #64]	@ 0x40
 80010a4:	4b08      	ldr	r3, [pc, #32]	@ (80010c8 <DMA1_Stream2_IRQHandler+0x38>)
 80010a6:	6c1b      	ldr	r3, [r3, #64]	@ 0x40
 80010a8:	f013 0f01 	tst.w	r3, #1
 80010ac:	d1fa      	bne.n	80010a4 <DMA1_Stream2_IRQHandler+0x14>
 80010ae:	4a07      	ldr	r2, [pc, #28]	@ (80010cc <DMA1_Stream2_IRQHandler+0x3c>)
 80010b0:	68d3      	ldr	r3, [r2, #12]
 80010b2:	f423 5380 	bic.w	r3, r3, #4096	@ 0x1000
 80010b6:	60d3      	str	r3, [r2, #12]
 80010b8:	4b03      	ldr	r3, [pc, #12]	@ (80010c8 <DMA1_Stream2_IRQHandler+0x38>)
 80010ba:	689a      	ldr	r2, [r3, #8]
 80010bc:	f442 1200 	orr.w	r2, r2, #2097152	@ 0x200000
 80010c0:	609a      	str	r2, [r3, #8]
 80010c2:	2212      	movs	r2, #18
 80010c4:	645a      	str	r2, [r3, #68]	@ 0x44
 80010c6:	4770      	bx	lr
 80010c8:	40026000 	.word	0x40026000
 80010cc:	40000400 	.word	0x40000400

080010d0 <flashMassErase>:
 80010d0:	4b08      	ldr	r3, [pc, #32]	@ (80010f4 <flashMassErase+0x24>)
 80010d2:	691a      	ldr	r2, [r3, #16]
 80010d4:	f422 7240 	bic.w	r2, r2, #768	@ 0x300
 80010d8:	611a      	str	r2, [r3, #16]
 80010da:	691a      	ldr	r2, [r3, #16]
 80010dc:	f042 0204 	orr.w	r2, r2, #4
 80010e0:	611a      	str	r2, [r3, #16]
 80010e2:	691a      	ldr	r2, [r3, #16]
 80010e4:	ea42 2200 	orr.w	r2, r2, r0, lsl #8
 80010e8:	f442 3280 	orr.w	r2, r2, #65536	@ 0x10000
 80010ec:	611a      	str	r2, [r3, #16]
 80010ee:	f3bf 8f4f 	dsb	sy
 80010f2:	4770      	bx	lr
 80010f4:	40023c00 	.word	0x40023c00

080010f8 <flashWaitForLastOperation>:
 80010f8:	4b0c      	ldr	r3, [pc, #48]	@ (800112c <flashWaitForLastOperation+0x34>)
 80010fa:	68db      	ldr	r3, [r3, #12]
 80010fc:	f413 3f80 	tst.w	r3, #65536	@ 0x10000
 8001100:	d1fa      	bne.n	80010f8 <flashWaitForLastOperation>
 8001102:	4b0a      	ldr	r3, [pc, #40]	@ (800112c <flashWaitForLastOperation+0x34>)
 8001104:	68db      	ldr	r3, [r3, #12]
 8001106:	f013 0ff2 	tst.w	r3, #242	@ 0xf2
 800110a:	d10b      	bne.n	8001124 <flashWaitForLastOperation+0x2c>
 800110c:	4b07      	ldr	r3, [pc, #28]	@ (800112c <flashWaitForLastOperation+0x34>)
 800110e:	68db      	ldr	r3, [r3, #12]
 8001110:	f013 0f01 	tst.w	r3, #1
 8001114:	d008      	beq.n	8001128 <flashWaitForLastOperation+0x30>
 8001116:	4a05      	ldr	r2, [pc, #20]	@ (800112c <flashWaitForLastOperation+0x34>)
 8001118:	68d3      	ldr	r3, [r2, #12]
 800111a:	f043 0301 	orr.w	r3, r3, #1
 800111e:	60d3      	str	r3, [r2, #12]
 8001120:	2001      	movs	r0, #1
 8001122:	4770      	bx	lr
 8001124:	2000      	movs	r0, #0
 8001126:	4770      	bx	lr
 8001128:	2001      	movs	r0, #1
 800112a:	4770      	bx	lr
 800112c:	40023c00 	.word	0x40023c00

08001130 <flashProgramWord>:
 8001130:	4b08      	ldr	r3, [pc, #32]	@ (8001154 <flashProgramWord+0x24>)
 8001132:	691a      	ldr	r2, [r3, #16]
 8001134:	f422 7240 	bic.w	r2, r2, #768	@ 0x300
 8001138:	611a      	str	r2, [r3, #16]
 800113a:	691a      	ldr	r2, [r3, #16]
 800113c:	f442 7200 	orr.w	r2, r2, #512	@ 0x200
 8001140:	611a      	str	r2, [r3, #16]
 8001142:	691a      	ldr	r2, [r3, #16]
 8001144:	f042 0201 	orr.w	r2, r2, #1
 8001148:	611a      	str	r2, [r3, #16]
 800114a:	6001      	str	r1, [r0, #0]
 800114c:	f3bf 8f4f 	dsb	sy
 8001150:	4770      	bx	lr
 8001152:	bf00      	nop
 8001154:	40023c00 	.word	0x40023c00

08001158 <flashProgram>:
 8001158:	b538      	push	{r3, r4, r5, lr}
 800115a:	4605      	mov	r5, r0
 800115c:	4614      	mov	r4, r2
 800115e:	f7ff ffcb 	bl	80010f8 <flashWaitForLastOperation>
 8001162:	b900      	cbnz	r0, 8001166 <flashProgram+0xe>
 8001164:	bd38      	pop	{r3, r4, r5, pc}
 8001166:	4621      	mov	r1, r4
 8001168:	4628      	mov	r0, r5
 800116a:	f7ff ffe1 	bl	8001130 <flashProgramWord>
 800116e:	f7ff ffc3 	bl	80010f8 <flashWaitForLastOperation>
 8001172:	2800      	cmp	r0, #0
 8001174:	d0f6      	beq.n	8001164 <flashProgram+0xc>
 8001176:	4a03      	ldr	r2, [pc, #12]	@ (8001184 <flashProgram+0x2c>)
 8001178:	6913      	ldr	r3, [r2, #16]
 800117a:	f023 0301 	bic.w	r3, r3, #1
 800117e:	6113      	str	r3, [r2, #16]
 8001180:	e7f0      	b.n	8001164 <flashProgram+0xc>
 8001182:	bf00      	nop
 8001184:	40023c00 	.word	0x40023c00

08001188 <flashUnlock>:
 8001188:	4b0a      	ldr	r3, [pc, #40]	@ (80011b4 <flashUnlock+0x2c>)
 800118a:	691b      	ldr	r3, [r3, #16]
 800118c:	2b00      	cmp	r3, #0
 800118e:	db01      	blt.n	8001194 <flashUnlock+0xc>
 8001190:	2001      	movs	r0, #1
 8001192:	4770      	bx	lr
 8001194:	4b07      	ldr	r3, [pc, #28]	@ (80011b4 <flashUnlock+0x2c>)
 8001196:	6859      	ldr	r1, [r3, #4]
 8001198:	4a07      	ldr	r2, [pc, #28]	@ (80011b8 <flashUnlock+0x30>)
 800119a:	430a      	orrs	r2, r1
 800119c:	605a      	str	r2, [r3, #4]
 800119e:	6859      	ldr	r1, [r3, #4]
 80011a0:	4a06      	ldr	r2, [pc, #24]	@ (80011bc <flashUnlock+0x34>)
 80011a2:	430a      	orrs	r2, r1
 80011a4:	605a      	str	r2, [r3, #4]
 80011a6:	691b      	ldr	r3, [r3, #16]
 80011a8:	2b00      	cmp	r3, #0
 80011aa:	db01      	blt.n	80011b0 <flashUnlock+0x28>
 80011ac:	2001      	movs	r0, #1
 80011ae:	4770      	bx	lr
 80011b0:	2000      	movs	r0, #0
 80011b2:	4770      	bx	lr
 80011b4:	40023c00 	.word	0x40023c00
 80011b8:	45670123 	.word	0x45670123
 80011bc:	cdef89ab 	.word	0xcdef89ab

080011c0 <flashLock>:
 80011c0:	4a02      	ldr	r2, [pc, #8]	@ (80011cc <flashLock+0xc>)
 80011c2:	6913      	ldr	r3, [r2, #16]
 80011c4:	f043 4300 	orr.w	r3, r3, #2147483648	@ 0x80000000
 80011c8:	6113      	str	r3, [r2, #16]
 80011ca:	4770      	bx	lr
 80011cc:	40023c00 	.word	0x40023c00

080011d0 <flashEraseSector>:
 80011d0:	b129      	cbz	r1, 80011de <flashEraseSector+0xe>
 80011d2:	2901      	cmp	r1, #1
 80011d4:	d01f      	beq.n	8001216 <flashEraseSector+0x46>
 80011d6:	2902      	cmp	r1, #2
 80011d8:	d01a      	beq.n	8001210 <flashEraseSector+0x40>
 80011da:	f44f 7140 	mov.w	r1, #768	@ 0x300
 80011de:	4b0f      	ldr	r3, [pc, #60]	@ (800121c <flashEraseSector+0x4c>)
 80011e0:	691a      	ldr	r2, [r3, #16]
 80011e2:	f422 7240 	bic.w	r2, r2, #768	@ 0x300
 80011e6:	611a      	str	r2, [r3, #16]
 80011e8:	691a      	ldr	r2, [r3, #16]
 80011ea:	430a      	orrs	r2, r1
 80011ec:	611a      	str	r2, [r3, #16]
 80011ee:	691a      	ldr	r2, [r3, #16]
 80011f0:	f022 02f8 	bic.w	r2, r2, #248	@ 0xf8
 80011f4:	611a      	str	r2, [r3, #16]
 80011f6:	691a      	ldr	r2, [r3, #16]
 80011f8:	ea42 00c0 	orr.w	r0, r2, r0, lsl #3
 80011fc:	f040 0002 	orr.w	r0, r0, #2
 8001200:	6118      	str	r0, [r3, #16]
 8001202:	691a      	ldr	r2, [r3, #16]
 8001204:	f442 3280 	orr.w	r2, r2, #65536	@ 0x10000
 8001208:	611a      	str	r2, [r3, #16]
 800120a:	f3bf 8f4f 	dsb	sy
 800120e:	4770      	bx	lr
 8001210:	f44f 7100 	mov.w	r1, #512	@ 0x200
 8001214:	e7e3      	b.n	80011de <flashEraseSector+0xe>
 8001216:	f44f 7180 	mov.w	r1, #256	@ 0x100
 800121a:	e7e0      	b.n	80011de <flashEraseSector+0xe>
 800121c:	40023c00 	.word	0x40023c00

08001220 <flashErase>:
 8001220:	b570      	push	{r4, r5, r6, lr}
 8001222:	4605      	mov	r5, r0
 8001224:	f7ff ff68 	bl	80010f8 <flashWaitForLastOperation>
 8001228:	4606      	mov	r6, r0
 800122a:	b1f0      	cbz	r0, 800126a <flashErase+0x4a>
 800122c:	682b      	ldr	r3, [r5, #0]
 800122e:	2b01      	cmp	r3, #1
 8001230:	d013      	beq.n	800125a <flashErase+0x3a>
 8001232:	686c      	ldr	r4, [r5, #4]
 8001234:	68ab      	ldr	r3, [r5, #8]
 8001236:	686a      	ldr	r2, [r5, #4]
 8001238:	4413      	add	r3, r2
 800123a:	42a3      	cmp	r3, r4
 800123c:	d915      	bls.n	800126a <flashErase+0x4a>
 800123e:	7b29      	ldrb	r1, [r5, #12]
 8001240:	4620      	mov	r0, r4
 8001242:	f7ff ffc5 	bl	80011d0 <flashEraseSector>
 8001246:	f7ff ff57 	bl	80010f8 <flashWaitForLastOperation>
 800124a:	b168      	cbz	r0, 8001268 <flashErase+0x48>
 800124c:	4a08      	ldr	r2, [pc, #32]	@ (8001270 <flashErase+0x50>)
 800124e:	6913      	ldr	r3, [r2, #16]
 8001250:	f023 037a 	bic.w	r3, r3, #122	@ 0x7a
 8001254:	6113      	str	r3, [r2, #16]
 8001256:	3401      	adds	r4, #1
 8001258:	e7ec      	b.n	8001234 <flashErase+0x14>
 800125a:	7b28      	ldrb	r0, [r5, #12]
 800125c:	f7ff ff38 	bl	80010d0 <flashMassErase>
 8001260:	f7ff ff4a 	bl	80010f8 <flashWaitForLastOperation>
 8001264:	4606      	mov	r6, r0
 8001266:	e000      	b.n	800126a <flashErase+0x4a>
 8001268:	4606      	mov	r6, r0
 800126a:	4630      	mov	r0, r6
 800126c:	bd70      	pop	{r4, r5, r6, pc}
 800126e:	bf00      	nop
 8001270:	40023c00 	.word	0x40023c00

08001274 <NVIC_EncodePriority>:
 8001274:	b500      	push	{lr}
 8001276:	f000 0007 	and.w	r0, r0, #7
 800127a:	f1a0 0c03 	sub.w	ip, r0, #3
 800127e:	f1bc 0f04 	cmp.w	ip, #4
 8001282:	d807      	bhi.n	8001294 <NVIC_EncodePriority+0x20>
 8001284:	f1c0 0e07 	rsb	lr, r0, #7
 8001288:	3004      	adds	r0, #4
 800128a:	2806      	cmp	r0, #6
 800128c:	d806      	bhi.n	800129c <NVIC_EncodePriority+0x28>
 800128e:	f04f 0c00 	mov.w	ip, #0
 8001292:	e003      	b.n	800129c <NVIC_EncodePriority+0x28>
 8001294:	f04f 0e04 	mov.w	lr, #4
 8001298:	f04f 0c00 	mov.w	ip, #0
 800129c:	f04f 33ff 	mov.w	r3, #4294967295	@ 0xffffffff
 80012a0:	fa03 f00e 	lsl.w	r0, r3, lr
 80012a4:	ea21 0100 	bic.w	r1, r1, r0
 80012a8:	fa01 f10c 	lsl.w	r1, r1, ip
 80012ac:	fa03 f30c 	lsl.w	r3, r3, ip
 80012b0:	ea22 0203 	bic.w	r2, r2, r3
 80012b4:	ea41 0002 	orr.w	r0, r1, r2
 80012b8:	bd00      	pop	{pc}

080012ba <printfInit>:
 80012ba:	b508      	push	{r3, lr}
 80012bc:	4b1a      	ldr	r3, [pc, #104]	@ (8001328 <printfInit+0x6e>)
 80012be:	6b1a      	ldr	r2, [r3, #48]	@ 0x30
 80012c0:	f042 0202 	orr.w	r2, r2, #2
 80012c4:	631a      	str	r2, [r3, #48]	@ 0x30
 80012c6:	6c1a      	ldr	r2, [r3, #64]	@ 0x40
 80012c8:	f442 2280 	orr.w	r2, r2, #262144	@ 0x40000
 80012cc:	641a      	str	r2, [r3, #64]	@ 0x40
 80012ce:	f5a3 5350 	sub.w	r3, r3, #13312	@ 0x3400
 80012d2:	681a      	ldr	r2, [r3, #0]
 80012d4:	601a      	str	r2, [r3, #0]
 80012d6:	681a      	ldr	r2, [r3, #0]
 80012d8:	f442 0220 	orr.w	r2, r2, #10485760	@ 0xa00000
 80012dc:	601a      	str	r2, [r3, #0]
 80012de:	6a5a      	ldr	r2, [r3, #36]	@ 0x24
 80012e0:	f442 42ee 	orr.w	r2, r2, #30464	@ 0x7700
 80012e4:	625a      	str	r2, [r3, #36]	@ 0x24
 80012e6:	4b11      	ldr	r3, [pc, #68]	@ (800132c <printfInit+0x72>)
 80012e8:	68d8      	ldr	r0, [r3, #12]
 80012ea:	2200      	movs	r2, #0
 80012ec:	4611      	mov	r1, r2
 80012ee:	f3c0 2002 	ubfx	r0, r0, #8, #3
 80012f2:	f7ff ffbf 	bl	8001274 <NVIC_EncodePriority>
 80012f6:	0100      	lsls	r0, r0, #4
 80012f8:	b2c0      	uxtb	r0, r0
 80012fa:	4b0d      	ldr	r3, [pc, #52]	@ (8001330 <printfInit+0x76>)
 80012fc:	f883 0327 	strb.w	r0, [r3, #807]	@ 0x327
 8001300:	2280      	movs	r2, #128	@ 0x80
 8001302:	605a      	str	r2, [r3, #4]
 8001304:	4b0b      	ldr	r3, [pc, #44]	@ (8001334 <printfInit+0x7a>)
 8001306:	681a      	ldr	r2, [r3, #0]
 8001308:	f022 0201 	bic.w	r2, r2, #1
 800130c:	601a      	str	r2, [r3, #0]
 800130e:	f240 12d5 	movw	r2, #469	@ 0x1d5
 8001312:	60da      	str	r2, [r3, #12]
 8001314:	685a      	ldr	r2, [r3, #4]
 8001316:	f442 4200 	orr.w	r2, r2, #32768	@ 0x8000
 800131a:	605a      	str	r2, [r3, #4]
 800131c:	681a      	ldr	r2, [r3, #0]
 800131e:	f042 020d 	orr.w	r2, r2, #13
 8001322:	601a      	str	r2, [r3, #0]
 8001324:	bd08      	pop	{r3, pc}
 8001326:	bf00      	nop
 8001328:	40023800 	.word	0x40023800
 800132c:	e000ed00 	.word	0xe000ed00
 8001330:	e000e100 	.word	0xe000e100
 8001334:	40004800 	.word	0x40004800

08001338 <printfWrite>:
 8001338:	4b03      	ldr	r3, [pc, #12]	@ (8001348 <printfWrite+0x10>)
 800133a:	69db      	ldr	r3, [r3, #28]
 800133c:	f013 0f80 	tst.w	r3, #128	@ 0x80
 8001340:	d0fa      	beq.n	8001338 <printfWrite>
 8001342:	4b01      	ldr	r3, [pc, #4]	@ (8001348 <printfWrite+0x10>)
 8001344:	6298      	str	r0, [r3, #40]	@ 0x28
 8001346:	4770      	bx	lr
 8001348:	40004800 	.word	0x40004800

0800134c <printfRead8>:
 800134c:	4a07      	ldr	r2, [pc, #28]	@ (800136c <printfRead8+0x20>)
 800134e:	6813      	ldr	r3, [r2, #0]
 8001350:	f043 0320 	orr.w	r3, r3, #32
 8001354:	6013      	str	r3, [r2, #0]
 8001356:	4b06      	ldr	r3, [pc, #24]	@ (8001370 <printfRead8+0x24>)
 8001358:	781b      	ldrb	r3, [r3, #0]
 800135a:	2b00      	cmp	r3, #0
 800135c:	d0fb      	beq.n	8001356 <printfRead8+0xa>
 800135e:	7003      	strb	r3, [r0, #0]
 8001360:	4a02      	ldr	r2, [pc, #8]	@ (800136c <printfRead8+0x20>)
 8001362:	6813      	ldr	r3, [r2, #0]
 8001364:	f023 0320 	bic.w	r3, r3, #32
 8001368:	6013      	str	r3, [r2, #0]
 800136a:	4770      	bx	lr
 800136c:	40004800 	.word	0x40004800
 8001370:	20000300 	.word	0x20000300

08001374 <printfReadPID>:
 8001374:	b508      	push	{r3, lr}
 8001376:	4c08      	ldr	r4, [pc, #32]	@ (8001398 <printfReadPID+0x24>)
 8001378:	2500      	movs	r5, #0
 800137a:	7065      	strb	r5, [r4, #1]
 800137c:	2264      	movs	r2, #100	@ 0x64
 800137e:	4629      	mov	r1, r5
 8001380:	1d20      	adds	r0, r4, #4
 8001382:	f003 fc8d 	bl	8004ca0 <memset>
 8001386:	f884 5068 	strb.w	r5, [r4, #104]	@ 0x68
 800138a:	4a04      	ldr	r2, [pc, #16]	@ (800139c <printfReadPID+0x28>)
 800138c:	6813      	ldr	r3, [r2, #0]
 800138e:	f043 0320 	orr.w	r3, r3, #32
 8001392:	6013      	str	r3, [r2, #0]
 8001394:	e7fe      	b.n	8001394 <printfReadPID+0x20>
 8001396:	bf00      	nop
 8001398:	20000300 	.word	0x20000300
 800139c:	40004800 	.word	0x40004800

080013a0 <printfWaitFor>:
 80013a0:	4a0e      	ldr	r2, [pc, #56]	@ (80013dc <printfWaitFor+0x3c>)
 80013a2:	6813      	ldr	r3, [r2, #0]
 80013a4:	f043 0320 	orr.w	r3, r3, #32
 80013a8:	6013      	str	r3, [r2, #0]
 80013aa:	4b0d      	ldr	r3, [pc, #52]	@ (80013e0 <printfWaitFor+0x40>)
 80013ac:	781b      	ldrb	r3, [r3, #0]
 80013ae:	2b00      	cmp	r3, #0
 80013b0:	d0fb      	beq.n	80013aa <printfWaitFor+0xa>
 80013b2:	4283      	cmp	r3, r0
 80013b4:	d008      	beq.n	80013c8 <printfWaitFor+0x28>
 80013b6:	2000      	movs	r0, #0
 80013b8:	4b09      	ldr	r3, [pc, #36]	@ (80013e0 <printfWaitFor+0x40>)
 80013ba:	7018      	strb	r0, [r3, #0]
 80013bc:	4a07      	ldr	r2, [pc, #28]	@ (80013dc <printfWaitFor+0x3c>)
 80013be:	6813      	ldr	r3, [r2, #0]
 80013c0:	f023 0320 	bic.w	r3, r3, #32
 80013c4:	6013      	str	r3, [r2, #0]
 80013c6:	4770      	bx	lr
 80013c8:	4b05      	ldr	r3, [pc, #20]	@ (80013e0 <printfWaitFor+0x40>)
 80013ca:	2200      	movs	r2, #0
 80013cc:	701a      	strb	r2, [r3, #0]
 80013ce:	4a03      	ldr	r2, [pc, #12]	@ (80013dc <printfWaitFor+0x3c>)
 80013d0:	6813      	ldr	r3, [r2, #0]
 80013d2:	f023 0320 	bic.w	r3, r3, #32
 80013d6:	6013      	str	r3, [r2, #0]
 80013d8:	2001      	movs	r0, #1
 80013da:	4770      	bx	lr
 80013dc:	40004800 	.word	0x40004800
 80013e0:	20000300 	.word	0x20000300

080013e4 <USART3_IRQHandler>:
 80013e4:	4b14      	ldr	r3, [pc, #80]	@ (8001438 <USART3_IRQHandler+0x54>)
 80013e6:	69db      	ldr	r3, [r3, #28]
 80013e8:	f013 0f20 	tst.w	r3, #32
 80013ec:	d012      	beq.n	8001414 <USART3_IRQHandler+0x30>
 80013ee:	4b12      	ldr	r3, [pc, #72]	@ (8001438 <USART3_IRQHandler+0x54>)
 80013f0:	681b      	ldr	r3, [r3, #0]
 80013f2:	f013 0f20 	tst.w	r3, #32
 80013f6:	d00d      	beq.n	8001414 <USART3_IRQHandler+0x30>
 80013f8:	4a0f      	ldr	r2, [pc, #60]	@ (8001438 <USART3_IRQHandler+0x54>)
 80013fa:	6a53      	ldr	r3, [r2, #36]	@ 0x24
 80013fc:	b2db      	uxtb	r3, r3
 80013fe:	490f      	ldr	r1, [pc, #60]	@ (800143c <USART3_IRQHandler+0x58>)
 8001400:	700b      	strb	r3, [r1, #0]
 8001402:	6293      	str	r3, [r2, #40]	@ 0x28
 8001404:	2b0d      	cmp	r3, #13
 8001406:	d010      	beq.n	800142a <USART3_IRQHandler+0x46>
 8001408:	490c      	ldr	r1, [pc, #48]	@ (800143c <USART3_IRQHandler+0x58>)
 800140a:	784a      	ldrb	r2, [r1, #1]
 800140c:	1888      	adds	r0, r1, r2
 800140e:	7103      	strb	r3, [r0, #4]
 8001410:	3201      	adds	r2, #1
 8001412:	704a      	strb	r2, [r1, #1]
 8001414:	4b08      	ldr	r3, [pc, #32]	@ (8001438 <USART3_IRQHandler+0x54>)
 8001416:	69db      	ldr	r3, [r3, #28]
 8001418:	f013 0f08 	tst.w	r3, #8
 800141c:	d004      	beq.n	8001428 <USART3_IRQHandler+0x44>
 800141e:	4a06      	ldr	r2, [pc, #24]	@ (8001438 <USART3_IRQHandler+0x54>)
 8001420:	6a13      	ldr	r3, [r2, #32]
 8001422:	f043 0308 	orr.w	r3, r3, #8
 8001426:	6213      	str	r3, [r2, #32]
 8001428:	4770      	bx	lr
 800142a:	2201      	movs	r2, #1
 800142c:	f881 2068 	strb.w	r2, [r1, #104]	@ 0x68
 8001430:	2200      	movs	r2, #0
 8001432:	704a      	strb	r2, [r1, #1]
 8001434:	e7ee      	b.n	8001414 <USART3_IRQHandler+0x30>
 8001436:	bf00      	nop
 8001438:	40004800 	.word	0x40004800
 800143c:	20000300 	.word	0x20000300

08001440 <__io_putchar>:
 8001440:	b510      	push	{r4, lr}
 8001442:	4604      	mov	r4, r0
 8001444:	b2c0      	uxtb	r0, r0
 8001446:	f7ff ff77 	bl	8001338 <printfWrite>
 800144a:	4620      	mov	r0, r4
 800144c:	bd10      	pop	{r4, pc}
 800144e:	bf00      	nop

08001450 <rcc216MHzInit>:
 8001450:	4b2f      	ldr	r3, [pc, #188]	@ (8001510 <rcc216MHzInit+0xc0>)
 8001452:	6c1a      	ldr	r2, [r3, #64]	@ 0x40
 8001454:	f042 5280 	orr.w	r2, r2, #268435456	@ 0x10000000
 8001458:	641a      	str	r2, [r3, #64]	@ 0x40
 800145a:	4a2e      	ldr	r2, [pc, #184]	@ (8001514 <rcc216MHzInit+0xc4>)
 800145c:	6811      	ldr	r1, [r2, #0]
 800145e:	f441 4140 	orr.w	r1, r1, #49152	@ 0xc000
 8001462:	6011      	str	r1, [r2, #0]
 8001464:	6811      	ldr	r1, [r2, #0]
 8001466:	f441 3180 	orr.w	r1, r1, #65536	@ 0x10000
 800146a:	6011      	str	r1, [r2, #0]
 800146c:	6c5a      	ldr	r2, [r3, #68]	@ 0x44
 800146e:	f442 4280 	orr.w	r2, r2, #16384	@ 0x4000
 8001472:	645a      	str	r2, [r3, #68]	@ 0x44
 8001474:	4a28      	ldr	r2, [pc, #160]	@ (8001518 <rcc216MHzInit+0xc8>)
 8001476:	6813      	ldr	r3, [r2, #0]
 8001478:	f043 0307 	orr.w	r3, r3, #7
 800147c:	6013      	str	r3, [r2, #0]
 800147e:	4b26      	ldr	r3, [pc, #152]	@ (8001518 <rcc216MHzInit+0xc8>)
 8001480:	681b      	ldr	r3, [r3, #0]
 8001482:	f013 0f07 	tst.w	r3, #7
 8001486:	d0fa      	beq.n	800147e <rcc216MHzInit+0x2e>
 8001488:	4a21      	ldr	r2, [pc, #132]	@ (8001510 <rcc216MHzInit+0xc0>)
 800148a:	6813      	ldr	r3, [r2, #0]
 800148c:	f443 3380 	orr.w	r3, r3, #65536	@ 0x10000
 8001490:	6013      	str	r3, [r2, #0]
 8001492:	4b1f      	ldr	r3, [pc, #124]	@ (8001510 <rcc216MHzInit+0xc0>)
 8001494:	681b      	ldr	r3, [r3, #0]
 8001496:	f413 3f00 	tst.w	r3, #131072	@ 0x20000
 800149a:	d0fa      	beq.n	8001492 <rcc216MHzInit+0x42>
 800149c:	4b1c      	ldr	r3, [pc, #112]	@ (8001510 <rcc216MHzInit+0xc0>)
 800149e:	681a      	ldr	r2, [r3, #0]
 80014a0:	f022 7280 	bic.w	r2, r2, #16777216	@ 0x1000000
 80014a4:	601a      	str	r2, [r3, #0]
 80014a6:	685a      	ldr	r2, [r3, #4]
 80014a8:	f442 0280 	orr.w	r2, r2, #4194304	@ 0x400000
 80014ac:	605a      	str	r2, [r3, #4]
 80014ae:	685a      	ldr	r2, [r3, #4]
 80014b0:	f022 023f 	bic.w	r2, r2, #63	@ 0x3f
 80014b4:	605a      	str	r2, [r3, #4]
 80014b6:	685a      	ldr	r2, [r3, #4]
 80014b8:	f042 0204 	orr.w	r2, r2, #4
 80014bc:	605a      	str	r2, [r3, #4]
 80014be:	685a      	ldr	r2, [r3, #4]
 80014c0:	f442 5258 	orr.w	r2, r2, #13824	@ 0x3600
 80014c4:	605a      	str	r2, [r3, #4]
 80014c6:	685a      	ldr	r2, [r3, #4]
 80014c8:	f422 3240 	bic.w	r2, r2, #196608	@ 0x30000
 80014cc:	605a      	str	r2, [r3, #4]
 80014ce:	681a      	ldr	r2, [r3, #0]
 80014d0:	f042 7280 	orr.w	r2, r2, #16777216	@ 0x1000000
 80014d4:	601a      	str	r2, [r3, #0]
 80014d6:	4b0e      	ldr	r3, [pc, #56]	@ (8001510 <rcc216MHzInit+0xc0>)
 80014d8:	681b      	ldr	r3, [r3, #0]
 80014da:	f013 7f00 	tst.w	r3, #33554432	@ 0x2000000
 80014de:	d0fa      	beq.n	80014d6 <rcc216MHzInit+0x86>
 80014e0:	4b0b      	ldr	r3, [pc, #44]	@ (8001510 <rcc216MHzInit+0xc0>)
 80014e2:	689a      	ldr	r2, [r3, #8]
 80014e4:	609a      	str	r2, [r3, #8]
 80014e6:	689a      	ldr	r2, [r3, #8]
 80014e8:	f442 52a0 	orr.w	r2, r2, #5120	@ 0x1400
 80014ec:	609a      	str	r2, [r3, #8]
 80014ee:	689a      	ldr	r2, [r3, #8]
 80014f0:	f442 4200 	orr.w	r2, r2, #32768	@ 0x8000
 80014f4:	609a      	str	r2, [r3, #8]
 80014f6:	689a      	ldr	r2, [r3, #8]
 80014f8:	f042 0202 	orr.w	r2, r2, #2
 80014fc:	609a      	str	r2, [r3, #8]
 80014fe:	4b04      	ldr	r3, [pc, #16]	@ (8001510 <rcc216MHzInit+0xc0>)
 8001500:	689b      	ldr	r3, [r3, #8]
 8001502:	f013 0f08 	tst.w	r3, #8
 8001506:	d0fa      	beq.n	80014fe <rcc216MHzInit+0xae>
 8001508:	4b04      	ldr	r3, [pc, #16]	@ (800151c <rcc216MHzInit+0xcc>)
 800150a:	4a05      	ldr	r2, [pc, #20]	@ (8001520 <rcc216MHzInit+0xd0>)
 800150c:	601a      	str	r2, [r3, #0]
 800150e:	4770      	bx	lr
 8001510:	40023800 	.word	0x40023800
 8001514:	40007000 	.word	0x40007000
 8001518:	40023c00 	.word	0x40023c00
 800151c:	20000000 	.word	0x20000000
 8001520:	0cdfe600 	.word	0x0cdfe600

08001524 <transferCompleteCallback>:
 8001524:	4b06      	ldr	r3, [pc, #24]	@ (8001540 <transferCompleteCallback+0x1c>)
 8001526:	781b      	ldrb	r3, [r3, #0]
 8001528:	2b00      	cmp	r3, #0
 800152a:	d0fb      	beq.n	8001524 <transferCompleteCallback>
 800152c:	4a05      	ldr	r2, [pc, #20]	@ (8001544 <transferCompleteCallback+0x20>)
 800152e:	6813      	ldr	r3, [r2, #0]
 8001530:	f023 0340 	bic.w	r3, r3, #64	@ 0x40
 8001534:	6013      	str	r3, [r2, #0]
 8001536:	4b02      	ldr	r3, [pc, #8]	@ (8001540 <transferCompleteCallback+0x1c>)
 8001538:	2200      	movs	r2, #0
 800153a:	701a      	strb	r2, [r3, #0]
 800153c:	4770      	bx	lr
 800153e:	bf00      	nop
 8001540:	20000369 	.word	0x20000369
 8001544:	40013000 	.word	0x40013000

08001548 <spi1Init>:
 8001548:	b508      	push	{r3, lr}
 800154a:	48a5      	ldr	r0, [pc, #660]	@ (80017e0 <spi1Init+0x298>)
 800154c:	f003 fba0 	bl	8004c90 <puts>
 8001550:	4aa4      	ldr	r2, [pc, #656]	@ (80017e4 <spi1Init+0x29c>)
 8001552:	6b13      	ldr	r3, [r2, #48]	@ 0x30
 8001554:	f043 0301 	orr.w	r3, r3, #1
 8001558:	6313      	str	r3, [r2, #48]	@ 0x30
 800155a:	4ba3      	ldr	r3, [pc, #652]	@ (80017e8 <spi1Init+0x2a0>)
 800155c:	6819      	ldr	r1, [r3, #0]
 800155e:	f421 7140 	bic.w	r1, r1, #768	@ 0x300
 8001562:	6019      	str	r1, [r3, #0]
 8001564:	6819      	ldr	r1, [r3, #0]
 8001566:	f441 7100 	orr.w	r1, r1, #512	@ 0x200
 800156a:	6019      	str	r1, [r3, #0]
 800156c:	6899      	ldr	r1, [r3, #8]
 800156e:	f441 7140 	orr.w	r1, r1, #768	@ 0x300
 8001572:	6099      	str	r1, [r3, #8]
 8001574:	6859      	ldr	r1, [r3, #4]
 8001576:	f021 0110 	bic.w	r1, r1, #16
 800157a:	6059      	str	r1, [r3, #4]
 800157c:	68d9      	ldr	r1, [r3, #12]
 800157e:	f441 7180 	orr.w	r1, r1, #256	@ 0x100
 8001582:	60d9      	str	r1, [r3, #12]
 8001584:	6a19      	ldr	r1, [r3, #32]
 8001586:	f421 2170 	bic.w	r1, r1, #983040	@ 0xf0000
 800158a:	6219      	str	r1, [r3, #32]
 800158c:	6a19      	ldr	r1, [r3, #32]
 800158e:	f441 21a0 	orr.w	r1, r1, #327680	@ 0x50000
 8001592:	6219      	str	r1, [r3, #32]
 8001594:	6819      	ldr	r1, [r3, #0]
 8001596:	f421 6140 	bic.w	r1, r1, #3072	@ 0xc00
 800159a:	6019      	str	r1, [r3, #0]
 800159c:	6819      	ldr	r1, [r3, #0]
 800159e:	f441 6100 	orr.w	r1, r1, #2048	@ 0x800
 80015a2:	6019      	str	r1, [r3, #0]
 80015a4:	6899      	ldr	r1, [r3, #8]
 80015a6:	f441 6140 	orr.w	r1, r1, #3072	@ 0xc00
 80015aa:	6099      	str	r1, [r3, #8]
 80015ac:	6859      	ldr	r1, [r3, #4]
 80015ae:	f021 0120 	bic.w	r1, r1, #32
 80015b2:	6059      	str	r1, [r3, #4]
 80015b4:	68d9      	ldr	r1, [r3, #12]
 80015b6:	f441 6180 	orr.w	r1, r1, #1024	@ 0x400
 80015ba:	60d9      	str	r1, [r3, #12]
 80015bc:	6a19      	ldr	r1, [r3, #32]
 80015be:	f421 0170 	bic.w	r1, r1, #15728640	@ 0xf00000
 80015c2:	6219      	str	r1, [r3, #32]
 80015c4:	6a19      	ldr	r1, [r3, #32]
 80015c6:	f441 01a0 	orr.w	r1, r1, #5242880	@ 0x500000
 80015ca:	6219      	str	r1, [r3, #32]
 80015cc:	6819      	ldr	r1, [r3, #0]
 80015ce:	f421 5140 	bic.w	r1, r1, #12288	@ 0x3000
 80015d2:	6019      	str	r1, [r3, #0]
 80015d4:	6819      	ldr	r1, [r3, #0]
 80015d6:	f441 5100 	orr.w	r1, r1, #8192	@ 0x2000
 80015da:	6019      	str	r1, [r3, #0]
 80015dc:	6899      	ldr	r1, [r3, #8]
 80015de:	f441 5140 	orr.w	r1, r1, #12288	@ 0x3000
 80015e2:	6099      	str	r1, [r3, #8]
 80015e4:	6859      	ldr	r1, [r3, #4]
 80015e6:	f021 0140 	bic.w	r1, r1, #64	@ 0x40
 80015ea:	6059      	str	r1, [r3, #4]
 80015ec:	68d9      	ldr	r1, [r3, #12]
 80015ee:	f441 5180 	orr.w	r1, r1, #4096	@ 0x1000
 80015f2:	60d9      	str	r1, [r3, #12]
 80015f4:	6a19      	ldr	r1, [r3, #32]
 80015f6:	f021 6170 	bic.w	r1, r1, #251658240	@ 0xf000000
 80015fa:	6219      	str	r1, [r3, #32]
 80015fc:	6a19      	ldr	r1, [r3, #32]
 80015fe:	f041 61a0 	orr.w	r1, r1, #83886080	@ 0x5000000
 8001602:	6219      	str	r1, [r3, #32]
 8001604:	6819      	ldr	r1, [r3, #0]
 8001606:	f421 4140 	bic.w	r1, r1, #49152	@ 0xc000
 800160a:	6019      	str	r1, [r3, #0]
 800160c:	6819      	ldr	r1, [r3, #0]
 800160e:	f441 4100 	orr.w	r1, r1, #32768	@ 0x8000
 8001612:	6019      	str	r1, [r3, #0]
 8001614:	6899      	ldr	r1, [r3, #8]
 8001616:	f441 4140 	orr.w	r1, r1, #49152	@ 0xc000
 800161a:	6099      	str	r1, [r3, #8]
 800161c:	6859      	ldr	r1, [r3, #4]
 800161e:	f021 0180 	bic.w	r1, r1, #128	@ 0x80
 8001622:	6059      	str	r1, [r3, #4]
 8001624:	68d9      	ldr	r1, [r3, #12]
 8001626:	f441 4180 	orr.w	r1, r1, #16384	@ 0x4000
 800162a:	60d9      	str	r1, [r3, #12]
 800162c:	6a19      	ldr	r1, [r3, #32]
 800162e:	f021 4170 	bic.w	r1, r1, #4026531840	@ 0xf0000000
 8001632:	6219      	str	r1, [r3, #32]
 8001634:	6a19      	ldr	r1, [r3, #32]
 8001636:	f041 41a0 	orr.w	r1, r1, #1342177280	@ 0x50000000
 800163a:	6219      	str	r1, [r3, #32]
 800163c:	6c53      	ldr	r3, [r2, #68]	@ 0x44
 800163e:	f443 5380 	orr.w	r3, r3, #4096	@ 0x1000
 8001642:	6453      	str	r3, [r2, #68]	@ 0x44
 8001644:	4b69      	ldr	r3, [pc, #420]	@ (80017ec <spi1Init+0x2a4>)
 8001646:	681a      	ldr	r2, [r3, #0]
 8001648:	f022 0240 	bic.w	r2, r2, #64	@ 0x40
 800164c:	601a      	str	r2, [r3, #0]
 800164e:	681a      	ldr	r2, [r3, #0]
 8001650:	f422 4200 	bic.w	r2, r2, #32768	@ 0x8000
 8001654:	601a      	str	r2, [r3, #0]
 8001656:	681a      	ldr	r2, [r3, #0]
 8001658:	f042 0204 	orr.w	r2, r2, #4
 800165c:	601a      	str	r2, [r3, #0]
 800165e:	685a      	ldr	r2, [r3, #4]
 8001660:	f442 62e0 	orr.w	r2, r2, #1792	@ 0x700
 8001664:	605a      	str	r2, [r3, #4]
 8001666:	681a      	ldr	r2, [r3, #0]
 8001668:	f042 0201 	orr.w	r2, r2, #1
 800166c:	601a      	str	r2, [r3, #0]
 800166e:	681a      	ldr	r2, [r3, #0]
 8001670:	f042 0202 	orr.w	r2, r2, #2
 8001674:	601a      	str	r2, [r3, #0]
 8001676:	681a      	ldr	r2, [r3, #0]
 8001678:	f422 7200 	bic.w	r2, r2, #512	@ 0x200
 800167c:	601a      	str	r2, [r3, #0]
 800167e:	681a      	ldr	r2, [r3, #0]
 8001680:	f422 7280 	bic.w	r2, r2, #256	@ 0x100
 8001684:	601a      	str	r2, [r3, #0]
 8001686:	685a      	ldr	r2, [r3, #4]
 8001688:	f042 0204 	orr.w	r2, r2, #4
 800168c:	605a      	str	r2, [r3, #4]
 800168e:	681a      	ldr	r2, [r3, #0]
 8001690:	f042 0230 	orr.w	r2, r2, #48	@ 0x30
 8001694:	601a      	str	r2, [r3, #0]
 8001696:	681a      	ldr	r2, [r3, #0]
 8001698:	f022 0280 	bic.w	r2, r2, #128	@ 0x80
 800169c:	601a      	str	r2, [r3, #0]
 800169e:	681a      	ldr	r2, [r3, #0]
 80016a0:	f422 5200 	bic.w	r2, r2, #8192	@ 0x2000
 80016a4:	601a      	str	r2, [r3, #0]
 80016a6:	685a      	ldr	r2, [r3, #4]
 80016a8:	f042 0203 	orr.w	r2, r2, #3
 80016ac:	605a      	str	r2, [r3, #4]
 80016ae:	685a      	ldr	r2, [r3, #4]
 80016b0:	f442 5280 	orr.w	r2, r2, #4096	@ 0x1000
 80016b4:	605a      	str	r2, [r3, #4]
 80016b6:	4a4e      	ldr	r2, [pc, #312]	@ (80017f0 <spi1Init+0x2a8>)
 80016b8:	6913      	ldr	r3, [r2, #16]
 80016ba:	f023 0301 	bic.w	r3, r3, #1
 80016be:	6113      	str	r3, [r2, #16]
 80016c0:	4b4b      	ldr	r3, [pc, #300]	@ (80017f0 <spi1Init+0x2a8>)
 80016c2:	691b      	ldr	r3, [r3, #16]
 80016c4:	f013 0f01 	tst.w	r3, #1
 80016c8:	d1fa      	bne.n	80016c0 <spi1Init+0x178>
 80016ca:	4b49      	ldr	r3, [pc, #292]	@ (80017f0 <spi1Init+0x2a8>)
 80016cc:	2200      	movs	r2, #0
 80016ce:	611a      	str	r2, [r3, #16]
 80016d0:	615a      	str	r2, [r3, #20]
 80016d2:	619a      	str	r2, [r3, #24]
 80016d4:	61da      	str	r2, [r3, #28]
 80016d6:	621a      	str	r2, [r3, #32]
 80016d8:	2221      	movs	r2, #33	@ 0x21
 80016da:	625a      	str	r2, [r3, #36]	@ 0x24
 80016dc:	691a      	ldr	r2, [r3, #16]
 80016de:	f022 52f0 	bic.w	r2, r2, #503316480	@ 0x1e000000
 80016e2:	611a      	str	r2, [r3, #16]
 80016e4:	689a      	ldr	r2, [r3, #8]
 80016e6:	f042 023f 	orr.w	r2, r2, #63	@ 0x3f
 80016ea:	609a      	str	r2, [r3, #8]
 80016ec:	6d9a      	ldr	r2, [r3, #88]	@ 0x58
 80016ee:	f022 0201 	bic.w	r2, r2, #1
 80016f2:	659a      	str	r2, [r3, #88]	@ 0x58
 80016f4:	4b3e      	ldr	r3, [pc, #248]	@ (80017f0 <spi1Init+0x2a8>)
 80016f6:	6d9b      	ldr	r3, [r3, #88]	@ 0x58
 80016f8:	f013 0f01 	tst.w	r3, #1
 80016fc:	d1fa      	bne.n	80016f4 <spi1Init+0x1ac>
 80016fe:	4b3c      	ldr	r3, [pc, #240]	@ (80017f0 <spi1Init+0x2a8>)
 8001700:	2200      	movs	r2, #0
 8001702:	659a      	str	r2, [r3, #88]	@ 0x58
 8001704:	65da      	str	r2, [r3, #92]	@ 0x5c
 8001706:	661a      	str	r2, [r3, #96]	@ 0x60
 8001708:	665a      	str	r2, [r3, #100]	@ 0x64
 800170a:	669a      	str	r2, [r3, #104]	@ 0x68
 800170c:	2121      	movs	r1, #33	@ 0x21
 800170e:	66d9      	str	r1, [r3, #108]	@ 0x6c
 8001710:	6d99      	ldr	r1, [r3, #88]	@ 0x58
 8001712:	f021 51f0 	bic.w	r1, r1, #503316480	@ 0x1e000000
 8001716:	6599      	str	r1, [r3, #88]	@ 0x58
 8001718:	6899      	ldr	r1, [r3, #8]
 800171a:	f041 6174 	orr.w	r1, r1, #255852544	@ 0xf400000
 800171e:	6099      	str	r1, [r3, #8]
 8001720:	6919      	ldr	r1, [r3, #16]
 8001722:	f041 61c0 	orr.w	r1, r1, #100663296	@ 0x6000000
 8001726:	6119      	str	r1, [r3, #16]
 8001728:	61da      	str	r2, [r3, #28]
 800172a:	6919      	ldr	r1, [r3, #16]
 800172c:	f021 01c0 	bic.w	r1, r1, #192	@ 0xc0
 8001730:	6119      	str	r1, [r3, #16]
 8001732:	6a59      	ldr	r1, [r3, #36]	@ 0x24
 8001734:	f021 0104 	bic.w	r1, r1, #4
 8001738:	6259      	str	r1, [r3, #36]	@ 0x24
 800173a:	6a59      	ldr	r1, [r3, #36]	@ 0x24
 800173c:	f021 0103 	bic.w	r1, r1, #3
 8001740:	6259      	str	r1, [r3, #36]	@ 0x24
 8001742:	6919      	ldr	r1, [r3, #16]
 8001744:	f021 71c0 	bic.w	r1, r1, #25165824	@ 0x1800000
 8001748:	6119      	str	r1, [r3, #16]
 800174a:	6919      	ldr	r1, [r3, #16]
 800174c:	f421 01c0 	bic.w	r1, r1, #6291456	@ 0x600000
 8001750:	6119      	str	r1, [r3, #16]
 8001752:	4828      	ldr	r0, [pc, #160]	@ (80017f4 <spi1Init+0x2ac>)
 8001754:	6198      	str	r0, [r3, #24]
 8001756:	615a      	str	r2, [r3, #20]
 8001758:	6919      	ldr	r1, [r3, #16]
 800175a:	f421 7100 	bic.w	r1, r1, #512	@ 0x200
 800175e:	6119      	str	r1, [r3, #16]
 8001760:	6919      	ldr	r1, [r3, #16]
 8001762:	f441 6180 	orr.w	r1, r1, #1024	@ 0x400
 8001766:	6119      	str	r1, [r3, #16]
 8001768:	6919      	ldr	r1, [r3, #16]
 800176a:	f421 41c0 	bic.w	r1, r1, #24576	@ 0x6000
 800176e:	6119      	str	r1, [r3, #16]
 8001770:	6919      	ldr	r1, [r3, #16]
 8001772:	f421 51c0 	bic.w	r1, r1, #6144	@ 0x1800
 8001776:	6119      	str	r1, [r3, #16]
 8001778:	6919      	ldr	r1, [r3, #16]
 800177a:	f421 7180 	bic.w	r1, r1, #256	@ 0x100
 800177e:	6119      	str	r1, [r3, #16]
 8001780:	6919      	ldr	r1, [r3, #16]
 8001782:	f441 3140 	orr.w	r1, r1, #196608	@ 0x30000
 8001786:	6119      	str	r1, [r3, #16]
 8001788:	6919      	ldr	r1, [r3, #16]
 800178a:	f041 0110 	orr.w	r1, r1, #16
 800178e:	6119      	str	r1, [r3, #16]
 8001790:	6d99      	ldr	r1, [r3, #88]	@ 0x58
 8001792:	f041 61c0 	orr.w	r1, r1, #100663296	@ 0x6000000
 8001796:	6599      	str	r1, [r3, #88]	@ 0x58
 8001798:	665a      	str	r2, [r3, #100]	@ 0x64
 800179a:	6d99      	ldr	r1, [r3, #88]	@ 0x58
 800179c:	f041 0140 	orr.w	r1, r1, #64	@ 0x40
 80017a0:	6599      	str	r1, [r3, #88]	@ 0x58
 80017a2:	6ed9      	ldr	r1, [r3, #108]	@ 0x6c
 80017a4:	f021 0104 	bic.w	r1, r1, #4
 80017a8:	66d9      	str	r1, [r3, #108]	@ 0x6c
 80017aa:	6ed9      	ldr	r1, [r3, #108]	@ 0x6c
 80017ac:	f021 0103 	bic.w	r1, r1, #3
 80017b0:	66d9      	str	r1, [r3, #108]	@ 0x6c
 80017b2:	6d99      	ldr	r1, [r3, #88]	@ 0x58
 80017b4:	f021 71c0 	bic.w	r1, r1, #25165824	@ 0x1800000
 80017b8:	6599      	str	r1, [r3, #88]	@ 0x58
 80017ba:	6d99      	ldr	r1, [r3, #88]	@ 0x58
 80017bc:	f421 01c0 	bic.w	r1, r1, #6291456	@ 0x600000
 80017c0:	6599      	str	r1, [r3, #88]	@ 0x58
 80017c2:	6618      	str	r0, [r3, #96]	@ 0x60
 80017c4:	65da      	str	r2, [r3, #92]	@ 0x5c
 80017c6:	6d9a      	ldr	r2, [r3, #88]	@ 0x58
 80017c8:	f422 7200 	bic.w	r2, r2, #512	@ 0x200
 80017cc:	659a      	str	r2, [r3, #88]	@ 0x58
 80017ce:	6d9a      	ldr	r2, [r3, #88]	@ 0x58
 80017d0:	f442 6280 	orr.w	r2, r2, #1024	@ 0x400
 80017d4:	659a      	str	r2, [r3, #88]	@ 0x58
 80017d6:	6d9a      	ldr	r2, [r3, #88]	@ 0x58
 80017d8:	f422 42c0 	bic.w	r2, r2, #24576	@ 0x6000
 80017dc:	659a      	str	r2, [r3, #88]	@ 0x58
 80017de:	e00b      	b.n	80017f8 <spi1Init+0x2b0>
 80017e0:	08006f2c 	.word	0x08006f2c
 80017e4:	40023800 	.word	0x40023800
 80017e8:	40020000 	.word	0x40020000
 80017ec:	40013000 	.word	0x40013000
 80017f0:	40026400 	.word	0x40026400
 80017f4:	4001300c 	.word	0x4001300c
 80017f8:	6d9a      	ldr	r2, [r3, #88]	@ 0x58
 80017fa:	f422 52c0 	bic.w	r2, r2, #6144	@ 0x1800
 80017fe:	659a      	str	r2, [r3, #88]	@ 0x58
 8001800:	6d9a      	ldr	r2, [r3, #88]	@ 0x58
 8001802:	f422 7280 	bic.w	r2, r2, #256	@ 0x100
 8001806:	659a      	str	r2, [r3, #88]	@ 0x58
 8001808:	6d9a      	ldr	r2, [r3, #88]	@ 0x58
 800180a:	f442 3240 	orr.w	r2, r2, #196608	@ 0x30000
 800180e:	659a      	str	r2, [r3, #88]	@ 0x58
 8001810:	6d9a      	ldr	r2, [r3, #88]	@ 0x58
 8001812:	f042 0210 	orr.w	r2, r2, #16
 8001816:	659a      	str	r2, [r3, #88]	@ 0x58
 8001818:	bd08      	pop	{r3, pc}

0800181a <spi1ReadBytes>:
 800181a:	b500      	push	{lr}
 800181c:	b083      	sub	sp, #12
 800181e:	f88d 0007 	strb.w	r0, [sp, #7]
 8001822:	b2c3      	uxtb	r3, r0
 8001824:	f063 037f 	orn	r3, r3, #127	@ 0x7f
 8001828:	f88d 3007 	strb.w	r3, [sp, #7]
 800182c:	4819      	ldr	r0, [pc, #100]	@ (8001894 <spi1ReadBytes+0x7a>)
 800182e:	6903      	ldr	r3, [r0, #16]
 8001830:	f023 0301 	bic.w	r3, r3, #1
 8001834:	6103      	str	r3, [r0, #16]
 8001836:	4b17      	ldr	r3, [pc, #92]	@ (8001894 <spi1ReadBytes+0x7a>)
 8001838:	691b      	ldr	r3, [r3, #16]
 800183a:	f013 0f01 	tst.w	r3, #1
 800183e:	d1fa      	bne.n	8001836 <spi1ReadBytes+0x1c>
 8001840:	4b14      	ldr	r3, [pc, #80]	@ (8001894 <spi1ReadBytes+0x7a>)
 8001842:	6918      	ldr	r0, [r3, #16]
 8001844:	f040 60c0 	orr.w	r0, r0, #100663296	@ 0x6000000
 8001848:	6118      	str	r0, [r3, #16]
 800184a:	615a      	str	r2, [r3, #20]
 800184c:	61d9      	str	r1, [r3, #28]
 800184e:	6d99      	ldr	r1, [r3, #88]	@ 0x58
 8001850:	f021 0101 	bic.w	r1, r1, #1
 8001854:	6599      	str	r1, [r3, #88]	@ 0x58
 8001856:	4b0f      	ldr	r3, [pc, #60]	@ (8001894 <spi1ReadBytes+0x7a>)
 8001858:	6d9b      	ldr	r3, [r3, #88]	@ 0x58
 800185a:	f013 0f01 	tst.w	r3, #1
 800185e:	d1fa      	bne.n	8001856 <spi1ReadBytes+0x3c>
 8001860:	4b0c      	ldr	r3, [pc, #48]	@ (8001894 <spi1ReadBytes+0x7a>)
 8001862:	6d99      	ldr	r1, [r3, #88]	@ 0x58
 8001864:	f041 61c0 	orr.w	r1, r1, #100663296	@ 0x6000000
 8001868:	6599      	str	r1, [r3, #88]	@ 0x58
 800186a:	65da      	str	r2, [r3, #92]	@ 0x5c
 800186c:	f10d 0207 	add.w	r2, sp, #7
 8001870:	665a      	str	r2, [r3, #100]	@ 0x64
 8001872:	4909      	ldr	r1, [pc, #36]	@ (8001898 <spi1ReadBytes+0x7e>)
 8001874:	680a      	ldr	r2, [r1, #0]
 8001876:	f042 0240 	orr.w	r2, r2, #64	@ 0x40
 800187a:	600a      	str	r2, [r1, #0]
 800187c:	691a      	ldr	r2, [r3, #16]
 800187e:	f042 0201 	orr.w	r2, r2, #1
 8001882:	611a      	str	r2, [r3, #16]
 8001884:	6d9a      	ldr	r2, [r3, #88]	@ 0x58
 8001886:	f042 0201 	orr.w	r2, r2, #1
 800188a:	659a      	str	r2, [r3, #88]	@ 0x58
 800188c:	f7ff fe4a 	bl	8001524 <transferCompleteCallback>
 8001890:	b003      	add	sp, #12
 8001892:	bd00      	pop	{pc}
 8001894:	40026400 	.word	0x40026400
 8001898:	40013000 	.word	0x40013000

0800189c <spi1WriteBytes>:
 800189c:	b508      	push	{r3, lr}
 800189e:	4a1b      	ldr	r2, [pc, #108]	@ (800190c <spi1WriteBytes+0x70>)
 80018a0:	6913      	ldr	r3, [r2, #16]
 80018a2:	f023 0301 	bic.w	r3, r3, #1
 80018a6:	6113      	str	r3, [r2, #16]
 80018a8:	4b18      	ldr	r3, [pc, #96]	@ (800190c <spi1WriteBytes+0x70>)
 80018aa:	691b      	ldr	r3, [r3, #16]
 80018ac:	f013 0f01 	tst.w	r3, #1
 80018b0:	d1fa      	bne.n	80018a8 <spi1WriteBytes+0xc>
 80018b2:	4b16      	ldr	r3, [pc, #88]	@ (800190c <spi1WriteBytes+0x70>)
 80018b4:	691a      	ldr	r2, [r3, #16]
 80018b6:	f042 62c0 	orr.w	r2, r2, #100663296	@ 0x6000000
 80018ba:	611a      	str	r2, [r3, #16]
 80018bc:	6159      	str	r1, [r3, #20]
 80018be:	4a14      	ldr	r2, [pc, #80]	@ (8001910 <spi1WriteBytes+0x74>)
 80018c0:	61da      	str	r2, [r3, #28]
 80018c2:	6d9a      	ldr	r2, [r3, #88]	@ 0x58
 80018c4:	f022 0201 	bic.w	r2, r2, #1
 80018c8:	659a      	str	r2, [r3, #88]	@ 0x58
 80018ca:	4b10      	ldr	r3, [pc, #64]	@ (800190c <spi1WriteBytes+0x70>)
 80018cc:	6d9b      	ldr	r3, [r3, #88]	@ 0x58
 80018ce:	f013 0f01 	tst.w	r3, #1
 80018d2:	d1fa      	bne.n	80018ca <spi1WriteBytes+0x2e>
 80018d4:	4b0d      	ldr	r3, [pc, #52]	@ (800190c <spi1WriteBytes+0x70>)
 80018d6:	6d9a      	ldr	r2, [r3, #88]	@ 0x58
 80018d8:	f042 62c0 	orr.w	r2, r2, #100663296	@ 0x6000000
 80018dc:	659a      	str	r2, [r3, #88]	@ 0x58
 80018de:	65d9      	str	r1, [r3, #92]	@ 0x5c
 80018e0:	6658      	str	r0, [r3, #100]	@ 0x64
 80018e2:	6d9a      	ldr	r2, [r3, #88]	@ 0x58
 80018e4:	f042 0210 	orr.w	r2, r2, #16
 80018e8:	659a      	str	r2, [r3, #88]	@ 0x58
 80018ea:	490a      	ldr	r1, [pc, #40]	@ (8001914 <spi1WriteBytes+0x78>)
 80018ec:	680a      	ldr	r2, [r1, #0]
 80018ee:	f042 0240 	orr.w	r2, r2, #64	@ 0x40
 80018f2:	600a      	str	r2, [r1, #0]
 80018f4:	691a      	ldr	r2, [r3, #16]
 80018f6:	f042 0201 	orr.w	r2, r2, #1
 80018fa:	611a      	str	r2, [r3, #16]
 80018fc:	6d9a      	ldr	r2, [r3, #88]	@ 0x58
 80018fe:	f042 0201 	orr.w	r2, r2, #1
 8001902:	659a      	str	r2, [r3, #88]	@ 0x58
 8001904:	f7ff fe0e 	bl	8001524 <transferCompleteCallback>
 8001908:	bd08      	pop	{r3, pc}
 800190a:	bf00      	nop
 800190c:	40026400 	.word	0x40026400
 8001910:	2000036a 	.word	0x2000036a
 8001914:	40013000 	.word	0x40013000

08001918 <spi1ReadOneByte>:
 8001918:	b500      	push	{lr}
 800191a:	b083      	sub	sp, #12
 800191c:	f88d 0007 	strb.w	r0, [sp, #7]
 8001920:	b2c3      	uxtb	r3, r0
 8001922:	f063 037f 	orn	r3, r3, #127	@ 0x7f
 8001926:	f88d 3007 	strb.w	r3, [sp, #7]
 800192a:	4a1b      	ldr	r2, [pc, #108]	@ (8001998 <spi1ReadOneByte+0x80>)
 800192c:	6913      	ldr	r3, [r2, #16]
 800192e:	f023 0301 	bic.w	r3, r3, #1
 8001932:	6113      	str	r3, [r2, #16]
 8001934:	4b18      	ldr	r3, [pc, #96]	@ (8001998 <spi1ReadOneByte+0x80>)
 8001936:	691b      	ldr	r3, [r3, #16]
 8001938:	f013 0f01 	tst.w	r3, #1
 800193c:	d1fa      	bne.n	8001934 <spi1ReadOneByte+0x1c>
 800193e:	4b16      	ldr	r3, [pc, #88]	@ (8001998 <spi1ReadOneByte+0x80>)
 8001940:	691a      	ldr	r2, [r3, #16]
 8001942:	f042 62c0 	orr.w	r2, r2, #100663296	@ 0x6000000
 8001946:	611a      	str	r2, [r3, #16]
 8001948:	2202      	movs	r2, #2
 800194a:	615a      	str	r2, [r3, #20]
 800194c:	61d9      	str	r1, [r3, #28]
 800194e:	6d9a      	ldr	r2, [r3, #88]	@ 0x58
 8001950:	f022 0201 	bic.w	r2, r2, #1
 8001954:	659a      	str	r2, [r3, #88]	@ 0x58
 8001956:	4b10      	ldr	r3, [pc, #64]	@ (8001998 <spi1ReadOneByte+0x80>)
 8001958:	6d9b      	ldr	r3, [r3, #88]	@ 0x58
 800195a:	f013 0f01 	tst.w	r3, #1
 800195e:	d1fa      	bne.n	8001956 <spi1ReadOneByte+0x3e>
 8001960:	4b0d      	ldr	r3, [pc, #52]	@ (8001998 <spi1ReadOneByte+0x80>)
 8001962:	6d9a      	ldr	r2, [r3, #88]	@ 0x58
 8001964:	f042 62c0 	orr.w	r2, r2, #100663296	@ 0x6000000
 8001968:	659a      	str	r2, [r3, #88]	@ 0x58
 800196a:	2202      	movs	r2, #2
 800196c:	65da      	str	r2, [r3, #92]	@ 0x5c
 800196e:	f10d 0207 	add.w	r2, sp, #7
 8001972:	665a      	str	r2, [r3, #100]	@ 0x64
 8001974:	4909      	ldr	r1, [pc, #36]	@ (800199c <spi1ReadOneByte+0x84>)
 8001976:	680a      	ldr	r2, [r1, #0]
 8001978:	f042 0240 	orr.w	r2, r2, #64	@ 0x40
 800197c:	600a      	str	r2, [r1, #0]
 800197e:	691a      	ldr	r2, [r3, #16]
 8001980:	f042 0201 	orr.w	r2, r2, #1
 8001984:	611a      	str	r2, [r3, #16]
 8001986:	6d9a      	ldr	r2, [r3, #88]	@ 0x58
 8001988:	f042 0201 	orr.w	r2, r2, #1
 800198c:	659a      	str	r2, [r3, #88]	@ 0x58
 800198e:	f7ff fdc9 	bl	8001524 <transferCompleteCallback>
 8001992:	b003      	add	sp, #12
 8001994:	bd00      	pop	{pc}
 8001996:	bf00      	nop
 8001998:	40026400 	.word	0x40026400
 800199c:	40013000 	.word	0x40013000

080019a0 <spi1WriteOneByte>:
 80019a0:	b500      	push	{lr}
 80019a2:	b083      	sub	sp, #12
 80019a4:	f88d 0004 	strb.w	r0, [sp, #4]
 80019a8:	f88d 1005 	strb.w	r1, [sp, #5]
 80019ac:	4a1a      	ldr	r2, [pc, #104]	@ (8001a18 <spi1WriteOneByte+0x78>)
 80019ae:	6913      	ldr	r3, [r2, #16]
 80019b0:	f023 0301 	bic.w	r3, r3, #1
 80019b4:	6113      	str	r3, [r2, #16]
 80019b6:	4b18      	ldr	r3, [pc, #96]	@ (8001a18 <spi1WriteOneByte+0x78>)
 80019b8:	691b      	ldr	r3, [r3, #16]
 80019ba:	f013 0f01 	tst.w	r3, #1
 80019be:	d1fa      	bne.n	80019b6 <spi1WriteOneByte+0x16>
 80019c0:	4b15      	ldr	r3, [pc, #84]	@ (8001a18 <spi1WriteOneByte+0x78>)
 80019c2:	691a      	ldr	r2, [r3, #16]
 80019c4:	f042 62c0 	orr.w	r2, r2, #100663296	@ 0x6000000
 80019c8:	611a      	str	r2, [r3, #16]
 80019ca:	2202      	movs	r2, #2
 80019cc:	615a      	str	r2, [r3, #20]
 80019ce:	4a13      	ldr	r2, [pc, #76]	@ (8001a1c <spi1WriteOneByte+0x7c>)
 80019d0:	61da      	str	r2, [r3, #28]
 80019d2:	6d9a      	ldr	r2, [r3, #88]	@ 0x58
 80019d4:	f022 0201 	bic.w	r2, r2, #1
 80019d8:	659a      	str	r2, [r3, #88]	@ 0x58
 80019da:	4b0f      	ldr	r3, [pc, #60]	@ (8001a18 <spi1WriteOneByte+0x78>)
 80019dc:	6d9b      	ldr	r3, [r3, #88]	@ 0x58
 80019de:	f013 0f01 	tst.w	r3, #1
 80019e2:	d1fa      	bne.n	80019da <spi1WriteOneByte+0x3a>
 80019e4:	4b0c      	ldr	r3, [pc, #48]	@ (8001a18 <spi1WriteOneByte+0x78>)
 80019e6:	6d9a      	ldr	r2, [r3, #88]	@ 0x58
 80019e8:	f042 62c0 	orr.w	r2, r2, #100663296	@ 0x6000000
 80019ec:	659a      	str	r2, [r3, #88]	@ 0x58
 80019ee:	2202      	movs	r2, #2
 80019f0:	65da      	str	r2, [r3, #92]	@ 0x5c
 80019f2:	aa01      	add	r2, sp, #4
 80019f4:	665a      	str	r2, [r3, #100]	@ 0x64
 80019f6:	490a      	ldr	r1, [pc, #40]	@ (8001a20 <spi1WriteOneByte+0x80>)
 80019f8:	680a      	ldr	r2, [r1, #0]
 80019fa:	f042 0240 	orr.w	r2, r2, #64	@ 0x40
 80019fe:	600a      	str	r2, [r1, #0]
 8001a00:	691a      	ldr	r2, [r3, #16]
 8001a02:	f042 0201 	orr.w	r2, r2, #1
 8001a06:	611a      	str	r2, [r3, #16]
 8001a08:	6d9a      	ldr	r2, [r3, #88]	@ 0x58
 8001a0a:	f042 0201 	orr.w	r2, r2, #1
 8001a0e:	659a      	str	r2, [r3, #88]	@ 0x58
 8001a10:	f7ff fd88 	bl	8001524 <transferCompleteCallback>
 8001a14:	b003      	add	sp, #12
 8001a16:	bd00      	pop	{pc}
 8001a18:	40026400 	.word	0x40026400
 8001a1c:	2000036b 	.word	0x2000036b
 8001a20:	40013000 	.word	0x40013000

08001a24 <DMA2_Stream0_IRQHandler>:
 8001a24:	4b06      	ldr	r3, [pc, #24]	@ (8001a40 <DMA2_Stream0_IRQHandler+0x1c>)
 8001a26:	681b      	ldr	r3, [r3, #0]
 8001a28:	f013 0f20 	tst.w	r3, #32
 8001a2c:	d007      	beq.n	8001a3e <DMA2_Stream0_IRQHandler+0x1a>
 8001a2e:	4a04      	ldr	r2, [pc, #16]	@ (8001a40 <DMA2_Stream0_IRQHandler+0x1c>)
 8001a30:	6893      	ldr	r3, [r2, #8]
 8001a32:	f043 0320 	orr.w	r3, r3, #32
 8001a36:	6093      	str	r3, [r2, #8]
 8001a38:	4b02      	ldr	r3, [pc, #8]	@ (8001a44 <DMA2_Stream0_IRQHandler+0x20>)
 8001a3a:	2201      	movs	r2, #1
 8001a3c:	701a      	strb	r2, [r3, #0]
 8001a3e:	4770      	bx	lr
 8001a40:	40026400 	.word	0x40026400
 8001a44:	20000369 	.word	0x20000369

08001a48 <DMA2_Stream3_IRQHandler>:
 8001a48:	4b05      	ldr	r3, [pc, #20]	@ (8001a60 <DMA2_Stream3_IRQHandler+0x18>)
 8001a4a:	681b      	ldr	r3, [r3, #0]
 8001a4c:	f013 6f00 	tst.w	r3, #134217728	@ 0x8000000
 8001a50:	d004      	beq.n	8001a5c <DMA2_Stream3_IRQHandler+0x14>
 8001a52:	4a03      	ldr	r2, [pc, #12]	@ (8001a60 <DMA2_Stream3_IRQHandler+0x18>)
 8001a54:	6893      	ldr	r3, [r2, #8]
 8001a56:	f043 6300 	orr.w	r3, r3, #134217728	@ 0x8000000
 8001a5a:	6093      	str	r3, [r2, #8]
 8001a5c:	4770      	bx	lr
 8001a5e:	bf00      	nop
 8001a60:	40026400 	.word	0x40026400

08001a64 <cycleCounterInit>:
 8001a64:	4b0a      	ldr	r3, [pc, #40]	@ (8001a90 <cycleCounterInit+0x2c>)
 8001a66:	681b      	ldr	r3, [r3, #0]
 8001a68:	4a0a      	ldr	r2, [pc, #40]	@ (8001a94 <cycleCounterInit+0x30>)
 8001a6a:	fba2 2303 	umull	r2, r3, r2, r3
 8001a6e:	0c9b      	lsrs	r3, r3, #18
 8001a70:	4a09      	ldr	r2, [pc, #36]	@ (8001a98 <cycleCounterInit+0x34>)
 8001a72:	6013      	str	r3, [r2, #0]
 8001a74:	4a09      	ldr	r2, [pc, #36]	@ (8001a9c <cycleCounterInit+0x38>)
 8001a76:	f8d2 30fc 	ldr.w	r3, [r2, #252]	@ 0xfc
 8001a7a:	f043 7380 	orr.w	r3, r3, #16777216	@ 0x1000000
 8001a7e:	f8c2 30fc 	str.w	r3, [r2, #252]	@ 0xfc
 8001a82:	f5a2 425d 	sub.w	r2, r2, #56576	@ 0xdd00
 8001a86:	6813      	ldr	r3, [r2, #0]
 8001a88:	f043 0301 	orr.w	r3, r3, #1
 8001a8c:	6013      	str	r3, [r2, #0]
 8001a8e:	4770      	bx	lr
 8001a90:	20000000 	.word	0x20000000
 8001a94:	431bde83 	.word	0x431bde83
 8001a98:	2000036c 	.word	0x2000036c
 8001a9c:	e000ed00 	.word	0xe000ed00

08001aa0 <SysTick_Handler>:
 8001aa0:	4b43      	ldr	r3, [pc, #268]	@ (8001bb0 <SysTick_Handler+0x110>)
 8001aa2:	685a      	ldr	r2, [r3, #4]
 8001aa4:	4b43      	ldr	r3, [pc, #268]	@ (8001bb4 <SysTick_Handler+0x114>)
 8001aa6:	605a      	str	r2, [r3, #4]
 8001aa8:	689a      	ldr	r2, [r3, #8]
 8001aaa:	3201      	adds	r2, #1
 8001aac:	609a      	str	r2, [r3, #8]
 8001aae:	7b1b      	ldrb	r3, [r3, #12]
 8001ab0:	2b01      	cmp	r3, #1
 8001ab2:	d000      	beq.n	8001ab6 <SysTick_Handler+0x16>
 8001ab4:	4770      	bx	lr
 8001ab6:	4b40      	ldr	r3, [pc, #256]	@ (8001bb8 <SysTick_Handler+0x118>)
 8001ab8:	781b      	ldrb	r3, [r3, #0]
 8001aba:	2b00      	cmp	r3, #0
 8001abc:	d1fa      	bne.n	8001ab4 <SysTick_Handler+0x14>
 8001abe:	4b3f      	ldr	r3, [pc, #252]	@ (8001bbc <SysTick_Handler+0x11c>)
 8001ac0:	781b      	ldrb	r3, [r3, #0]
 8001ac2:	2b00      	cmp	r3, #0
 8001ac4:	d1f6      	bne.n	8001ab4 <SysTick_Handler+0x14>
 8001ac6:	4a3b      	ldr	r2, [pc, #236]	@ (8001bb4 <SysTick_Handler+0x114>)
 8001ac8:	89d3      	ldrh	r3, [r2, #14]
 8001aca:	3301      	adds	r3, #1
 8001acc:	b29b      	uxth	r3, r3
 8001ace:	81d3      	strh	r3, [r2, #14]
 8001ad0:	f5b3 7f7a 	cmp.w	r3, #1000	@ 0x3e8
 8001ad4:	d302      	bcc.n	8001adc <SysTick_Handler+0x3c>
 8001ad6:	4613      	mov	r3, r2
 8001ad8:	2200      	movs	r2, #0
 8001ada:	81da      	strh	r2, [r3, #14]
 8001adc:	4b35      	ldr	r3, [pc, #212]	@ (8001bb4 <SysTick_Handler+0x114>)
 8001ade:	7c1a      	ldrb	r2, [r3, #16]
 8001ae0:	f042 0201 	orr.w	r2, r2, #1
 8001ae4:	741a      	strb	r2, [r3, #16]
 8001ae6:	89db      	ldrh	r3, [r3, #14]
 8001ae8:	f013 0f01 	tst.w	r3, #1
 8001aec:	d104      	bne.n	8001af8 <SysTick_Handler+0x58>
 8001aee:	4931      	ldr	r1, [pc, #196]	@ (8001bb4 <SysTick_Handler+0x114>)
 8001af0:	7c0a      	ldrb	r2, [r1, #16]
 8001af2:	f042 0202 	orr.w	r2, r2, #2
 8001af6:	740a      	strb	r2, [r1, #16]
 8001af8:	4a31      	ldr	r2, [pc, #196]	@ (8001bc0 <SysTick_Handler+0x120>)
 8001afa:	fba2 1203 	umull	r1, r2, r2, r3
 8001afe:	0892      	lsrs	r2, r2, #2
 8001b00:	eb02 0282 	add.w	r2, r2, r2, lsl #2
 8001b04:	1a9a      	subs	r2, r3, r2
 8001b06:	b292      	uxth	r2, r2
 8001b08:	b922      	cbnz	r2, 8001b14 <SysTick_Handler+0x74>
 8001b0a:	492a      	ldr	r1, [pc, #168]	@ (8001bb4 <SysTick_Handler+0x114>)
 8001b0c:	7c0a      	ldrb	r2, [r1, #16]
 8001b0e:	f042 0204 	orr.w	r2, r2, #4
 8001b12:	740a      	strb	r2, [r1, #16]
 8001b14:	4a2a      	ldr	r2, [pc, #168]	@ (8001bc0 <SysTick_Handler+0x120>)
 8001b16:	fba2 1203 	umull	r1, r2, r2, r3
 8001b1a:	08d2      	lsrs	r2, r2, #3
 8001b1c:	eb02 0282 	add.w	r2, r2, r2, lsl #2
 8001b20:	eba3 0242 	sub.w	r2, r3, r2, lsl #1
 8001b24:	b292      	uxth	r2, r2
 8001b26:	b922      	cbnz	r2, 8001b32 <SysTick_Handler+0x92>
 8001b28:	4922      	ldr	r1, [pc, #136]	@ (8001bb4 <SysTick_Handler+0x114>)
 8001b2a:	7c0a      	ldrb	r2, [r1, #16]
 8001b2c:	f042 0208 	orr.w	r2, r2, #8
 8001b30:	740a      	strb	r2, [r1, #16]
 8001b32:	4a23      	ldr	r2, [pc, #140]	@ (8001bc0 <SysTick_Handler+0x120>)
 8001b34:	fba2 1203 	umull	r1, r2, r2, r3
 8001b38:	0912      	lsrs	r2, r2, #4
 8001b3a:	eb02 0282 	add.w	r2, r2, r2, lsl #2
 8001b3e:	eba3 0282 	sub.w	r2, r3, r2, lsl #2
 8001b42:	b292      	uxth	r2, r2
 8001b44:	b922      	cbnz	r2, 8001b50 <SysTick_Handler+0xb0>
 8001b46:	491b      	ldr	r1, [pc, #108]	@ (8001bb4 <SysTick_Handler+0x114>)
 8001b48:	7c0a      	ldrb	r2, [r1, #16]
 8001b4a:	f042 0210 	orr.w	r2, r2, #16
 8001b4e:	740a      	strb	r2, [r1, #16]
 8001b50:	4a1c      	ldr	r2, [pc, #112]	@ (8001bc4 <SysTick_Handler+0x124>)
 8001b52:	fba2 1203 	umull	r1, r2, r2, r3
 8001b56:	0952      	lsrs	r2, r2, #5
 8001b58:	2164      	movs	r1, #100	@ 0x64
 8001b5a:	fb01 3212 	mls	r2, r1, r2, r3
 8001b5e:	b292      	uxth	r2, r2
 8001b60:	b922      	cbnz	r2, 8001b6c <SysTick_Handler+0xcc>
 8001b62:	4914      	ldr	r1, [pc, #80]	@ (8001bb4 <SysTick_Handler+0x114>)
 8001b64:	7c0a      	ldrb	r2, [r1, #16]
 8001b66:	f042 0220 	orr.w	r2, r2, #32
 8001b6a:	740a      	strb	r2, [r1, #16]
 8001b6c:	4a15      	ldr	r2, [pc, #84]	@ (8001bc4 <SysTick_Handler+0x124>)
 8001b6e:	fba2 1203 	umull	r1, r2, r2, r3
 8001b72:	0992      	lsrs	r2, r2, #6
 8001b74:	21c8      	movs	r1, #200	@ 0xc8
 8001b76:	fb01 3212 	mls	r2, r1, r2, r3
 8001b7a:	b292      	uxth	r2, r2
 8001b7c:	b922      	cbnz	r2, 8001b88 <SysTick_Handler+0xe8>
 8001b7e:	490d      	ldr	r1, [pc, #52]	@ (8001bb4 <SysTick_Handler+0x114>)
 8001b80:	7c0a      	ldrb	r2, [r1, #16]
 8001b82:	f042 0240 	orr.w	r2, r2, #64	@ 0x40
 8001b86:	740a      	strb	r2, [r1, #16]
 8001b88:	4a0f      	ldr	r2, [pc, #60]	@ (8001bc8 <SysTick_Handler+0x128>)
 8001b8a:	fba2 1203 	umull	r1, r2, r2, r3
 8001b8e:	0992      	lsrs	r2, r2, #6
 8001b90:	f44f 717a 	mov.w	r1, #1000	@ 0x3e8
 8001b94:	fb01 3312 	mls	r3, r1, r2, r3
 8001b98:	b29b      	uxth	r3, r3
 8001b9a:	b923      	cbnz	r3, 8001ba6 <SysTick_Handler+0x106>
 8001b9c:	4a05      	ldr	r2, [pc, #20]	@ (8001bb4 <SysTick_Handler+0x114>)
 8001b9e:	7c13      	ldrb	r3, [r2, #16]
 8001ba0:	f043 0380 	orr.w	r3, r3, #128	@ 0x80
 8001ba4:	7413      	strb	r3, [r2, #16]
 8001ba6:	4b03      	ldr	r3, [pc, #12]	@ (8001bb4 <SysTick_Handler+0x114>)
 8001ba8:	2201      	movs	r2, #1
 8001baa:	745a      	strb	r2, [r3, #17]
 8001bac:	e782      	b.n	8001ab4 <SysTick_Handler+0x14>
 8001bae:	bf00      	nop
 8001bb0:	e0001000 	.word	0xe0001000
 8001bb4:	2000036c 	.word	0x2000036c
 8001bb8:	20001dd7 	.word	0x20001dd7
 8001bbc:	20001dc4 	.word	0x20001dc4
 8001bc0:	cccccccd 	.word	0xcccccccd
 8001bc4:	51eb851f 	.word	0x51eb851f
 8001bc8:	10624dd3 	.word	0x10624dd3

08001bcc <micros>:
 8001bcc:	4b0c      	ldr	r3, [pc, #48]	@ (8001c00 <micros+0x34>)
 8001bce:	f103 0208 	add.w	r2, r3, #8
 8001bd2:	e852 2f00 	ldrex	r2, [r2]
 8001bd6:	490b      	ldr	r1, [pc, #44]	@ (8001c04 <micros+0x38>)
 8001bd8:	6848      	ldr	r0, [r1, #4]
 8001bda:	f8d3 c004 	ldr.w	ip, [r3, #4]
 8001bde:	3308      	adds	r3, #8
 8001be0:	e843 2100 	strex	r1, r2, [r3]
 8001be4:	2900      	cmp	r1, #0
 8001be6:	d1f1      	bne.n	8001bcc <micros>
 8001be8:	eba0 000c 	sub.w	r0, r0, ip
 8001bec:	3b08      	subs	r3, #8
 8001bee:	681b      	ldr	r3, [r3, #0]
 8001bf0:	fbb0 f0f3 	udiv	r0, r0, r3
 8001bf4:	f44f 737a 	mov.w	r3, #1000	@ 0x3e8
 8001bf8:	fb03 0002 	mla	r0, r3, r2, r0
 8001bfc:	4770      	bx	lr
 8001bfe:	bf00      	nop
 8001c00:	2000036c 	.word	0x2000036c
 8001c04:	e0001000 	.word	0xe0001000

08001c08 <millis>:
 8001c08:	4b01      	ldr	r3, [pc, #4]	@ (8001c10 <millis+0x8>)
 8001c0a:	6898      	ldr	r0, [r3, #8]
 8001c0c:	4770      	bx	lr
 8001c0e:	bf00      	nop
 8001c10:	2000036c 	.word	0x2000036c

08001c14 <delayMicroseconds>:
 8001c14:	4b0c      	ldr	r3, [pc, #48]	@ (8001c48 <delayMicroseconds+0x34>)
 8001c16:	685a      	ldr	r2, [r3, #4]
 8001c18:	4b0c      	ldr	r3, [pc, #48]	@ (8001c4c <delayMicroseconds+0x38>)
 8001c1a:	21d8      	movs	r1, #216	@ 0xd8
 8001c1c:	6019      	str	r1, [r3, #0]
 8001c1e:	2300      	movs	r3, #0
 8001c20:	4909      	ldr	r1, [pc, #36]	@ (8001c48 <delayMicroseconds+0x34>)
 8001c22:	6849      	ldr	r1, [r1, #4]
 8001c24:	1a8a      	subs	r2, r1, r2
 8001c26:	4413      	add	r3, r2
 8001c28:	4a08      	ldr	r2, [pc, #32]	@ (8001c4c <delayMicroseconds+0x38>)
 8001c2a:	6812      	ldr	r2, [r2, #0]
 8001c2c:	fbb3 f2f2 	udiv	r2, r3, r2
 8001c30:	4290      	cmp	r0, r2
 8001c32:	d908      	bls.n	8001c46 <delayMicroseconds+0x32>
 8001c34:	1a80      	subs	r0, r0, r2
 8001c36:	4a05      	ldr	r2, [pc, #20]	@ (8001c4c <delayMicroseconds+0x38>)
 8001c38:	6812      	ldr	r2, [r2, #0]
 8001c3a:	fbb3 fcf2 	udiv	ip, r3, r2
 8001c3e:	fb02 331c 	mls	r3, r2, ip, r3
 8001c42:	460a      	mov	r2, r1
 8001c44:	e7ec      	b.n	8001c20 <delayMicroseconds+0xc>
 8001c46:	4770      	bx	lr
 8001c48:	e0001000 	.word	0xe0001000
 8001c4c:	2000036c 	.word	0x2000036c

08001c50 <delay>:
 8001c50:	b510      	push	{r4, lr}
 8001c52:	e004      	b.n	8001c5e <delay+0xe>
 8001c54:	f44f 707a 	mov.w	r0, #1000	@ 0x3e8
 8001c58:	f7ff ffdc 	bl	8001c14 <delayMicroseconds>
 8001c5c:	4620      	mov	r0, r4
 8001c5e:	1e44      	subs	r4, r0, #1
 8001c60:	2800      	cmp	r0, #0
 8001c62:	d1f7      	bne.n	8001c54 <delay+0x4>
 8001c64:	bd10      	pop	{r4, pc}

08001c66 <systemInit>:
 8001c66:	b510      	push	{r4, lr}
 8001c68:	f7ff fbf2 	bl	8001450 <rcc216MHzInit>
 8001c6c:	4b24      	ldr	r3, [pc, #144]	@ (8001d00 <systemInit+0x9a>)
 8001c6e:	681b      	ldr	r3, [r3, #0]
 8001c70:	4a24      	ldr	r2, [pc, #144]	@ (8001d04 <systemInit+0x9e>)
 8001c72:	fba2 2303 	umull	r2, r3, r2, r3
 8001c76:	099b      	lsrs	r3, r3, #6
 8001c78:	3b01      	subs	r3, #1
 8001c7a:	f1b3 7f80 	cmp.w	r3, #16777216	@ 0x1000000
 8001c7e:	d20a      	bcs.n	8001c96 <systemInit+0x30>
 8001c80:	f04f 22e0 	mov.w	r2, #3758153728	@ 0xe000e000
 8001c84:	6153      	str	r3, [r2, #20]
 8001c86:	4b20      	ldr	r3, [pc, #128]	@ (8001d08 <systemInit+0xa2>)
 8001c88:	21f0      	movs	r1, #240	@ 0xf0
 8001c8a:	f883 1023 	strb.w	r1, [r3, #35]	@ 0x23
 8001c8e:	2300      	movs	r3, #0
 8001c90:	6193      	str	r3, [r2, #24]
 8001c92:	2307      	movs	r3, #7
 8001c94:	6113      	str	r3, [r2, #16]
 8001c96:	f7fe fd90 	bl	80007ba <dmaInit>
 8001c9a:	f7ff fee3 	bl	8001a64 <cycleCounterInit>
 8001c9e:	f7ff fb0c 	bl	80012ba <printfInit>
 8001ca2:	f7fe fcf9 	bl	8000698 <drawAutodrone>
 8001ca6:	2101      	movs	r1, #1
 8001ca8:	2002      	movs	r0, #2
 8001caa:	f7fe fce5 	bl	8000678 <color>
 8001cae:	4817      	ldr	r0, [pc, #92]	@ (8001d0c <systemInit+0xa6>)
 8001cb0:	f002 ffee 	bl	8004c90 <puts>
 8001cb4:	4c16      	ldr	r4, [pc, #88]	@ (8001d10 <systemInit+0xaa>)
 8001cb6:	4620      	mov	r0, r4
 8001cb8:	f002 ffea 	bl	8004c90 <puts>
 8001cbc:	4620      	mov	r0, r4
 8001cbe:	f002 ffe7 	bl	8004c90 <puts>
 8001cc2:	f7fe fce1 	bl	8000688 <colorDefault>
 8001cc6:	2000      	movs	r0, #0
 8001cc8:	f7fe fadc 	bl	8000284 <checkFirstTime>
 8001ccc:	f7fe fa88 	bl	80001e0 <readEEPROM>
 8001cd0:	f44f 30e1 	mov.w	r0, #115200	@ 0x1c200
 8001cd4:	f000 fac2 	bl	800225c <usart2Init>
 8001cd8:	f000 f820 	bl	8001d1c <tim9Init>
 8001cdc:	f001 f932 	bl	8002f44 <orientSensors>
 8001ce0:	f000 fe88 	bl	80029f4 <ibusInit>
 8001ce4:	2800      	cmp	r0, #0
 8001ce6:	d0fb      	beq.n	8001ce0 <systemInit+0x7a>
 8001ce8:	f001 f986 	bl	8002ff8 <initPID>
 8001cec:	4b09      	ldr	r3, [pc, #36]	@ (8001d14 <systemInit+0xae>)
 8001cee:	781b      	ldrb	r3, [r3, #0]
 8001cf0:	b91b      	cbnz	r3, 8001cfa <systemInit+0x94>
 8001cf2:	4b09      	ldr	r3, [pc, #36]	@ (8001d18 <systemInit+0xb2>)
 8001cf4:	2201      	movs	r2, #1
 8001cf6:	701a      	strb	r2, [r3, #0]
 8001cf8:	bd10      	pop	{r4, pc}
 8001cfa:	f7fe fa7d 	bl	80001f8 <writeEEPROM>
 8001cfe:	e7f8      	b.n	8001cf2 <systemInit+0x8c>
 8001d00:	20000000 	.word	0x20000000
 8001d04:	10624dd3 	.word	0x10624dd3
 8001d08:	e000ed00 	.word	0xe000ed00
 8001d0c:	08006f40 	.word	0x08006f40
 8001d10:	08006f5c 	.word	0x08006f5c
 8001d14:	200001d0 	.word	0x200001d0
 8001d18:	20001d68 	.word	0x20001d68

08001d1c <tim9Init>:
 8001d1c:	4a07      	ldr	r2, [pc, #28]	@ (8001d3c <tim9Init+0x20>)
 8001d1e:	6c53      	ldr	r3, [r2, #68]	@ 0x44
 8001d20:	f443 3380 	orr.w	r3, r3, #65536	@ 0x10000
 8001d24:	6453      	str	r3, [r2, #68]	@ 0x44
 8001d26:	4b06      	ldr	r3, [pc, #24]	@ (8001d40 <tim9Init+0x24>)
 8001d28:	226b      	movs	r2, #107	@ 0x6b
 8001d2a:	629a      	str	r2, [r3, #40]	@ 0x28
 8001d2c:	f64f 72ff 	movw	r2, #65535	@ 0xffff
 8001d30:	62da      	str	r2, [r3, #44]	@ 0x2c
 8001d32:	f44f 627a 	mov.w	r2, #4000	@ 0xfa0
 8001d36:	625a      	str	r2, [r3, #36]	@ 0x24
 8001d38:	4770      	bx	lr
 8001d3a:	bf00      	nop
 8001d3c:	40023800 	.word	0x40023800
 8001d40:	40014000 	.word	0x40014000

08001d44 <tim9GetCnt>:
 8001d44:	4b01      	ldr	r3, [pc, #4]	@ (8001d4c <tim9GetCnt+0x8>)
 8001d46:	6a58      	ldr	r0, [r3, #36]	@ 0x24
 8001d48:	4770      	bx	lr
 8001d4a:	bf00      	nop
 8001d4c:	40014000 	.word	0x40014000

08001d50 <tim9ResetCnt>:
 8001d50:	4b01      	ldr	r3, [pc, #4]	@ (8001d58 <tim9ResetCnt+0x8>)
 8001d52:	2200      	movs	r2, #0
 8001d54:	625a      	str	r2, [r3, #36]	@ 0x24
 8001d56:	4770      	bx	lr
 8001d58:	40014000 	.word	0x40014000

08001d5c <tim9Enable>:
 8001d5c:	4a02      	ldr	r2, [pc, #8]	@ (8001d68 <tim9Enable+0xc>)
 8001d5e:	6813      	ldr	r3, [r2, #0]
 8001d60:	f043 0301 	orr.w	r3, r3, #1
 8001d64:	6013      	str	r3, [r2, #0]
 8001d66:	4770      	bx	lr
 8001d68:	40014000 	.word	0x40014000

08001d6c <tim9Disable>:
 8001d6c:	4a02      	ldr	r2, [pc, #8]	@ (8001d78 <tim9Disable+0xc>)
 8001d6e:	6813      	ldr	r3, [r2, #0]
 8001d70:	f023 0301 	bic.w	r3, r3, #1
 8001d74:	6013      	str	r3, [r2, #0]
 8001d76:	4770      	bx	lr
 8001d78:	40014000 	.word	0x40014000

08001d7c <getTimerValue>:
 8001d7c:	b510      	push	{r4, lr}
 8001d7e:	f7ff fff5 	bl	8001d6c <tim9Disable>
 8001d82:	f7ff ffdf 	bl	8001d44 <tim9GetCnt>
 8001d86:	b283      	uxth	r3, r0
 8001d88:	461c      	mov	r4, r3
 8001d8a:	f7ff ffe1 	bl	8001d50 <tim9ResetCnt>
 8001d8e:	f7ff ffe5 	bl	8001d5c <tim9Enable>
 8001d92:	4620      	mov	r0, r4
 8001d94:	bd10      	pop	{r4, pc}
 8001d96:	bf00      	nop

08001d98 <NVIC_EncodePriority>:
 8001d98:	b500      	push	{lr}
 8001d9a:	f000 0007 	and.w	r0, r0, #7
 8001d9e:	f1a0 0c03 	sub.w	ip, r0, #3
 8001da2:	f1bc 0f04 	cmp.w	ip, #4
 8001da6:	d807      	bhi.n	8001db8 <NVIC_EncodePriority+0x20>
 8001da8:	f1c0 0e07 	rsb	lr, r0, #7
 8001dac:	3004      	adds	r0, #4
 8001dae:	2806      	cmp	r0, #6
 8001db0:	d806      	bhi.n	8001dc0 <NVIC_EncodePriority+0x28>
 8001db2:	f04f 0c00 	mov.w	ip, #0
 8001db6:	e003      	b.n	8001dc0 <NVIC_EncodePriority+0x28>
 8001db8:	f04f 0e04 	mov.w	lr, #4
 8001dbc:	f04f 0c00 	mov.w	ip, #0
 8001dc0:	f04f 33ff 	mov.w	r3, #4294967295	@ 0xffffffff
 8001dc4:	fa03 f00e 	lsl.w	r0, r3, lr
 8001dc8:	ea21 0100 	bic.w	r1, r1, r0
 8001dcc:	fa01 f10c 	lsl.w	r1, r1, ip
 8001dd0:	fa03 f30c 	lsl.w	r3, r3, ip
 8001dd4:	ea22 0203 	bic.w	r2, r2, r3
 8001dd8:	ea41 0002 	orr.w	r0, r1, r2
 8001ddc:	bd00      	pop	{pc}

08001dde <usart_process_data>:
 8001dde:	b508      	push	{r3, lr}
 8001de0:	460a      	mov	r2, r1
 8001de2:	4601      	mov	r1, r0
 8001de4:	4801      	ldr	r0, [pc, #4]	@ (8001dec <usart_process_data+0xe>)
 8001de6:	f000 fea2 	bl	8002b2e <lwrb_write>
 8001dea:	bd08      	pop	{r3, pc}
 8001dec:	20000f84 	.word	0x20000f84

08001df0 <usart_rx_check>:
 8001df0:	b538      	push	{r3, r4, r5, lr}
 8001df2:	4b10      	ldr	r3, [pc, #64]	@ (8001e34 <usart_rx_check+0x44>)
 8001df4:	6c5d      	ldr	r5, [r3, #68]	@ 0x44
 8001df6:	f5c5 6480 	rsb	r4, r5, #1024	@ 0x400
 8001dfa:	4b0f      	ldr	r3, [pc, #60]	@ (8001e38 <usart_rx_check+0x48>)
 8001dfc:	f8d3 3c14 	ldr.w	r3, [r3, #3092]	@ 0xc14
 8001e00:	42a3      	cmp	r3, r4
 8001e02:	d008      	beq.n	8001e16 <usart_rx_check+0x26>
 8001e04:	d208      	bcs.n	8001e18 <usart_rx_check+0x28>
 8001e06:	1ae1      	subs	r1, r4, r3
 8001e08:	480b      	ldr	r0, [pc, #44]	@ (8001e38 <usart_rx_check+0x48>)
 8001e0a:	4418      	add	r0, r3
 8001e0c:	f7ff ffe7 	bl	8001dde <usart_process_data>
 8001e10:	4b09      	ldr	r3, [pc, #36]	@ (8001e38 <usart_rx_check+0x48>)
 8001e12:	f8c3 4c14 	str.w	r4, [r3, #3092]	@ 0xc14
 8001e16:	bd38      	pop	{r3, r4, r5, pc}
 8001e18:	f5c3 6180 	rsb	r1, r3, #1024	@ 0x400
 8001e1c:	4806      	ldr	r0, [pc, #24]	@ (8001e38 <usart_rx_check+0x48>)
 8001e1e:	4418      	add	r0, r3
 8001e20:	f7ff ffdd 	bl	8001dde <usart_process_data>
 8001e24:	f5b5 6f80 	cmp.w	r5, #1024	@ 0x400
 8001e28:	d0f2      	beq.n	8001e10 <usart_rx_check+0x20>
 8001e2a:	4621      	mov	r1, r4
 8001e2c:	4802      	ldr	r0, [pc, #8]	@ (8001e38 <usart_rx_check+0x48>)
 8001e2e:	f7ff ffd6 	bl	8001dde <usart_process_data>
 8001e32:	e7ed      	b.n	8001e10 <usart_rx_check+0x20>
 8001e34:	40026400 	.word	0x40026400
 8001e38:	20000384 	.word	0x20000384

08001e3c <usart1Init>:
 8001e3c:	b538      	push	{r3, r4, r5, lr}
 8001e3e:	4605      	mov	r5, r0
 8001e40:	486d      	ldr	r0, [pc, #436]	@ (8001ff8 <usart1Init+0x1bc>)
 8001e42:	f002 ff25 	bl	8004c90 <puts>
 8001e46:	4c6d      	ldr	r4, [pc, #436]	@ (8001ffc <usart1Init+0x1c0>)
 8001e48:	6b23      	ldr	r3, [r4, #48]	@ 0x30
 8001e4a:	f043 0302 	orr.w	r3, r3, #2
 8001e4e:	6323      	str	r3, [r4, #48]	@ 0x30
 8001e50:	4b6b      	ldr	r3, [pc, #428]	@ (8002000 <usart1Init+0x1c4>)
 8001e52:	681a      	ldr	r2, [r3, #0]
 8001e54:	f422 4240 	bic.w	r2, r2, #49152	@ 0xc000
 8001e58:	601a      	str	r2, [r3, #0]
 8001e5a:	681a      	ldr	r2, [r3, #0]
 8001e5c:	f442 4200 	orr.w	r2, r2, #32768	@ 0x8000
 8001e60:	601a      	str	r2, [r3, #0]
 8001e62:	689a      	ldr	r2, [r3, #8]
 8001e64:	f442 4240 	orr.w	r2, r2, #49152	@ 0xc000
 8001e68:	609a      	str	r2, [r3, #8]
 8001e6a:	685a      	ldr	r2, [r3, #4]
 8001e6c:	f022 0280 	bic.w	r2, r2, #128	@ 0x80
 8001e70:	605a      	str	r2, [r3, #4]
 8001e72:	68da      	ldr	r2, [r3, #12]
 8001e74:	f422 4240 	bic.w	r2, r2, #49152	@ 0xc000
 8001e78:	60da      	str	r2, [r3, #12]
 8001e7a:	6a1a      	ldr	r2, [r3, #32]
 8001e7c:	f022 4270 	bic.w	r2, r2, #4026531840	@ 0xf0000000
 8001e80:	621a      	str	r2, [r3, #32]
 8001e82:	6a1a      	ldr	r2, [r3, #32]
 8001e84:	f042 42e0 	orr.w	r2, r2, #1879048192	@ 0x70000000
 8001e88:	621a      	str	r2, [r3, #32]
 8001e8a:	4b5e      	ldr	r3, [pc, #376]	@ (8002004 <usart1Init+0x1c8>)
 8001e8c:	68d8      	ldr	r0, [r3, #12]
 8001e8e:	2200      	movs	r2, #0
 8001e90:	4611      	mov	r1, r2
 8001e92:	f3c0 2002 	ubfx	r0, r0, #8, #3
 8001e96:	f7ff ff7f 	bl	8001d98 <NVIC_EncodePriority>
 8001e9a:	0103      	lsls	r3, r0, #4
 8001e9c:	b2db      	uxtb	r3, r3
 8001e9e:	4a5a      	ldr	r2, [pc, #360]	@ (8002008 <usart1Init+0x1cc>)
 8001ea0:	f882 3325 	strb.w	r3, [r2, #805]	@ 0x325
 8001ea4:	2320      	movs	r3, #32
 8001ea6:	6053      	str	r3, [r2, #4]
 8001ea8:	6c63      	ldr	r3, [r4, #68]	@ 0x44
 8001eaa:	f043 0310 	orr.w	r3, r3, #16
 8001eae:	6463      	str	r3, [r4, #68]	@ 0x44
 8001eb0:	4b56      	ldr	r3, [pc, #344]	@ (800200c <usart1Init+0x1d0>)
 8001eb2:	681a      	ldr	r2, [r3, #0]
 8001eb4:	f022 0201 	bic.w	r2, r2, #1
 8001eb8:	601a      	str	r2, [r3, #0]
 8001eba:	4a55      	ldr	r2, [pc, #340]	@ (8002010 <usart1Init+0x1d4>)
 8001ebc:	fbb2 f2f5 	udiv	r2, r2, r5
 8001ec0:	60da      	str	r2, [r3, #12]
 8001ec2:	681a      	ldr	r2, [r3, #0]
 8001ec4:	f022 2210 	bic.w	r2, r2, #268439552	@ 0x10001000
 8001ec8:	601a      	str	r2, [r3, #0]
 8001eca:	685a      	ldr	r2, [r3, #4]
 8001ecc:	f422 5240 	bic.w	r2, r2, #12288	@ 0x3000
 8001ed0:	605a      	str	r2, [r3, #4]
 8001ed2:	681a      	ldr	r2, [r3, #0]
 8001ed4:	f422 6280 	bic.w	r2, r2, #1024	@ 0x400
 8001ed8:	601a      	str	r2, [r3, #0]
 8001eda:	681a      	ldr	r2, [r3, #0]
 8001edc:	f042 020c 	orr.w	r2, r2, #12
 8001ee0:	601a      	str	r2, [r3, #0]
 8001ee2:	689a      	ldr	r2, [r3, #8]
 8001ee4:	f422 7240 	bic.w	r2, r2, #768	@ 0x300
 8001ee8:	609a      	str	r2, [r3, #8]
 8001eea:	681a      	ldr	r2, [r3, #0]
 8001eec:	f422 4200 	bic.w	r2, r2, #32768	@ 0x8000
 8001ef0:	601a      	str	r2, [r3, #0]
 8001ef2:	4a48      	ldr	r2, [pc, #288]	@ (8002014 <usart1Init+0x1d8>)
 8001ef4:	6c13      	ldr	r3, [r2, #64]	@ 0x40
 8001ef6:	f023 0301 	bic.w	r3, r3, #1
 8001efa:	6413      	str	r3, [r2, #64]	@ 0x40
 8001efc:	4b45      	ldr	r3, [pc, #276]	@ (8002014 <usart1Init+0x1d8>)
 8001efe:	6c1b      	ldr	r3, [r3, #64]	@ 0x40
 8001f00:	f013 0f01 	tst.w	r3, #1
 8001f04:	d1fa      	bne.n	8001efc <usart1Init+0xc0>
 8001f06:	4b43      	ldr	r3, [pc, #268]	@ (8002014 <usart1Init+0x1d8>)
 8001f08:	6c1a      	ldr	r2, [r3, #64]	@ 0x40
 8001f0a:	f022 02c0 	bic.w	r2, r2, #192	@ 0xc0
 8001f0e:	641a      	str	r2, [r3, #64]	@ 0x40
 8001f10:	6d5a      	ldr	r2, [r3, #84]	@ 0x54
 8001f12:	f022 0204 	bic.w	r2, r2, #4
 8001f16:	655a      	str	r2, [r3, #84]	@ 0x54
 8001f18:	6c1a      	ldr	r2, [r3, #64]	@ 0x40
 8001f1a:	f022 72c0 	bic.w	r2, r2, #25165824	@ 0x1800000
 8001f1e:	641a      	str	r2, [r3, #64]	@ 0x40
 8001f20:	6c1a      	ldr	r2, [r3, #64]	@ 0x40
 8001f22:	f422 02c0 	bic.w	r2, r2, #6291456	@ 0x600000
 8001f26:	641a      	str	r2, [r3, #64]	@ 0x40
 8001f28:	4a3b      	ldr	r2, [pc, #236]	@ (8002018 <usart1Init+0x1dc>)
 8001f2a:	649a      	str	r2, [r3, #72]	@ 0x48
 8001f2c:	6c1a      	ldr	r2, [r3, #64]	@ 0x40
 8001f2e:	f422 7200 	bic.w	r2, r2, #512	@ 0x200
 8001f32:	641a      	str	r2, [r3, #64]	@ 0x40
 8001f34:	6c1a      	ldr	r2, [r3, #64]	@ 0x40
 8001f36:	f442 6280 	orr.w	r2, r2, #1024	@ 0x400
 8001f3a:	641a      	str	r2, [r3, #64]	@ 0x40
 8001f3c:	6c1a      	ldr	r2, [r3, #64]	@ 0x40
 8001f3e:	f422 42c0 	bic.w	r2, r2, #24576	@ 0x6000
 8001f42:	641a      	str	r2, [r3, #64]	@ 0x40
 8001f44:	6c1a      	ldr	r2, [r3, #64]	@ 0x40
 8001f46:	f422 52c0 	bic.w	r2, r2, #6144	@ 0x1800
 8001f4a:	641a      	str	r2, [r3, #64]	@ 0x40
 8001f4c:	6c1a      	ldr	r2, [r3, #64]	@ 0x40
 8001f4e:	f442 7280 	orr.w	r2, r2, #256	@ 0x100
 8001f52:	641a      	str	r2, [r3, #64]	@ 0x40
 8001f54:	6c1a      	ldr	r2, [r3, #64]	@ 0x40
 8001f56:	f442 3240 	orr.w	r2, r2, #196608	@ 0x30000
 8001f5a:	641a      	str	r2, [r3, #64]	@ 0x40
 8001f5c:	f8d3 20b8 	ldr.w	r2, [r3, #184]	@ 0xb8
 8001f60:	f022 0201 	bic.w	r2, r2, #1
 8001f64:	f8c3 20b8 	str.w	r2, [r3, #184]	@ 0xb8
 8001f68:	4b2a      	ldr	r3, [pc, #168]	@ (8002014 <usart1Init+0x1d8>)
 8001f6a:	f8d3 30b8 	ldr.w	r3, [r3, #184]	@ 0xb8
 8001f6e:	f013 0f01 	tst.w	r3, #1
 8001f72:	d1f9      	bne.n	8001f68 <usart1Init+0x12c>
 8001f74:	4b27      	ldr	r3, [pc, #156]	@ (8002014 <usart1Init+0x1d8>)
 8001f76:	f8d3 20b8 	ldr.w	r2, [r3, #184]	@ 0xb8
 8001f7a:	f042 02c0 	orr.w	r2, r2, #192	@ 0xc0
 8001f7e:	f8c3 20b8 	str.w	r2, [r3, #184]	@ 0xb8
 8001f82:	f8d3 20cc 	ldr.w	r2, [r3, #204]	@ 0xcc
 8001f86:	f022 0204 	bic.w	r2, r2, #4
 8001f8a:	f8c3 20cc 	str.w	r2, [r3, #204]	@ 0xcc
 8001f8e:	f8d3 20b8 	ldr.w	r2, [r3, #184]	@ 0xb8
 8001f92:	f022 72c0 	bic.w	r2, r2, #25165824	@ 0x1800000
 8001f96:	f8c3 20b8 	str.w	r2, [r3, #184]	@ 0xb8
 8001f9a:	f8d3 20b8 	ldr.w	r2, [r3, #184]	@ 0xb8
 8001f9e:	f422 02c0 	bic.w	r2, r2, #6291456	@ 0x600000
 8001fa2:	f8c3 20b8 	str.w	r2, [r3, #184]	@ 0xb8
 8001fa6:	4a1d      	ldr	r2, [pc, #116]	@ (800201c <usart1Init+0x1e0>)
 8001fa8:	f8c3 20c0 	str.w	r2, [r3, #192]	@ 0xc0
 8001fac:	f8d3 20b8 	ldr.w	r2, [r3, #184]	@ 0xb8
 8001fb0:	f422 7200 	bic.w	r2, r2, #512	@ 0x200
 8001fb4:	f8c3 20b8 	str.w	r2, [r3, #184]	@ 0xb8
 8001fb8:	f8d3 20b8 	ldr.w	r2, [r3, #184]	@ 0xb8
 8001fbc:	f442 6280 	orr.w	r2, r2, #1024	@ 0x400
 8001fc0:	f8c3 20b8 	str.w	r2, [r3, #184]	@ 0xb8
 8001fc4:	f8d3 20b8 	ldr.w	r2, [r3, #184]	@ 0xb8
 8001fc8:	f422 42c0 	bic.w	r2, r2, #24576	@ 0x6000
 8001fcc:	f8c3 20b8 	str.w	r2, [r3, #184]	@ 0xb8
 8001fd0:	f8d3 20b8 	ldr.w	r2, [r3, #184]	@ 0xb8
 8001fd4:	f422 52c0 	bic.w	r2, r2, #6144	@ 0x1800
 8001fd8:	f8c3 20b8 	str.w	r2, [r3, #184]	@ 0xb8
 8001fdc:	f8d3 20b8 	ldr.w	r2, [r3, #184]	@ 0xb8
 8001fe0:	f422 7280 	bic.w	r2, r2, #256	@ 0x100
 8001fe4:	f8c3 20b8 	str.w	r2, [r3, #184]	@ 0xb8
 8001fe8:	f8d3 20b8 	ldr.w	r2, [r3, #184]	@ 0xb8
 8001fec:	f442 3240 	orr.w	r2, r2, #196608	@ 0x30000
 8001ff0:	f8c3 20b8 	str.w	r2, [r3, #184]	@ 0xb8
 8001ff4:	bd38      	pop	{r3, r4, r5, pc}
 8001ff6:	bf00      	nop
 8001ff8:	08006f80 	.word	0x08006f80
 8001ffc:	40023800 	.word	0x40023800
 8002000:	40020400 	.word	0x40020400
 8002004:	e000ed00 	.word	0xe000ed00
 8002008:	e000e100 	.word	0xe000e100
 800200c:	40011000 	.word	0x40011000
 8002010:	066ff300 	.word	0x066ff300
 8002014:	40026400 	.word	0x40026400
 8002018:	40011024 	.word	0x40011024
 800201c:	40011028 	.word	0x40011028

08002020 <usart1BeginRx>:
 8002020:	4b1b      	ldr	r3, [pc, #108]	@ (8002090 <usart1BeginRx+0x70>)
 8002022:	69db      	ldr	r3, [r3, #28]
 8002024:	f413 3f80 	tst.w	r3, #65536	@ 0x10000
 8002028:	d131      	bne.n	800208e <usart1BeginRx+0x6e>
 800202a:	4a1a      	ldr	r2, [pc, #104]	@ (8002094 <usart1BeginRx+0x74>)
 800202c:	6c13      	ldr	r3, [r2, #64]	@ 0x40
 800202e:	f023 0301 	bic.w	r3, r3, #1
 8002032:	6413      	str	r3, [r2, #64]	@ 0x40
 8002034:	4b17      	ldr	r3, [pc, #92]	@ (8002094 <usart1BeginRx+0x74>)
 8002036:	6c1b      	ldr	r3, [r3, #64]	@ 0x40
 8002038:	f013 0f01 	tst.w	r3, #1
 800203c:	d1fa      	bne.n	8002034 <usart1BeginRx+0x14>
 800203e:	4b15      	ldr	r3, [pc, #84]	@ (8002094 <usart1BeginRx+0x74>)
 8002040:	6c1a      	ldr	r2, [r3, #64]	@ 0x40
 8002042:	f042 6200 	orr.w	r2, r2, #134217728	@ 0x8000000
 8002046:	641a      	str	r2, [r3, #64]	@ 0x40
 8002048:	4a13      	ldr	r2, [pc, #76]	@ (8002098 <usart1BeginRx+0x78>)
 800204a:	64da      	str	r2, [r3, #76]	@ 0x4c
 800204c:	f44f 6280 	mov.w	r2, #1024	@ 0x400
 8002050:	645a      	str	r2, [r3, #68]	@ 0x44
 8002052:	689a      	ldr	r2, [r3, #8]
 8002054:	f442 127c 	orr.w	r2, r2, #4128768	@ 0x3f0000
 8002058:	609a      	str	r2, [r3, #8]
 800205a:	6c1a      	ldr	r2, [r3, #64]	@ 0x40
 800205c:	f042 0210 	orr.w	r2, r2, #16
 8002060:	641a      	str	r2, [r3, #64]	@ 0x40
 8002062:	6c1a      	ldr	r2, [r3, #64]	@ 0x40
 8002064:	f042 0208 	orr.w	r2, r2, #8
 8002068:	641a      	str	r2, [r3, #64]	@ 0x40
 800206a:	6c1a      	ldr	r2, [r3, #64]	@ 0x40
 800206c:	f042 0201 	orr.w	r2, r2, #1
 8002070:	641a      	str	r2, [r3, #64]	@ 0x40
 8002072:	f5a3 33aa 	sub.w	r3, r3, #87040	@ 0x15400
 8002076:	681a      	ldr	r2, [r3, #0]
 8002078:	f042 0210 	orr.w	r2, r2, #16
 800207c:	601a      	str	r2, [r3, #0]
 800207e:	689a      	ldr	r2, [r3, #8]
 8002080:	f042 0240 	orr.w	r2, r2, #64	@ 0x40
 8002084:	609a      	str	r2, [r3, #8]
 8002086:	681a      	ldr	r2, [r3, #0]
 8002088:	f042 0201 	orr.w	r2, r2, #1
 800208c:	601a      	str	r2, [r3, #0]
 800208e:	4770      	bx	lr
 8002090:	40011000 	.word	0x40011000
 8002094:	40026400 	.word	0x40026400
 8002098:	20000384 	.word	0x20000384

0800209c <usart1Tx>:
 800209c:	b510      	push	{r4, lr}
 800209e:	4604      	mov	r4, r0
 80020a0:	f001 faae 	bl	8003600 <strlen>
 80020a4:	4a13      	ldr	r2, [pc, #76]	@ (80020f4 <usart1Tx+0x58>)
 80020a6:	f8d2 30b8 	ldr.w	r3, [r2, #184]	@ 0xb8
 80020aa:	f023 0301 	bic.w	r3, r3, #1
 80020ae:	f8c2 30b8 	str.w	r3, [r2, #184]	@ 0xb8
 80020b2:	4b10      	ldr	r3, [pc, #64]	@ (80020f4 <usart1Tx+0x58>)
 80020b4:	f8d3 30b8 	ldr.w	r3, [r3, #184]	@ 0xb8
 80020b8:	f013 0f01 	tst.w	r3, #1
 80020bc:	d1f9      	bne.n	80020b2 <usart1Tx+0x16>
 80020be:	4b0d      	ldr	r3, [pc, #52]	@ (80020f4 <usart1Tx+0x58>)
 80020c0:	f8c3 00bc 	str.w	r0, [r3, #188]	@ 0xbc
 80020c4:	f8c3 40c4 	str.w	r4, [r3, #196]	@ 0xc4
 80020c8:	490b      	ldr	r1, [pc, #44]	@ (80020f8 <usart1Tx+0x5c>)
 80020ca:	688a      	ldr	r2, [r1, #8]
 80020cc:	f042 0280 	orr.w	r2, r2, #128	@ 0x80
 80020d0:	608a      	str	r2, [r1, #8]
 80020d2:	f8d3 20b8 	ldr.w	r2, [r3, #184]	@ 0xb8
 80020d6:	f042 0201 	orr.w	r2, r2, #1
 80020da:	f8c3 20b8 	str.w	r2, [r3, #184]	@ 0xb8
 80020de:	4b07      	ldr	r3, [pc, #28]	@ (80020fc <usart1Tx+0x60>)
 80020e0:	f893 3c18 	ldrb.w	r3, [r3, #3096]	@ 0xc18
 80020e4:	2b00      	cmp	r3, #0
 80020e6:	d0fa      	beq.n	80020de <usart1Tx+0x42>
 80020e8:	4b04      	ldr	r3, [pc, #16]	@ (80020fc <usart1Tx+0x60>)
 80020ea:	2200      	movs	r2, #0
 80020ec:	f883 2c18 	strb.w	r2, [r3, #3096]	@ 0xc18
 80020f0:	bd10      	pop	{r4, pc}
 80020f2:	bf00      	nop
 80020f4:	40026400 	.word	0x40026400
 80020f8:	40011000 	.word	0x40011000
 80020fc:	20000384 	.word	0x20000384

08002100 <USART1_IRQHandler>:
 8002100:	b508      	push	{r3, lr}
 8002102:	4b0e      	ldr	r3, [pc, #56]	@ (800213c <USART1_IRQHandler+0x3c>)
 8002104:	681b      	ldr	r3, [r3, #0]
 8002106:	f013 0f10 	tst.w	r3, #16
 800210a:	d004      	beq.n	8002116 <USART1_IRQHandler+0x16>
 800210c:	4b0b      	ldr	r3, [pc, #44]	@ (800213c <USART1_IRQHandler+0x3c>)
 800210e:	69db      	ldr	r3, [r3, #28]
 8002110:	f013 0f10 	tst.w	r3, #16
 8002114:	d10a      	bne.n	800212c <USART1_IRQHandler+0x2c>
 8002116:	4b09      	ldr	r3, [pc, #36]	@ (800213c <USART1_IRQHandler+0x3c>)
 8002118:	69db      	ldr	r3, [r3, #28]
 800211a:	f013 0f08 	tst.w	r3, #8
 800211e:	d004      	beq.n	800212a <USART1_IRQHandler+0x2a>
 8002120:	4a06      	ldr	r2, [pc, #24]	@ (800213c <USART1_IRQHandler+0x3c>)
 8002122:	6a13      	ldr	r3, [r2, #32]
 8002124:	f043 0308 	orr.w	r3, r3, #8
 8002128:	6213      	str	r3, [r2, #32]
 800212a:	bd08      	pop	{r3, pc}
 800212c:	4a03      	ldr	r2, [pc, #12]	@ (800213c <USART1_IRQHandler+0x3c>)
 800212e:	6a13      	ldr	r3, [r2, #32]
 8002130:	f043 0310 	orr.w	r3, r3, #16
 8002134:	6213      	str	r3, [r2, #32]
 8002136:	f7ff fe5b 	bl	8001df0 <usart_rx_check>
 800213a:	e7ec      	b.n	8002116 <USART1_IRQHandler+0x16>
 800213c:	40011000 	.word	0x40011000

08002140 <DMA2_Stream2_IRQHandler>:
 8002140:	4b0f      	ldr	r3, [pc, #60]	@ (8002180 <DMA2_Stream2_IRQHandler+0x40>)
 8002142:	681b      	ldr	r3, [r3, #0]
 8002144:	f413 1f00 	tst.w	r3, #2097152	@ 0x200000
 8002148:	d009      	beq.n	800215e <DMA2_Stream2_IRQHandler+0x1e>
 800214a:	4b0d      	ldr	r3, [pc, #52]	@ (8002180 <DMA2_Stream2_IRQHandler+0x40>)
 800214c:	6c1b      	ldr	r3, [r3, #64]	@ 0x40
 800214e:	f013 0f10 	tst.w	r3, #16
 8002152:	d004      	beq.n	800215e <DMA2_Stream2_IRQHandler+0x1e>
 8002154:	4a0a      	ldr	r2, [pc, #40]	@ (8002180 <DMA2_Stream2_IRQHandler+0x40>)
 8002156:	6893      	ldr	r3, [r2, #8]
 8002158:	f443 1300 	orr.w	r3, r3, #2097152	@ 0x200000
 800215c:	6093      	str	r3, [r2, #8]
 800215e:	4b08      	ldr	r3, [pc, #32]	@ (8002180 <DMA2_Stream2_IRQHandler+0x40>)
 8002160:	681b      	ldr	r3, [r3, #0]
 8002162:	f413 1f80 	tst.w	r3, #1048576	@ 0x100000
 8002166:	d009      	beq.n	800217c <DMA2_Stream2_IRQHandler+0x3c>
 8002168:	4b05      	ldr	r3, [pc, #20]	@ (8002180 <DMA2_Stream2_IRQHandler+0x40>)
 800216a:	6c1b      	ldr	r3, [r3, #64]	@ 0x40
 800216c:	f013 0f08 	tst.w	r3, #8
 8002170:	d004      	beq.n	800217c <DMA2_Stream2_IRQHandler+0x3c>
 8002172:	4a03      	ldr	r2, [pc, #12]	@ (8002180 <DMA2_Stream2_IRQHandler+0x40>)
 8002174:	6893      	ldr	r3, [r2, #8]
 8002176:	f443 1380 	orr.w	r3, r3, #1048576	@ 0x100000
 800217a:	6093      	str	r3, [r2, #8]
 800217c:	4770      	bx	lr
 800217e:	bf00      	nop
 8002180:	40026400 	.word	0x40026400

08002184 <DMA2_Stream7_IRQHandler>:
 8002184:	4b09      	ldr	r3, [pc, #36]	@ (80021ac <DMA2_Stream7_IRQHandler+0x28>)
 8002186:	681b      	ldr	r3, [r3, #0]
 8002188:	f413 1f00 	tst.w	r3, #2097152	@ 0x200000
 800218c:	d00d      	beq.n	80021aa <DMA2_Stream7_IRQHandler+0x26>
 800218e:	4b07      	ldr	r3, [pc, #28]	@ (80021ac <DMA2_Stream7_IRQHandler+0x28>)
 8002190:	6c1b      	ldr	r3, [r3, #64]	@ 0x40
 8002192:	f013 0f10 	tst.w	r3, #16
 8002196:	d008      	beq.n	80021aa <DMA2_Stream7_IRQHandler+0x26>
 8002198:	4a04      	ldr	r2, [pc, #16]	@ (80021ac <DMA2_Stream7_IRQHandler+0x28>)
 800219a:	6893      	ldr	r3, [r2, #8]
 800219c:	f443 1300 	orr.w	r3, r3, #2097152	@ 0x200000
 80021a0:	6093      	str	r3, [r2, #8]
 80021a2:	4b03      	ldr	r3, [pc, #12]	@ (80021b0 <DMA2_Stream7_IRQHandler+0x2c>)
 80021a4:	2201      	movs	r2, #1
 80021a6:	f883 2c18 	strb.w	r2, [r3, #3096]	@ 0xc18
 80021aa:	4770      	bx	lr
 80021ac:	40026400 	.word	0x40026400
 80021b0:	20000384 	.word	0x20000384

080021b4 <NVIC_EncodePriority>:
 80021b4:	b500      	push	{lr}
 80021b6:	f000 0007 	and.w	r0, r0, #7
 80021ba:	f1a0 0c03 	sub.w	ip, r0, #3
 80021be:	f1bc 0f04 	cmp.w	ip, #4
 80021c2:	d807      	bhi.n	80021d4 <NVIC_EncodePriority+0x20>
 80021c4:	f1c0 0e07 	rsb	lr, r0, #7
 80021c8:	3004      	adds	r0, #4
 80021ca:	2806      	cmp	r0, #6
 80021cc:	d806      	bhi.n	80021dc <NVIC_EncodePriority+0x28>
 80021ce:	f04f 0c00 	mov.w	ip, #0
 80021d2:	e003      	b.n	80021dc <NVIC_EncodePriority+0x28>
 80021d4:	f04f 0e04 	mov.w	lr, #4
 80021d8:	f04f 0c00 	mov.w	ip, #0
 80021dc:	f04f 33ff 	mov.w	r3, #4294967295	@ 0xffffffff
 80021e0:	fa03 f00e 	lsl.w	r0, r3, lr
 80021e4:	ea21 0100 	bic.w	r1, r1, r0
 80021e8:	fa01 f10c 	lsl.w	r1, r1, ip
 80021ec:	fa03 f30c 	lsl.w	r3, r3, ip
 80021f0:	ea22 0203 	bic.w	r2, r2, r3
 80021f4:	ea41 0002 	orr.w	r0, r1, r2
 80021f8:	bd00      	pop	{pc}

080021fa <usart_process_data>:
 80021fa:	b508      	push	{r3, lr}
 80021fc:	460a      	mov	r2, r1
 80021fe:	4601      	mov	r1, r0
 8002200:	4801      	ldr	r0, [pc, #4]	@ (8002208 <usart_process_data+0xe>)
 8002202:	f000 fc94 	bl	8002b2e <lwrb_write>
 8002206:	bd08      	pop	{r3, pc}
 8002208:	20001ba0 	.word	0x20001ba0

0800220c <usart_rx_check>:
 800220c:	b538      	push	{r3, r4, r5, lr}
 800220e:	4b11      	ldr	r3, [pc, #68]	@ (8002254 <usart_rx_check+0x48>)
 8002210:	f8d3 508c 	ldr.w	r5, [r3, #140]	@ 0x8c
 8002214:	f5c5 6480 	rsb	r4, r5, #1024	@ 0x400
 8002218:	4b0f      	ldr	r3, [pc, #60]	@ (8002258 <usart_rx_check+0x4c>)
 800221a:	f8d3 3c14 	ldr.w	r3, [r3, #3092]	@ 0xc14
 800221e:	42a3      	cmp	r3, r4
 8002220:	d008      	beq.n	8002234 <usart_rx_check+0x28>
 8002222:	d208      	bcs.n	8002236 <usart_rx_check+0x2a>
 8002224:	1ae1      	subs	r1, r4, r3
 8002226:	480c      	ldr	r0, [pc, #48]	@ (8002258 <usart_rx_check+0x4c>)
 8002228:	4418      	add	r0, r3
 800222a:	f7ff ffe6 	bl	80021fa <usart_process_data>
 800222e:	4b0a      	ldr	r3, [pc, #40]	@ (8002258 <usart_rx_check+0x4c>)
 8002230:	f8c3 4c14 	str.w	r4, [r3, #3092]	@ 0xc14
 8002234:	bd38      	pop	{r3, r4, r5, pc}
 8002236:	f5c3 6180 	rsb	r1, r3, #1024	@ 0x400
 800223a:	4807      	ldr	r0, [pc, #28]	@ (8002258 <usart_rx_check+0x4c>)
 800223c:	4418      	add	r0, r3
 800223e:	f7ff ffdc 	bl	80021fa <usart_process_data>
 8002242:	f5b5 6f80 	cmp.w	r5, #1024	@ 0x400
 8002246:	d0f2      	beq.n	800222e <usart_rx_check+0x22>
 8002248:	4621      	mov	r1, r4
 800224a:	4803      	ldr	r0, [pc, #12]	@ (8002258 <usart_rx_check+0x4c>)
 800224c:	f7ff ffd5 	bl	80021fa <usart_process_data>
 8002250:	e7ed      	b.n	800222e <usart_rx_check+0x22>
 8002252:	bf00      	nop
 8002254:	40026000 	.word	0x40026000
 8002258:	20000fa0 	.word	0x20000fa0

0800225c <usart2Init>:
 800225c:	b510      	push	{r4, lr}
 800225e:	4879      	ldr	r0, [pc, #484]	@ (8002444 <usart2Init+0x1e8>)
 8002260:	f002 fd16 	bl	8004c90 <puts>
 8002264:	4c78      	ldr	r4, [pc, #480]	@ (8002448 <usart2Init+0x1ec>)
 8002266:	6b23      	ldr	r3, [r4, #48]	@ 0x30
 8002268:	f043 0301 	orr.w	r3, r3, #1
 800226c:	6323      	str	r3, [r4, #48]	@ 0x30
 800226e:	4b77      	ldr	r3, [pc, #476]	@ (800244c <usart2Init+0x1f0>)
 8002270:	681a      	ldr	r2, [r3, #0]
 8002272:	f022 02c0 	bic.w	r2, r2, #192	@ 0xc0
 8002276:	601a      	str	r2, [r3, #0]
 8002278:	681a      	ldr	r2, [r3, #0]
 800227a:	f042 0280 	orr.w	r2, r2, #128	@ 0x80
 800227e:	601a      	str	r2, [r3, #0]
 8002280:	689a      	ldr	r2, [r3, #8]
 8002282:	f042 02c0 	orr.w	r2, r2, #192	@ 0xc0
 8002286:	609a      	str	r2, [r3, #8]
 8002288:	685a      	ldr	r2, [r3, #4]
 800228a:	f022 0208 	bic.w	r2, r2, #8
 800228e:	605a      	str	r2, [r3, #4]
 8002290:	68da      	ldr	r2, [r3, #12]
 8002292:	f022 02c0 	bic.w	r2, r2, #192	@ 0xc0
 8002296:	60da      	str	r2, [r3, #12]
 8002298:	6a1a      	ldr	r2, [r3, #32]
 800229a:	f422 4270 	bic.w	r2, r2, #61440	@ 0xf000
 800229e:	621a      	str	r2, [r3, #32]
 80022a0:	6a1a      	ldr	r2, [r3, #32]
 80022a2:	f442 42e0 	orr.w	r2, r2, #28672	@ 0x7000
 80022a6:	621a      	str	r2, [r3, #32]
 80022a8:	4b69      	ldr	r3, [pc, #420]	@ (8002450 <usart2Init+0x1f4>)
 80022aa:	68d8      	ldr	r0, [r3, #12]
 80022ac:	2200      	movs	r2, #0
 80022ae:	4611      	mov	r1, r2
 80022b0:	f3c0 2002 	ubfx	r0, r0, #8, #3
 80022b4:	f7ff ff7e 	bl	80021b4 <NVIC_EncodePriority>
 80022b8:	0100      	lsls	r0, r0, #4
 80022ba:	b2c0      	uxtb	r0, r0
 80022bc:	4b65      	ldr	r3, [pc, #404]	@ (8002454 <usart2Init+0x1f8>)
 80022be:	f883 0326 	strb.w	r0, [r3, #806]	@ 0x326
 80022c2:	2240      	movs	r2, #64	@ 0x40
 80022c4:	605a      	str	r2, [r3, #4]
 80022c6:	6c23      	ldr	r3, [r4, #64]	@ 0x40
 80022c8:	f443 3300 	orr.w	r3, r3, #131072	@ 0x20000
 80022cc:	6423      	str	r3, [r4, #64]	@ 0x40
 80022ce:	4b62      	ldr	r3, [pc, #392]	@ (8002458 <usart2Init+0x1fc>)
 80022d0:	681a      	ldr	r2, [r3, #0]
 80022d2:	f022 0201 	bic.w	r2, r2, #1
 80022d6:	601a      	str	r2, [r3, #0]
 80022d8:	f240 12d5 	movw	r2, #469	@ 0x1d5
 80022dc:	60da      	str	r2, [r3, #12]
 80022de:	681a      	ldr	r2, [r3, #0]
 80022e0:	f022 2210 	bic.w	r2, r2, #268439552	@ 0x10001000
 80022e4:	601a      	str	r2, [r3, #0]
 80022e6:	685a      	ldr	r2, [r3, #4]
 80022e8:	f422 5240 	bic.w	r2, r2, #12288	@ 0x3000
 80022ec:	605a      	str	r2, [r3, #4]
 80022ee:	681a      	ldr	r2, [r3, #0]
 80022f0:	f422 6280 	bic.w	r2, r2, #1024	@ 0x400
 80022f4:	601a      	str	r2, [r3, #0]
 80022f6:	681a      	ldr	r2, [r3, #0]
 80022f8:	f042 020c 	orr.w	r2, r2, #12
 80022fc:	601a      	str	r2, [r3, #0]
 80022fe:	689a      	ldr	r2, [r3, #8]
 8002300:	f422 7240 	bic.w	r2, r2, #768	@ 0x300
 8002304:	609a      	str	r2, [r3, #8]
 8002306:	681a      	ldr	r2, [r3, #0]
 8002308:	f422 4200 	bic.w	r2, r2, #32768	@ 0x8000
 800230c:	601a      	str	r2, [r3, #0]
 800230e:	4a53      	ldr	r2, [pc, #332]	@ (800245c <usart2Init+0x200>)
 8002310:	f8d2 3088 	ldr.w	r3, [r2, #136]	@ 0x88
 8002314:	f023 0301 	bic.w	r3, r3, #1
 8002318:	f8c2 3088 	str.w	r3, [r2, #136]	@ 0x88
 800231c:	4b4f      	ldr	r3, [pc, #316]	@ (800245c <usart2Init+0x200>)
 800231e:	f8d3 3088 	ldr.w	r3, [r3, #136]	@ 0x88
 8002322:	f013 0f01 	tst.w	r3, #1
 8002326:	d1f9      	bne.n	800231c <usart2Init+0xc0>
 8002328:	4b4c      	ldr	r3, [pc, #304]	@ (800245c <usart2Init+0x200>)
 800232a:	f8d3 2088 	ldr.w	r2, [r3, #136]	@ 0x88
 800232e:	f022 02c0 	bic.w	r2, r2, #192	@ 0xc0
 8002332:	f8c3 2088 	str.w	r2, [r3, #136]	@ 0x88
 8002336:	f8d3 209c 	ldr.w	r2, [r3, #156]	@ 0x9c
 800233a:	f022 0204 	bic.w	r2, r2, #4
 800233e:	f8c3 209c 	str.w	r2, [r3, #156]	@ 0x9c
 8002342:	f8d3 2088 	ldr.w	r2, [r3, #136]	@ 0x88
 8002346:	f022 72c0 	bic.w	r2, r2, #25165824	@ 0x1800000
 800234a:	f8c3 2088 	str.w	r2, [r3, #136]	@ 0x88
 800234e:	f8d3 2088 	ldr.w	r2, [r3, #136]	@ 0x88
 8002352:	f422 02c0 	bic.w	r2, r2, #6291456	@ 0x600000
 8002356:	f8c3 2088 	str.w	r2, [r3, #136]	@ 0x88
 800235a:	4a41      	ldr	r2, [pc, #260]	@ (8002460 <usart2Init+0x204>)
 800235c:	f8c3 2090 	str.w	r2, [r3, #144]	@ 0x90
 8002360:	f8d3 2088 	ldr.w	r2, [r3, #136]	@ 0x88
 8002364:	f422 7200 	bic.w	r2, r2, #512	@ 0x200
 8002368:	f8c3 2088 	str.w	r2, [r3, #136]	@ 0x88
 800236c:	f8d3 2088 	ldr.w	r2, [r3, #136]	@ 0x88
 8002370:	f442 6280 	orr.w	r2, r2, #1024	@ 0x400
 8002374:	f8c3 2088 	str.w	r2, [r3, #136]	@ 0x88
 8002378:	f8d3 2088 	ldr.w	r2, [r3, #136]	@ 0x88
 800237c:	f422 42c0 	bic.w	r2, r2, #24576	@ 0x6000
 8002380:	f8c3 2088 	str.w	r2, [r3, #136]	@ 0x88
 8002384:	f8d3 2088 	ldr.w	r2, [r3, #136]	@ 0x88
 8002388:	f422 52c0 	bic.w	r2, r2, #6144	@ 0x1800
 800238c:	f8c3 2088 	str.w	r2, [r3, #136]	@ 0x88
 8002390:	f8d3 2088 	ldr.w	r2, [r3, #136]	@ 0x88
 8002394:	f442 7280 	orr.w	r2, r2, #256	@ 0x100
 8002398:	f8c3 2088 	str.w	r2, [r3, #136]	@ 0x88
 800239c:	f8d3 2088 	ldr.w	r2, [r3, #136]	@ 0x88
 80023a0:	f442 3240 	orr.w	r2, r2, #196608	@ 0x30000
 80023a4:	f8c3 2088 	str.w	r2, [r3, #136]	@ 0x88
 80023a8:	f8d3 20a0 	ldr.w	r2, [r3, #160]	@ 0xa0
 80023ac:	f022 0201 	bic.w	r2, r2, #1
 80023b0:	f8c3 20a0 	str.w	r2, [r3, #160]	@ 0xa0
 80023b4:	4b29      	ldr	r3, [pc, #164]	@ (800245c <usart2Init+0x200>)
 80023b6:	f8d3 30a0 	ldr.w	r3, [r3, #160]	@ 0xa0
 80023ba:	f013 0f01 	tst.w	r3, #1
 80023be:	d1f9      	bne.n	80023b4 <usart2Init+0x158>
 80023c0:	4b26      	ldr	r3, [pc, #152]	@ (800245c <usart2Init+0x200>)
 80023c2:	f8d3 20a0 	ldr.w	r2, [r3, #160]	@ 0xa0
 80023c6:	f042 02c0 	orr.w	r2, r2, #192	@ 0xc0
 80023ca:	f8c3 20a0 	str.w	r2, [r3, #160]	@ 0xa0
 80023ce:	f8d3 20b4 	ldr.w	r2, [r3, #180]	@ 0xb4
 80023d2:	f022 0204 	bic.w	r2, r2, #4
 80023d6:	f8c3 20b4 	str.w	r2, [r3, #180]	@ 0xb4
 80023da:	f8d3 20a0 	ldr.w	r2, [r3, #160]	@ 0xa0
 80023de:	f022 72c0 	bic.w	r2, r2, #25165824	@ 0x1800000
 80023e2:	f8c3 20a0 	str.w	r2, [r3, #160]	@ 0xa0
 80023e6:	f8d3 20a0 	ldr.w	r2, [r3, #160]	@ 0xa0
 80023ea:	f422 02c0 	bic.w	r2, r2, #6291456	@ 0x600000
 80023ee:	f8c3 20a0 	str.w	r2, [r3, #160]	@ 0xa0
 80023f2:	4a1c      	ldr	r2, [pc, #112]	@ (8002464 <usart2Init+0x208>)
 80023f4:	f8c3 20a8 	str.w	r2, [r3, #168]	@ 0xa8
 80023f8:	f8d3 20a0 	ldr.w	r2, [r3, #160]	@ 0xa0
 80023fc:	f422 7200 	bic.w	r2, r2, #512	@ 0x200
 8002400:	f8c3 20a0 	str.w	r2, [r3, #160]	@ 0xa0
 8002404:	f8d3 20a0 	ldr.w	r2, [r3, #160]	@ 0xa0
 8002408:	f442 6280 	orr.w	r2, r2, #1024	@ 0x400
 800240c:	f8c3 20a0 	str.w	r2, [r3, #160]	@ 0xa0
 8002410:	f8d3 20a0 	ldr.w	r2, [r3, #160]	@ 0xa0
 8002414:	f422 42c0 	bic.w	r2, r2, #24576	@ 0x6000
 8002418:	f8c3 20a0 	str.w	r2, [r3, #160]	@ 0xa0
 800241c:	f8d3 20a0 	ldr.w	r2, [r3, #160]	@ 0xa0
 8002420:	f422 52c0 	bic.w	r2, r2, #6144	@ 0x1800
 8002424:	f8c3 20a0 	str.w	r2, [r3, #160]	@ 0xa0
 8002428:	f8d3 20a0 	ldr.w	r2, [r3, #160]	@ 0xa0
 800242c:	f422 7280 	bic.w	r2, r2, #256	@ 0x100
 8002430:	f8c3 20a0 	str.w	r2, [r3, #160]	@ 0xa0
 8002434:	f8d3 20a0 	ldr.w	r2, [r3, #160]	@ 0xa0
 8002438:	f442 3240 	orr.w	r2, r2, #196608	@ 0x30000
 800243c:	f8c3 20a0 	str.w	r2, [r3, #160]	@ 0xa0
 8002440:	bd10      	pop	{r4, pc}
 8002442:	bf00      	nop
 8002444:	08006f98 	.word	0x08006f98
 8002448:	40023800 	.word	0x40023800
 800244c:	40020000 	.word	0x40020000
 8002450:	e000ed00 	.word	0xe000ed00
 8002454:	e000e100 	.word	0xe000e100
 8002458:	40004400 	.word	0x40004400
 800245c:	40026000 	.word	0x40026000
 8002460:	40004424 	.word	0x40004424
 8002464:	40004428 	.word	0x40004428

08002468 <usart2BeginRx>:
 8002468:	4b22      	ldr	r3, [pc, #136]	@ (80024f4 <usart2BeginRx+0x8c>)
 800246a:	69db      	ldr	r3, [r3, #28]
 800246c:	f413 3f80 	tst.w	r3, #65536	@ 0x10000
 8002470:	d13e      	bne.n	80024f0 <usart2BeginRx+0x88>
 8002472:	4a21      	ldr	r2, [pc, #132]	@ (80024f8 <usart2BeginRx+0x90>)
 8002474:	f8d2 3088 	ldr.w	r3, [r2, #136]	@ 0x88
 8002478:	f023 0301 	bic.w	r3, r3, #1
 800247c:	f8c2 3088 	str.w	r3, [r2, #136]	@ 0x88
 8002480:	4b1d      	ldr	r3, [pc, #116]	@ (80024f8 <usart2BeginRx+0x90>)
 8002482:	f8d3 3088 	ldr.w	r3, [r3, #136]	@ 0x88
 8002486:	f013 0f01 	tst.w	r3, #1
 800248a:	d1f9      	bne.n	8002480 <usart2BeginRx+0x18>
 800248c:	4b1a      	ldr	r3, [pc, #104]	@ (80024f8 <usart2BeginRx+0x90>)
 800248e:	f8d3 2088 	ldr.w	r2, [r3, #136]	@ 0x88
 8002492:	f042 6200 	orr.w	r2, r2, #134217728	@ 0x8000000
 8002496:	f8c3 2088 	str.w	r2, [r3, #136]	@ 0x88
 800249a:	4a18      	ldr	r2, [pc, #96]	@ (80024fc <usart2BeginRx+0x94>)
 800249c:	f8c3 2094 	str.w	r2, [r3, #148]	@ 0x94
 80024a0:	f44f 6280 	mov.w	r2, #1024	@ 0x400
 80024a4:	f8c3 208c 	str.w	r2, [r3, #140]	@ 0x8c
 80024a8:	68da      	ldr	r2, [r3, #12]
 80024aa:	f442 127c 	orr.w	r2, r2, #4128768	@ 0x3f0000
 80024ae:	60da      	str	r2, [r3, #12]
 80024b0:	f8d3 2088 	ldr.w	r2, [r3, #136]	@ 0x88
 80024b4:	f042 0210 	orr.w	r2, r2, #16
 80024b8:	f8c3 2088 	str.w	r2, [r3, #136]	@ 0x88
 80024bc:	f8d3 2088 	ldr.w	r2, [r3, #136]	@ 0x88
 80024c0:	f042 0208 	orr.w	r2, r2, #8
 80024c4:	f8c3 2088 	str.w	r2, [r3, #136]	@ 0x88
 80024c8:	f8d3 2088 	ldr.w	r2, [r3, #136]	@ 0x88
 80024cc:	f042 0201 	orr.w	r2, r2, #1
 80024d0:	f8c3 2088 	str.w	r2, [r3, #136]	@ 0x88
 80024d4:	f5a3 3307 	sub.w	r3, r3, #138240	@ 0x21c00
 80024d8:	681a      	ldr	r2, [r3, #0]
 80024da:	f042 0230 	orr.w	r2, r2, #48	@ 0x30
 80024de:	601a      	str	r2, [r3, #0]
 80024e0:	689a      	ldr	r2, [r3, #8]
 80024e2:	f042 0240 	orr.w	r2, r2, #64	@ 0x40
 80024e6:	609a      	str	r2, [r3, #8]
 80024e8:	681a      	ldr	r2, [r3, #0]
 80024ea:	f042 0201 	orr.w	r2, r2, #1
 80024ee:	601a      	str	r2, [r3, #0]
 80024f0:	4770      	bx	lr
 80024f2:	bf00      	nop
 80024f4:	40004400 	.word	0x40004400
 80024f8:	40026000 	.word	0x40026000
 80024fc:	20000fa0 	.word	0x20000fa0

08002500 <usart2Tx>:
 8002500:	b510      	push	{r4, lr}
 8002502:	4604      	mov	r4, r0
 8002504:	f001 f87c 	bl	8003600 <strlen>
 8002508:	4a13      	ldr	r2, [pc, #76]	@ (8002558 <usart2Tx+0x58>)
 800250a:	f8d2 30a0 	ldr.w	r3, [r2, #160]	@ 0xa0
 800250e:	f023 0301 	bic.w	r3, r3, #1
 8002512:	f8c2 30a0 	str.w	r3, [r2, #160]	@ 0xa0
 8002516:	4b10      	ldr	r3, [pc, #64]	@ (8002558 <usart2Tx+0x58>)
 8002518:	f8d3 30a0 	ldr.w	r3, [r3, #160]	@ 0xa0
 800251c:	f013 0f01 	tst.w	r3, #1
 8002520:	d1f9      	bne.n	8002516 <usart2Tx+0x16>
 8002522:	4b0d      	ldr	r3, [pc, #52]	@ (8002558 <usart2Tx+0x58>)
 8002524:	f8c3 00a4 	str.w	r0, [r3, #164]	@ 0xa4
 8002528:	f8c3 40ac 	str.w	r4, [r3, #172]	@ 0xac
 800252c:	490b      	ldr	r1, [pc, #44]	@ (800255c <usart2Tx+0x5c>)
 800252e:	688a      	ldr	r2, [r1, #8]
 8002530:	f042 0280 	orr.w	r2, r2, #128	@ 0x80
 8002534:	608a      	str	r2, [r1, #8]
 8002536:	f8d3 20a0 	ldr.w	r2, [r3, #160]	@ 0xa0
 800253a:	f042 0201 	orr.w	r2, r2, #1
 800253e:	f8c3 20a0 	str.w	r2, [r3, #160]	@ 0xa0
 8002542:	4b07      	ldr	r3, [pc, #28]	@ (8002560 <usart2Tx+0x60>)
 8002544:	f893 3c18 	ldrb.w	r3, [r3, #3096]	@ 0xc18
 8002548:	2b00      	cmp	r3, #0
 800254a:	d0fa      	beq.n	8002542 <usart2Tx+0x42>
 800254c:	4b04      	ldr	r3, [pc, #16]	@ (8002560 <usart2Tx+0x60>)
 800254e:	2200      	movs	r2, #0
 8002550:	f883 2c18 	strb.w	r2, [r3, #3096]	@ 0xc18
 8002554:	bd10      	pop	{r4, pc}
 8002556:	bf00      	nop
 8002558:	40026000 	.word	0x40026000
 800255c:	40004400 	.word	0x40004400
 8002560:	20000fa0 	.word	0x20000fa0

08002564 <USART2_IRQHandler>:
 8002564:	b508      	push	{r3, lr}
 8002566:	4b0e      	ldr	r3, [pc, #56]	@ (80025a0 <USART2_IRQHandler+0x3c>)
 8002568:	681b      	ldr	r3, [r3, #0]
 800256a:	f013 0f10 	tst.w	r3, #16
 800256e:	d004      	beq.n	800257a <USART2_IRQHandler+0x16>
 8002570:	4b0b      	ldr	r3, [pc, #44]	@ (80025a0 <USART2_IRQHandler+0x3c>)
 8002572:	69db      	ldr	r3, [r3, #28]
 8002574:	f013 0f10 	tst.w	r3, #16
 8002578:	d10a      	bne.n	8002590 <USART2_IRQHandler+0x2c>
 800257a:	4b09      	ldr	r3, [pc, #36]	@ (80025a0 <USART2_IRQHandler+0x3c>)
 800257c:	69db      	ldr	r3, [r3, #28]
 800257e:	f013 0f08 	tst.w	r3, #8
 8002582:	d004      	beq.n	800258e <USART2_IRQHandler+0x2a>
 8002584:	4a06      	ldr	r2, [pc, #24]	@ (80025a0 <USART2_IRQHandler+0x3c>)
 8002586:	6a13      	ldr	r3, [r2, #32]
 8002588:	f043 0308 	orr.w	r3, r3, #8
 800258c:	6213      	str	r3, [r2, #32]
 800258e:	bd08      	pop	{r3, pc}
 8002590:	4a03      	ldr	r2, [pc, #12]	@ (80025a0 <USART2_IRQHandler+0x3c>)
 8002592:	6a13      	ldr	r3, [r2, #32]
 8002594:	f043 0310 	orr.w	r3, r3, #16
 8002598:	6213      	str	r3, [r2, #32]
 800259a:	f7ff fe37 	bl	800220c <usart_rx_check>
 800259e:	e7ec      	b.n	800257a <USART2_IRQHandler+0x16>
 80025a0:	40004400 	.word	0x40004400

080025a4 <DMA1_Stream5_IRQHandler>:
 80025a4:	4b10      	ldr	r3, [pc, #64]	@ (80025e8 <DMA1_Stream5_IRQHandler+0x44>)
 80025a6:	685b      	ldr	r3, [r3, #4]
 80025a8:	f413 6f00 	tst.w	r3, #2048	@ 0x800
 80025ac:	d00a      	beq.n	80025c4 <DMA1_Stream5_IRQHandler+0x20>
 80025ae:	4b0e      	ldr	r3, [pc, #56]	@ (80025e8 <DMA1_Stream5_IRQHandler+0x44>)
 80025b0:	f8d3 3088 	ldr.w	r3, [r3, #136]	@ 0x88
 80025b4:	f013 0f10 	tst.w	r3, #16
 80025b8:	d004      	beq.n	80025c4 <DMA1_Stream5_IRQHandler+0x20>
 80025ba:	4a0b      	ldr	r2, [pc, #44]	@ (80025e8 <DMA1_Stream5_IRQHandler+0x44>)
 80025bc:	68d3      	ldr	r3, [r2, #12]
 80025be:	f443 6300 	orr.w	r3, r3, #2048	@ 0x800
 80025c2:	60d3      	str	r3, [r2, #12]
 80025c4:	4b08      	ldr	r3, [pc, #32]	@ (80025e8 <DMA1_Stream5_IRQHandler+0x44>)
 80025c6:	685b      	ldr	r3, [r3, #4]
 80025c8:	f413 6f80 	tst.w	r3, #1024	@ 0x400
 80025cc:	d00a      	beq.n	80025e4 <DMA1_Stream5_IRQHandler+0x40>
 80025ce:	4b06      	ldr	r3, [pc, #24]	@ (80025e8 <DMA1_Stream5_IRQHandler+0x44>)
 80025d0:	f8d3 3088 	ldr.w	r3, [r3, #136]	@ 0x88
 80025d4:	f013 0f08 	tst.w	r3, #8
 80025d8:	d004      	beq.n	80025e4 <DMA1_Stream5_IRQHandler+0x40>
 80025da:	4a03      	ldr	r2, [pc, #12]	@ (80025e8 <DMA1_Stream5_IRQHandler+0x44>)
 80025dc:	68d3      	ldr	r3, [r2, #12]
 80025de:	f443 6380 	orr.w	r3, r3, #1024	@ 0x400
 80025e2:	60d3      	str	r3, [r2, #12]
 80025e4:	4770      	bx	lr
 80025e6:	bf00      	nop
 80025e8:	40026000 	.word	0x40026000

080025ec <DMA1_Stream6_IRQHandler>:
 80025ec:	4b0a      	ldr	r3, [pc, #40]	@ (8002618 <DMA1_Stream6_IRQHandler+0x2c>)
 80025ee:	685b      	ldr	r3, [r3, #4]
 80025f0:	f413 1f00 	tst.w	r3, #2097152	@ 0x200000
 80025f4:	d00e      	beq.n	8002614 <DMA1_Stream6_IRQHandler+0x28>
 80025f6:	4b08      	ldr	r3, [pc, #32]	@ (8002618 <DMA1_Stream6_IRQHandler+0x2c>)
 80025f8:	f8d3 30a0 	ldr.w	r3, [r3, #160]	@ 0xa0
 80025fc:	f013 0f10 	tst.w	r3, #16
 8002600:	d008      	beq.n	8002614 <DMA1_Stream6_IRQHandler+0x28>
 8002602:	4a05      	ldr	r2, [pc, #20]	@ (8002618 <DMA1_Stream6_IRQHandler+0x2c>)
 8002604:	68d3      	ldr	r3, [r2, #12]
 8002606:	f443 1300 	orr.w	r3, r3, #2097152	@ 0x200000
 800260a:	60d3      	str	r3, [r2, #12]
 800260c:	4b03      	ldr	r3, [pc, #12]	@ (800261c <DMA1_Stream6_IRQHandler+0x30>)
 800260e:	2201      	movs	r2, #1
 8002610:	f883 2c18 	strb.w	r2, [r3, #3096]	@ 0xc18
 8002614:	4770      	bx	lr
 8002616:	bf00      	nop
 8002618:	40026000 	.word	0x40026000
 800261c:	20000fa0 	.word	0x20000fa0

08002620 <NVIC_EncodePriority>:
 8002620:	b500      	push	{lr}
 8002622:	f000 0007 	and.w	r0, r0, #7
 8002626:	f1a0 0c03 	sub.w	ip, r0, #3
 800262a:	f1bc 0f04 	cmp.w	ip, #4
 800262e:	d807      	bhi.n	8002640 <NVIC_EncodePriority+0x20>
 8002630:	f1c0 0e07 	rsb	lr, r0, #7
 8002634:	3004      	adds	r0, #4
 8002636:	2806      	cmp	r0, #6
 8002638:	d806      	bhi.n	8002648 <NVIC_EncodePriority+0x28>
 800263a:	f04f 0c00 	mov.w	ip, #0
 800263e:	e003      	b.n	8002648 <NVIC_EncodePriority+0x28>
 8002640:	f04f 0e04 	mov.w	lr, #4
 8002644:	f04f 0c00 	mov.w	ip, #0
 8002648:	f04f 33ff 	mov.w	r3, #4294967295	@ 0xffffffff
 800264c:	fa03 f00e 	lsl.w	r0, r3, lr
 8002650:	ea21 0100 	bic.w	r1, r1, r0
 8002654:	fa01 f10c 	lsl.w	r1, r1, ip
 8002658:	fa03 f30c 	lsl.w	r3, r3, ip
 800265c:	ea22 0203 	bic.w	r2, r2, r3
 8002660:	ea41 0002 	orr.w	r0, r1, r2
 8002664:	bd00      	pop	{pc}

08002666 <usart6Init>:
 8002666:	b510      	push	{r4, lr}
 8002668:	4864      	ldr	r0, [pc, #400]	@ (80027fc <usart6Init+0x196>)
 800266a:	f002 fb11 	bl	8004c90 <puts>
 800266e:	4c64      	ldr	r4, [pc, #400]	@ (8002800 <usart6Init+0x19a>)
 8002670:	f8d4 3090 	ldr.w	r3, [r4, #144]	@ 0x90
 8002674:	f423 6340 	bic.w	r3, r3, #3072	@ 0xc00
 8002678:	f8c4 3090 	str.w	r3, [r4, #144]	@ 0x90
 800267c:	f8d4 3090 	ldr.w	r3, [r4, #144]	@ 0x90
 8002680:	f443 6380 	orr.w	r3, r3, #1024	@ 0x400
 8002684:	f8c4 3090 	str.w	r3, [r4, #144]	@ 0x90
 8002688:	6b23      	ldr	r3, [r4, #48]	@ 0x30
 800268a:	f043 0304 	orr.w	r3, r3, #4
 800268e:	6323      	str	r3, [r4, #48]	@ 0x30
 8002690:	4b5c      	ldr	r3, [pc, #368]	@ (8002804 <usart6Init+0x19e>)
 8002692:	681a      	ldr	r2, [r3, #0]
 8002694:	f422 5240 	bic.w	r2, r2, #12288	@ 0x3000
 8002698:	601a      	str	r2, [r3, #0]
 800269a:	681a      	ldr	r2, [r3, #0]
 800269c:	f442 5200 	orr.w	r2, r2, #8192	@ 0x2000
 80026a0:	601a      	str	r2, [r3, #0]
 80026a2:	689a      	ldr	r2, [r3, #8]
 80026a4:	f442 5240 	orr.w	r2, r2, #12288	@ 0x3000
 80026a8:	609a      	str	r2, [r3, #8]
 80026aa:	685a      	ldr	r2, [r3, #4]
 80026ac:	f022 0240 	bic.w	r2, r2, #64	@ 0x40
 80026b0:	605a      	str	r2, [r3, #4]
 80026b2:	68da      	ldr	r2, [r3, #12]
 80026b4:	f422 5240 	bic.w	r2, r2, #12288	@ 0x3000
 80026b8:	60da      	str	r2, [r3, #12]
 80026ba:	6a1a      	ldr	r2, [r3, #32]
 80026bc:	f022 6270 	bic.w	r2, r2, #251658240	@ 0xf000000
 80026c0:	621a      	str	r2, [r3, #32]
 80026c2:	6a1a      	ldr	r2, [r3, #32]
 80026c4:	f042 6200 	orr.w	r2, r2, #134217728	@ 0x8000000
 80026c8:	621a      	str	r2, [r3, #32]
 80026ca:	4b4f      	ldr	r3, [pc, #316]	@ (8002808 <usart6Init+0x1a2>)
 80026cc:	68d8      	ldr	r0, [r3, #12]
 80026ce:	2200      	movs	r2, #0
 80026d0:	4611      	mov	r1, r2
 80026d2:	f3c0 2002 	ubfx	r0, r0, #8, #3
 80026d6:	f7ff ffa3 	bl	8002620 <NVIC_EncodePriority>
 80026da:	0100      	lsls	r0, r0, #4
 80026dc:	b2c0      	uxtb	r0, r0
 80026de:	4b4b      	ldr	r3, [pc, #300]	@ (800280c <usart6Init+0x1a6>)
 80026e0:	f883 0347 	strb.w	r0, [r3, #839]	@ 0x347
 80026e4:	2280      	movs	r2, #128	@ 0x80
 80026e6:	609a      	str	r2, [r3, #8]
 80026e8:	6c63      	ldr	r3, [r4, #68]	@ 0x44
 80026ea:	f043 0320 	orr.w	r3, r3, #32
 80026ee:	6463      	str	r3, [r4, #68]	@ 0x44
 80026f0:	4b47      	ldr	r3, [pc, #284]	@ (8002810 <usart6Init+0x1aa>)
 80026f2:	681a      	ldr	r2, [r3, #0]
 80026f4:	f022 0201 	bic.w	r2, r2, #1
 80026f8:	601a      	str	r2, [r3, #0]
 80026fa:	226c      	movs	r2, #108	@ 0x6c
 80026fc:	60da      	str	r2, [r3, #12]
 80026fe:	681a      	ldr	r2, [r3, #0]
 8002700:	f022 2210 	bic.w	r2, r2, #268439552	@ 0x10001000
 8002704:	601a      	str	r2, [r3, #0]
 8002706:	685a      	ldr	r2, [r3, #4]
 8002708:	f422 5240 	bic.w	r2, r2, #12288	@ 0x3000
 800270c:	605a      	str	r2, [r3, #4]
 800270e:	681a      	ldr	r2, [r3, #0]
 8002710:	f422 6280 	bic.w	r2, r2, #1024	@ 0x400
 8002714:	601a      	str	r2, [r3, #0]
 8002716:	681a      	ldr	r2, [r3, #0]
 8002718:	f042 0208 	orr.w	r2, r2, #8
 800271c:	601a      	str	r2, [r3, #0]
 800271e:	689a      	ldr	r2, [r3, #8]
 8002720:	f422 7240 	bic.w	r2, r2, #768	@ 0x300
 8002724:	609a      	str	r2, [r3, #8]
 8002726:	681a      	ldr	r2, [r3, #0]
 8002728:	f422 4200 	bic.w	r2, r2, #32768	@ 0x8000
 800272c:	601a      	str	r2, [r3, #0]
 800272e:	4a39      	ldr	r2, [pc, #228]	@ (8002814 <usart6Init+0x1ae>)
 8002730:	f8d2 30a0 	ldr.w	r3, [r2, #160]	@ 0xa0
 8002734:	f023 0301 	bic.w	r3, r3, #1
 8002738:	f8c2 30a0 	str.w	r3, [r2, #160]	@ 0xa0
 800273c:	4b35      	ldr	r3, [pc, #212]	@ (8002814 <usart6Init+0x1ae>)
 800273e:	f8d3 30a0 	ldr.w	r3, [r3, #160]	@ 0xa0
 8002742:	f013 0f01 	tst.w	r3, #1
 8002746:	d1f9      	bne.n	800273c <usart6Init+0xd6>
 8002748:	4b32      	ldr	r3, [pc, #200]	@ (8002814 <usart6Init+0x1ae>)
 800274a:	2200      	movs	r2, #0
 800274c:	f8c3 20a0 	str.w	r2, [r3, #160]	@ 0xa0
 8002750:	f8c3 20a4 	str.w	r2, [r3, #164]	@ 0xa4
 8002754:	f8c3 20a8 	str.w	r2, [r3, #168]	@ 0xa8
 8002758:	f8c3 20ac 	str.w	r2, [r3, #172]	@ 0xac
 800275c:	f8c3 20b0 	str.w	r2, [r3, #176]	@ 0xb0
 8002760:	2221      	movs	r2, #33	@ 0x21
 8002762:	f8c3 20b4 	str.w	r2, [r3, #180]	@ 0xb4
 8002766:	f8d3 20a0 	ldr.w	r2, [r3, #160]	@ 0xa0
 800276a:	f022 52f0 	bic.w	r2, r2, #503316480	@ 0x1e000000
 800276e:	f8c3 20a0 	str.w	r2, [r3, #160]	@ 0xa0
 8002772:	68da      	ldr	r2, [r3, #12]
 8002774:	f442 127c 	orr.w	r2, r2, #4128768	@ 0x3f0000
 8002778:	60da      	str	r2, [r3, #12]
 800277a:	f8d3 20a0 	ldr.w	r2, [r3, #160]	@ 0xa0
 800277e:	f042 0240 	orr.w	r2, r2, #64	@ 0x40
 8002782:	f8c3 20a0 	str.w	r2, [r3, #160]	@ 0xa0
 8002786:	f8d3 20b4 	ldr.w	r2, [r3, #180]	@ 0xb4
 800278a:	f022 0204 	bic.w	r2, r2, #4
 800278e:	f8c3 20b4 	str.w	r2, [r3, #180]	@ 0xb4
 8002792:	f8d3 20a0 	ldr.w	r2, [r3, #160]	@ 0xa0
 8002796:	f022 72c0 	bic.w	r2, r2, #25165824	@ 0x1800000
 800279a:	f8c3 20a0 	str.w	r2, [r3, #160]	@ 0xa0
 800279e:	f8d3 20a0 	ldr.w	r2, [r3, #160]	@ 0xa0
 80027a2:	f422 02c0 	bic.w	r2, r2, #6291456	@ 0x600000
 80027a6:	f8c3 20a0 	str.w	r2, [r3, #160]	@ 0xa0
 80027aa:	4a1b      	ldr	r2, [pc, #108]	@ (8002818 <usart6Init+0x1b2>)
 80027ac:	f8c3 20a8 	str.w	r2, [r3, #168]	@ 0xa8
 80027b0:	f8d3 20a0 	ldr.w	r2, [r3, #160]	@ 0xa0
 80027b4:	f422 7200 	bic.w	r2, r2, #512	@ 0x200
 80027b8:	f8c3 20a0 	str.w	r2, [r3, #160]	@ 0xa0
 80027bc:	f8d3 20a0 	ldr.w	r2, [r3, #160]	@ 0xa0
 80027c0:	f442 6280 	orr.w	r2, r2, #1024	@ 0x400
 80027c4:	f8c3 20a0 	str.w	r2, [r3, #160]	@ 0xa0
 80027c8:	f8d3 20a0 	ldr.w	r2, [r3, #160]	@ 0xa0
 80027cc:	f422 42c0 	bic.w	r2, r2, #24576	@ 0x6000
 80027d0:	f8c3 20a0 	str.w	r2, [r3, #160]	@ 0xa0
 80027d4:	f8d3 20a0 	ldr.w	r2, [r3, #160]	@ 0xa0
 80027d8:	f422 52c0 	bic.w	r2, r2, #6144	@ 0x1800
 80027dc:	f8c3 20a0 	str.w	r2, [r3, #160]	@ 0xa0
 80027e0:	f8d3 20a0 	ldr.w	r2, [r3, #160]	@ 0xa0
 80027e4:	f422 7280 	bic.w	r2, r2, #256	@ 0x100
 80027e8:	f8c3 20a0 	str.w	r2, [r3, #160]	@ 0xa0
 80027ec:	f8d3 20a0 	ldr.w	r2, [r3, #160]	@ 0xa0
 80027f0:	f442 3240 	orr.w	r2, r2, #196608	@ 0x30000
 80027f4:	f8c3 20a0 	str.w	r2, [r3, #160]	@ 0xa0
 80027f8:	bd10      	pop	{r4, pc}
 80027fa:	bf00      	nop
 80027fc:	08006fb0 	.word	0x08006fb0
 8002800:	40023800 	.word	0x40023800
 8002804:	40020800 	.word	0x40020800
 8002808:	e000ed00 	.word	0xe000ed00
 800280c:	e000e100 	.word	0xe000e100
 8002810:	40011400 	.word	0x40011400
 8002814:	40026400 	.word	0x40026400
 8002818:	40011428 	.word	0x40011428

0800281c <usart6Write>:
 800281c:	4a1b      	ldr	r2, [pc, #108]	@ (800288c <usart6Write+0x70>)
 800281e:	f8d2 30a0 	ldr.w	r3, [r2, #160]	@ 0xa0
 8002822:	f023 0301 	bic.w	r3, r3, #1
 8002826:	f8c2 30a0 	str.w	r3, [r2, #160]	@ 0xa0
 800282a:	4b18      	ldr	r3, [pc, #96]	@ (800288c <usart6Write+0x70>)
 800282c:	f8d3 30a0 	ldr.w	r3, [r3, #160]	@ 0xa0
 8002830:	f013 0f01 	tst.w	r3, #1
 8002834:	d1f9      	bne.n	800282a <usart6Write+0xe>
 8002836:	4b15      	ldr	r3, [pc, #84]	@ (800288c <usart6Write+0x70>)
 8002838:	f8c3 00ac 	str.w	r0, [r3, #172]	@ 0xac
 800283c:	f8d3 20a0 	ldr.w	r2, [r3, #160]	@ 0xa0
 8002840:	f042 6220 	orr.w	r2, r2, #167772160	@ 0xa000000
 8002844:	f8c3 20a0 	str.w	r2, [r3, #160]	@ 0xa0
 8002848:	f8c3 10a4 	str.w	r1, [r3, #164]	@ 0xa4
 800284c:	68da      	ldr	r2, [r3, #12]
 800284e:	f442 127c 	orr.w	r2, r2, #4128768	@ 0x3f0000
 8002852:	60da      	str	r2, [r3, #12]
 8002854:	f8d3 20a0 	ldr.w	r2, [r3, #160]	@ 0xa0
 8002858:	f042 0210 	orr.w	r2, r2, #16
 800285c:	f8c3 20a0 	str.w	r2, [r3, #160]	@ 0xa0
 8002860:	f8d3 20a0 	ldr.w	r2, [r3, #160]	@ 0xa0
 8002864:	f042 0201 	orr.w	r2, r2, #1
 8002868:	f8c3 20a0 	str.w	r2, [r3, #160]	@ 0xa0
 800286c:	f5a3 33a8 	sub.w	r3, r3, #86016	@ 0x15000
 8002870:	689a      	ldr	r2, [r3, #8]
 8002872:	f042 0280 	orr.w	r2, r2, #128	@ 0x80
 8002876:	609a      	str	r2, [r3, #8]
 8002878:	6a1a      	ldr	r2, [r3, #32]
 800287a:	f042 0240 	orr.w	r2, r2, #64	@ 0x40
 800287e:	621a      	str	r2, [r3, #32]
 8002880:	681a      	ldr	r2, [r3, #0]
 8002882:	f042 0201 	orr.w	r2, r2, #1
 8002886:	601a      	str	r2, [r3, #0]
 8002888:	4770      	bx	lr
 800288a:	bf00      	nop
 800288c:	40026400 	.word	0x40026400

08002890 <USART6_IRQHandler>:
 8002890:	4b07      	ldr	r3, [pc, #28]	@ (80028b0 <USART6_IRQHandler+0x20>)
 8002892:	69db      	ldr	r3, [r3, #28]
 8002894:	f013 0f40 	tst.w	r3, #64	@ 0x40
 8002898:	d009      	beq.n	80028ae <USART6_IRQHandler+0x1e>
 800289a:	4b05      	ldr	r3, [pc, #20]	@ (80028b0 <USART6_IRQHandler+0x20>)
 800289c:	681b      	ldr	r3, [r3, #0]
 800289e:	f013 0f40 	tst.w	r3, #64	@ 0x40
 80028a2:	d004      	beq.n	80028ae <USART6_IRQHandler+0x1e>
 80028a4:	4a02      	ldr	r2, [pc, #8]	@ (80028b0 <USART6_IRQHandler+0x20>)
 80028a6:	6a13      	ldr	r3, [r2, #32]
 80028a8:	f043 0340 	orr.w	r3, r3, #64	@ 0x40
 80028ac:	6213      	str	r3, [r2, #32]
 80028ae:	4770      	bx	lr
 80028b0:	40011400 	.word	0x40011400

080028b4 <DMA2_Stream6_IRQHandler>:
 80028b4:	4b05      	ldr	r3, [pc, #20]	@ (80028cc <DMA2_Stream6_IRQHandler+0x18>)
 80028b6:	685b      	ldr	r3, [r3, #4]
 80028b8:	f413 1f00 	tst.w	r3, #2097152	@ 0x200000
 80028bc:	d004      	beq.n	80028c8 <DMA2_Stream6_IRQHandler+0x14>
 80028be:	4a03      	ldr	r2, [pc, #12]	@ (80028cc <DMA2_Stream6_IRQHandler+0x18>)
 80028c0:	68d3      	ldr	r3, [r2, #12]
 80028c2:	f443 1300 	orr.w	r3, r3, #2097152	@ 0x200000
 80028c6:	60d3      	str	r3, [r2, #12]
 80028c8:	4770      	bx	lr
 80028ca:	bf00      	nop
 80028cc:	40026400 	.word	0x40026400

080028d0 <ibus_update>:
 80028d0:	2200      	movs	r2, #0
 80028d2:	4611      	mov	r1, r2
 80028d4:	290d      	cmp	r1, #13
 80028d6:	d814      	bhi.n	8002902 <ibus_update+0x32>
 80028d8:	1c53      	adds	r3, r2, #1
 80028da:	f810 c003 	ldrb.w	ip, [r0, r3]
 80028de:	5c83      	ldrb	r3, [r0, r2]
 80028e0:	ea43 230c 	orr.w	r3, r3, ip, lsl #8
 80028e4:	f8df c024 	ldr.w	ip, [pc, #36]	@ 800290c <ibus_update+0x3c>
 80028e8:	f82c 3011 	strh.w	r3, [ip, r1, lsl #1]
 80028ec:	f5a3 737a 	sub.w	r3, r3, #1000	@ 0x3e8
 80028f0:	b29b      	uxth	r3, r3
 80028f2:	f5b3 7f7a 	cmp.w	r3, #1000	@ 0x3e8
 80028f6:	d806      	bhi.n	8002906 <ibus_update+0x36>
 80028f8:	3101      	adds	r1, #1
 80028fa:	b2c9      	uxtb	r1, r1
 80028fc:	3202      	adds	r2, #2
 80028fe:	b2d2      	uxtb	r2, r2
 8002900:	e7e8      	b.n	80028d4 <ibus_update+0x4>
 8002902:	2001      	movs	r0, #1
 8002904:	4770      	bx	lr
 8002906:	2000      	movs	r0, #0
 8002908:	4770      	bx	lr
 800290a:	bf00      	nop
 800290c:	20001bbc 	.word	0x20001bbc

08002910 <ibus_frame_crc>:
 8002910:	2300      	movs	r3, #0
 8002912:	f64f 72ff 	movw	r2, #65535	@ 0xffff
 8002916:	e006      	b.n	8002926 <ibus_frame_crc+0x16>
 8002918:	f811 c003 	ldrb.w	ip, [r1, r3]
 800291c:	eba2 020c 	sub.w	r2, r2, ip
 8002920:	b292      	uxth	r2, r2
 8002922:	3301      	adds	r3, #1
 8002924:	b2db      	uxtb	r3, r3
 8002926:	2b1d      	cmp	r3, #29
 8002928:	d9f6      	bls.n	8002918 <ibus_frame_crc+0x8>
 800292a:	7843      	ldrb	r3, [r0, #1]
 800292c:	7800      	ldrb	r0, [r0, #0]
 800292e:	ea40 2003 	orr.w	r0, r0, r3, lsl #8
 8002932:	4282      	cmp	r2, r0
 8002934:	bf14      	ite	ne
 8002936:	2000      	movne	r0, #0
 8002938:	2001      	moveq	r0, #1
 800293a:	4770      	bx	lr

0800293c <ibus_process_frame>:
 800293c:	b530      	push	{r4, r5, lr}
 800293e:	b091      	sub	sp, #68	@ 0x44
 8002940:	2520      	movs	r5, #32
 8002942:	462a      	mov	r2, r5
 8002944:	2100      	movs	r1, #0
 8002946:	4668      	mov	r0, sp
 8002948:	f002 f9aa 	bl	8004ca0 <memset>
 800294c:	462a      	mov	r2, r5
 800294e:	4669      	mov	r1, sp
 8002950:	4823      	ldr	r0, [pc, #140]	@ (80029e0 <ibus_process_frame+0xa4>)
 8002952:	f000 f94d 	bl	8002bf0 <lwrb_read>
 8002956:	4b23      	ldr	r3, [pc, #140]	@ (80029e4 <ibus_process_frame+0xa8>)
 8002958:	2201      	movs	r2, #1
 800295a:	771a      	strb	r2, [r3, #28]
 800295c:	f89d 3000 	ldrb.w	r3, [sp]
 8002960:	42ab      	cmp	r3, r5
 8002962:	d006      	beq.n	8002972 <ibus_process_frame+0x36>
 8002964:	4b1f      	ldr	r3, [pc, #124]	@ (80029e4 <ibus_process_frame+0xa8>)
 8002966:	2202      	movs	r2, #2
 8002968:	771a      	strb	r2, [r3, #28]
 800296a:	4b1e      	ldr	r3, [pc, #120]	@ (80029e4 <ibus_process_frame+0xa8>)
 800296c:	7f18      	ldrb	r0, [r3, #28]
 800296e:	b011      	add	sp, #68	@ 0x44
 8002970:	bd30      	pop	{r4, r5, pc}
 8002972:	4a1c      	ldr	r2, [pc, #112]	@ (80029e4 <ibus_process_frame+0xa8>)
 8002974:	7753      	strb	r3, [r2, #29]
 8002976:	f89d 3001 	ldrb.w	r3, [sp, #1]
 800297a:	2b40      	cmp	r3, #64	@ 0x40
 800297c:	d003      	beq.n	8002986 <ibus_process_frame+0x4a>
 800297e:	4b19      	ldr	r3, [pc, #100]	@ (80029e4 <ibus_process_frame+0xa8>)
 8002980:	2202      	movs	r2, #2
 8002982:	771a      	strb	r2, [r3, #28]
 8002984:	e7f1      	b.n	800296a <ibus_process_frame+0x2e>
 8002986:	4a17      	ldr	r2, [pc, #92]	@ (80029e4 <ibus_process_frame+0xa8>)
 8002988:	7793      	strb	r3, [r2, #30]
 800298a:	ac09      	add	r4, sp, #36	@ 0x24
 800298c:	f8dd 0002 	ldr.w	r0, [sp, #2]
 8002990:	f8dd 1006 	ldr.w	r1, [sp, #6]
 8002994:	f8dd 200a 	ldr.w	r2, [sp, #10]
 8002998:	f8dd 300e 	ldr.w	r3, [sp, #14]
 800299c:	c40f      	stmia	r4!, {r0, r1, r2, r3}
 800299e:	f8dd 0012 	ldr.w	r0, [sp, #18]
 80029a2:	f8dd 1016 	ldr.w	r1, [sp, #22]
 80029a6:	f8dd 201a 	ldr.w	r2, [sp, #26]
 80029aa:	c407      	stmia	r4!, {r0, r1, r2}
 80029ac:	a809      	add	r0, sp, #36	@ 0x24
 80029ae:	f7ff ff8f 	bl	80028d0 <ibus_update>
 80029b2:	b918      	cbnz	r0, 80029bc <ibus_process_frame+0x80>
 80029b4:	4b0b      	ldr	r3, [pc, #44]	@ (80029e4 <ibus_process_frame+0xa8>)
 80029b6:	2202      	movs	r2, #2
 80029b8:	771a      	strb	r2, [r3, #28]
 80029ba:	e7d6      	b.n	800296a <ibus_process_frame+0x2e>
 80029bc:	f8bd 301e 	ldrh.w	r3, [sp, #30]
 80029c0:	f8ad 3020 	strh.w	r3, [sp, #32]
 80029c4:	4669      	mov	r1, sp
 80029c6:	a808      	add	r0, sp, #32
 80029c8:	f7ff ffa2 	bl	8002910 <ibus_frame_crc>
 80029cc:	b118      	cbz	r0, 80029d6 <ibus_process_frame+0x9a>
 80029ce:	4b05      	ldr	r3, [pc, #20]	@ (80029e4 <ibus_process_frame+0xa8>)
 80029d0:	2200      	movs	r2, #0
 80029d2:	771a      	strb	r2, [r3, #28]
 80029d4:	e7c9      	b.n	800296a <ibus_process_frame+0x2e>
 80029d6:	4b03      	ldr	r3, [pc, #12]	@ (80029e4 <ibus_process_frame+0xa8>)
 80029d8:	2202      	movs	r2, #2
 80029da:	771a      	strb	r2, [r3, #28]
 80029dc:	e7c5      	b.n	800296a <ibus_process_frame+0x2e>
 80029de:	bf00      	nop
 80029e0:	20001ba0 	.word	0x20001ba0
 80029e4:	20001bbc 	.word	0x20001bbc

080029e8 <ibusProcess>:
 80029e8:	b508      	push	{r3, lr}
 80029ea:	f7ff ffa7 	bl	800293c <ibus_process_frame>
 80029ee:	2801      	cmp	r0, #1
 80029f0:	d0fb      	beq.n	80029ea <ibusProcess+0x2>
 80029f2:	bd08      	pop	{r3, pc}

080029f4 <ibusInit>:
 80029f4:	b510      	push	{r4, lr}
 80029f6:	4825      	ldr	r0, [pc, #148]	@ (8002a8c <ibusInit+0x98>)
 80029f8:	f002 f94a 	bl	8004c90 <puts>
 80029fc:	f7ff fd34 	bl	8002468 <usart2BeginRx>
 8002a00:	4923      	ldr	r1, [pc, #140]	@ (8002a90 <ibusInit+0x9c>)
 8002a02:	f44f 6200 	mov.w	r2, #2048	@ 0x800
 8002a06:	1888      	adds	r0, r1, r2
 8002a08:	f000 f84e 	bl	8002aa8 <lwrb_init>
 8002a0c:	4b21      	ldr	r3, [pc, #132]	@ (8002a94 <ibusInit+0xa0>)
 8002a0e:	2202      	movs	r2, #2
 8002a10:	771a      	strb	r2, [r3, #28]
 8002a12:	2400      	movs	r4, #0
 8002a14:	2c09      	cmp	r4, #9
 8002a16:	d81c      	bhi.n	8002a52 <ibusInit+0x5e>
 8002a18:	f7ff ffe6 	bl	80029e8 <ibusProcess>
 8002a1c:	4b1d      	ldr	r3, [pc, #116]	@ (8002a94 <ibusInit+0xa0>)
 8002a1e:	7f9b      	ldrb	r3, [r3, #30]
 8002a20:	2b40      	cmp	r3, #64	@ 0x40
 8002a22:	d005      	beq.n	8002a30 <ibusInit+0x3c>
 8002a24:	2005      	movs	r0, #5
 8002a26:	f7ff f913 	bl	8001c50 <delay>
 8002a2a:	3401      	adds	r4, #1
 8002a2c:	b2e4      	uxtb	r4, r4
 8002a2e:	e7f1      	b.n	8002a14 <ibusInit+0x20>
 8002a30:	2401      	movs	r4, #1
 8002a32:	4b19      	ldr	r3, [pc, #100]	@ (8002a98 <ibusInit+0xa4>)
 8002a34:	f883 4020 	strb.w	r4, [r3, #32]
 8002a38:	4621      	mov	r1, r4
 8002a3a:	2002      	movs	r0, #2
 8002a3c:	f7fd fe1c 	bl	8000678 <color>
 8002a40:	4816      	ldr	r0, [pc, #88]	@ (8002a9c <ibusInit+0xa8>)
 8002a42:	f002 f925 	bl	8004c90 <puts>
 8002a46:	f7fd fe1f 	bl	8000688 <colorDefault>
 8002a4a:	f7ff ffcd 	bl	80029e8 <ibusProcess>
 8002a4e:	4620      	mov	r0, r4
 8002a50:	bd10      	pop	{r4, pc}
 8002a52:	2101      	movs	r1, #1
 8002a54:	4608      	mov	r0, r1
 8002a56:	f7fd fe0f 	bl	8000678 <color>
 8002a5a:	4811      	ldr	r0, [pc, #68]	@ (8002aa0 <ibusInit+0xac>)
 8002a5c:	f002 f918 	bl	8004c90 <puts>
 8002a60:	4a0c      	ldr	r2, [pc, #48]	@ (8002a94 <ibusInit+0xa0>)
 8002a62:	7fd3      	ldrb	r3, [r2, #31]
 8002a64:	1c59      	adds	r1, r3, #1
 8002a66:	77d1      	strb	r1, [r2, #31]
 8002a68:	2b0a      	cmp	r3, #10
 8002a6a:	d908      	bls.n	8002a7e <ibusInit+0x8a>
 8002a6c:	480d      	ldr	r0, [pc, #52]	@ (8002aa4 <ibusInit+0xb0>)
 8002a6e:	f002 f90f 	bl	8004c90 <puts>
 8002a72:	2100      	movs	r1, #0
 8002a74:	2007      	movs	r0, #7
 8002a76:	f7fd fdff 	bl	8000678 <color>
 8002a7a:	2001      	movs	r0, #1
 8002a7c:	e7e8      	b.n	8002a50 <ibusInit+0x5c>
 8002a7e:	2100      	movs	r1, #0
 8002a80:	2007      	movs	r0, #7
 8002a82:	f7fd fdf9 	bl	8000678 <color>
 8002a86:	2000      	movs	r0, #0
 8002a88:	e7e2      	b.n	8002a50 <ibusInit+0x5c>
 8002a8a:	bf00      	nop
 8002a8c:	08006fc8 	.word	0x08006fc8
 8002a90:	200013a0 	.word	0x200013a0
 8002a94:	20001bbc 	.word	0x20001bbc
 8002a98:	20001e2c 	.word	0x20001e2c
 8002a9c:	08006fe4 	.word	0x08006fe4
 8002aa0:	08007000 	.word	0x08007000
 8002aa4:	08007028 	.word	0x08007028

08002aa8 <lwrb_init>:
 8002aa8:	468c      	mov	ip, r1
 8002aaa:	2900      	cmp	r1, #0
 8002aac:	bf18      	it	ne
 8002aae:	2800      	cmpne	r0, #0
 8002ab0:	d00b      	beq.n	8002aca <lwrb_init+0x22>
 8002ab2:	b90a      	cbnz	r2, 8002ab8 <lwrb_init+0x10>
 8002ab4:	4610      	mov	r0, r2
 8002ab6:	4770      	bx	lr
 8002ab8:	2100      	movs	r1, #0
 8002aba:	6101      	str	r1, [r0, #16]
 8002abc:	6042      	str	r2, [r0, #4]
 8002abe:	f8c0 c000 	str.w	ip, [r0]
 8002ac2:	60c1      	str	r1, [r0, #12]
 8002ac4:	6081      	str	r1, [r0, #8]
 8002ac6:	2001      	movs	r0, #1
 8002ac8:	4770      	bx	lr
 8002aca:	2000      	movs	r0, #0
 8002acc:	4770      	bx	lr

08002ace <lwrb_is_ready>:
 8002ace:	b140      	cbz	r0, 8002ae2 <lwrb_is_ready+0x14>
 8002ad0:	6802      	ldr	r2, [r0, #0]
 8002ad2:	b11a      	cbz	r2, 8002adc <lwrb_is_ready+0xe>
 8002ad4:	6843      	ldr	r3, [r0, #4]
 8002ad6:	b91b      	cbnz	r3, 8002ae0 <lwrb_is_ready+0x12>
 8002ad8:	4618      	mov	r0, r3
 8002ada:	4770      	bx	lr
 8002adc:	4610      	mov	r0, r2
 8002ade:	4770      	bx	lr
 8002ae0:	2001      	movs	r0, #1
 8002ae2:	4770      	bx	lr

08002ae4 <lwrb_free>:
 8002ae4:	b128      	cbz	r0, 8002af2 <lwrb_free+0xe>
 8002ae6:	6802      	ldr	r2, [r0, #0]
 8002ae8:	b11a      	cbz	r2, 8002af2 <lwrb_free+0xe>
 8002aea:	6842      	ldr	r2, [r0, #4]
 8002aec:	b10a      	cbz	r2, 8002af2 <lwrb_free+0xe>
 8002aee:	2200      	movs	r2, #0
 8002af0:	6002      	str	r2, [r0, #0]
 8002af2:	4770      	bx	lr

08002af4 <lwrb_set_evt_fn>:
 8002af4:	b120      	cbz	r0, 8002b00 <lwrb_set_evt_fn+0xc>
 8002af6:	6802      	ldr	r2, [r0, #0]
 8002af8:	b112      	cbz	r2, 8002b00 <lwrb_set_evt_fn+0xc>
 8002afa:	6842      	ldr	r2, [r0, #4]
 8002afc:	b102      	cbz	r2, 8002b00 <lwrb_set_evt_fn+0xc>
 8002afe:	6101      	str	r1, [r0, #16]
 8002b00:	4770      	bx	lr

08002b02 <lwrb_get_free>:
 8002b02:	4603      	mov	r3, r0
 8002b04:	b118      	cbz	r0, 8002b0e <lwrb_get_free+0xc>
 8002b06:	6802      	ldr	r2, [r0, #0]
 8002b08:	b17a      	cbz	r2, 8002b2a <lwrb_get_free+0x28>
 8002b0a:	6840      	ldr	r0, [r0, #4]
 8002b0c:	b900      	cbnz	r0, 8002b10 <lwrb_get_free+0xe>
 8002b0e:	4770      	bx	lr
 8002b10:	68d9      	ldr	r1, [r3, #12]
 8002b12:	689a      	ldr	r2, [r3, #8]
 8002b14:	4291      	cmp	r1, r2
 8002b16:	d002      	beq.n	8002b1e <lwrb_get_free+0x1c>
 8002b18:	4291      	cmp	r1, r2
 8002b1a:	d202      	bcs.n	8002b22 <lwrb_get_free+0x20>
 8002b1c:	1a50      	subs	r0, r2, r1
 8002b1e:	3801      	subs	r0, #1
 8002b20:	4770      	bx	lr
 8002b22:	6858      	ldr	r0, [r3, #4]
 8002b24:	1a52      	subs	r2, r2, r1
 8002b26:	4410      	add	r0, r2
 8002b28:	e7f9      	b.n	8002b1e <lwrb_get_free+0x1c>
 8002b2a:	4610      	mov	r0, r2
 8002b2c:	e7ef      	b.n	8002b0e <lwrb_get_free+0xc>

08002b2e <lwrb_write>:
 8002b2e:	e92d 43f8 	stmdb	sp!, {r3, r4, r5, r6, r7, r8, r9, lr}
 8002b32:	2800      	cmp	r0, #0
 8002b34:	d03e      	beq.n	8002bb4 <lwrb_write+0x86>
 8002b36:	460e      	mov	r6, r1
 8002b38:	4689      	mov	r9, r1
 8002b3a:	4605      	mov	r5, r0
 8002b3c:	6803      	ldr	r3, [r0, #0]
 8002b3e:	2b00      	cmp	r3, #0
 8002b40:	d03a      	beq.n	8002bb8 <lwrb_write+0x8a>
 8002b42:	6844      	ldr	r4, [r0, #4]
 8002b44:	2c00      	cmp	r4, #0
 8002b46:	d03a      	beq.n	8002bbe <lwrb_write+0x90>
 8002b48:	4614      	mov	r4, r2
 8002b4a:	fab2 f382 	clz	r3, r2
 8002b4e:	095b      	lsrs	r3, r3, #5
 8002b50:	b3a1      	cbz	r1, 8002bbc <lwrb_write+0x8e>
 8002b52:	bb9b      	cbnz	r3, 8002bbc <lwrb_write+0x8e>
 8002b54:	f7ff ffd5 	bl	8002b02 <lwrb_get_free>
 8002b58:	4284      	cmp	r4, r0
 8002b5a:	bf28      	it	cs
 8002b5c:	4604      	movcs	r4, r0
 8002b5e:	b374      	cbz	r4, 8002bbe <lwrb_write+0x90>
 8002b60:	68ef      	ldr	r7, [r5, #12]
 8002b62:	f3bf 8f5b 	dmb	ish
 8002b66:	686b      	ldr	r3, [r5, #4]
 8002b68:	1bdb      	subs	r3, r3, r7
 8002b6a:	42a3      	cmp	r3, r4
 8002b6c:	bf28      	it	cs
 8002b6e:	4623      	movcs	r3, r4
 8002b70:	4698      	mov	r8, r3
 8002b72:	6828      	ldr	r0, [r5, #0]
 8002b74:	461a      	mov	r2, r3
 8002b76:	4631      	mov	r1, r6
 8002b78:	4438      	add	r0, r7
 8002b7a:	f002 f8db 	bl	8004d34 <memcpy>
 8002b7e:	4642      	mov	r2, r8
 8002b80:	18bb      	adds	r3, r7, r2
 8002b82:	ebb4 0208 	subs.w	r2, r4, r8
 8002b86:	d10d      	bne.n	8002ba4 <lwrb_write+0x76>
 8002b88:	686a      	ldr	r2, [r5, #4]
 8002b8a:	429a      	cmp	r2, r3
 8002b8c:	d800      	bhi.n	8002b90 <lwrb_write+0x62>
 8002b8e:	2300      	movs	r3, #0
 8002b90:	f3bf 8f5b 	dmb	ish
 8002b94:	60eb      	str	r3, [r5, #12]
 8002b96:	692b      	ldr	r3, [r5, #16]
 8002b98:	b18b      	cbz	r3, 8002bbe <lwrb_write+0x90>
 8002b9a:	4622      	mov	r2, r4
 8002b9c:	2101      	movs	r1, #1
 8002b9e:	4628      	mov	r0, r5
 8002ba0:	4798      	blx	r3
 8002ba2:	e00c      	b.n	8002bbe <lwrb_write+0x90>
 8002ba4:	4616      	mov	r6, r2
 8002ba6:	4649      	mov	r1, r9
 8002ba8:	4441      	add	r1, r8
 8002baa:	6828      	ldr	r0, [r5, #0]
 8002bac:	f002 f8c2 	bl	8004d34 <memcpy>
 8002bb0:	4633      	mov	r3, r6
 8002bb2:	e7e9      	b.n	8002b88 <lwrb_write+0x5a>
 8002bb4:	4604      	mov	r4, r0
 8002bb6:	e002      	b.n	8002bbe <lwrb_write+0x90>
 8002bb8:	461c      	mov	r4, r3
 8002bba:	e000      	b.n	8002bbe <lwrb_write+0x90>
 8002bbc:	2400      	movs	r4, #0
 8002bbe:	4620      	mov	r0, r4
 8002bc0:	e8bd 83f8 	ldmia.w	sp!, {r3, r4, r5, r6, r7, r8, r9, pc}

08002bc4 <lwrb_get_full>:
 8002bc4:	4603      	mov	r3, r0
 8002bc6:	b118      	cbz	r0, 8002bd0 <lwrb_get_full+0xc>
 8002bc8:	6802      	ldr	r2, [r0, #0]
 8002bca:	b16a      	cbz	r2, 8002be8 <lwrb_get_full+0x24>
 8002bcc:	6840      	ldr	r0, [r0, #4]
 8002bce:	b900      	cbnz	r0, 8002bd2 <lwrb_get_full+0xe>
 8002bd0:	4770      	bx	lr
 8002bd2:	68da      	ldr	r2, [r3, #12]
 8002bd4:	6899      	ldr	r1, [r3, #8]
 8002bd6:	428a      	cmp	r2, r1
 8002bd8:	d008      	beq.n	8002bec <lwrb_get_full+0x28>
 8002bda:	d901      	bls.n	8002be0 <lwrb_get_full+0x1c>
 8002bdc:	1a50      	subs	r0, r2, r1
 8002bde:	4770      	bx	lr
 8002be0:	6858      	ldr	r0, [r3, #4]
 8002be2:	1a52      	subs	r2, r2, r1
 8002be4:	4410      	add	r0, r2
 8002be6:	4770      	bx	lr
 8002be8:	4610      	mov	r0, r2
 8002bea:	4770      	bx	lr
 8002bec:	2000      	movs	r0, #0
 8002bee:	e7ef      	b.n	8002bd0 <lwrb_get_full+0xc>

08002bf0 <lwrb_read>:
 8002bf0:	e92d 41f0 	stmdb	sp!, {r4, r5, r6, r7, r8, lr}
 8002bf4:	2800      	cmp	r0, #0
 8002bf6:	d03e      	beq.n	8002c76 <lwrb_read+0x86>
 8002bf8:	460e      	mov	r6, r1
 8002bfa:	4605      	mov	r5, r0
 8002bfc:	6803      	ldr	r3, [r0, #0]
 8002bfe:	2b00      	cmp	r3, #0
 8002c00:	d03b      	beq.n	8002c7a <lwrb_read+0x8a>
 8002c02:	6844      	ldr	r4, [r0, #4]
 8002c04:	2c00      	cmp	r4, #0
 8002c06:	d03b      	beq.n	8002c80 <lwrb_read+0x90>
 8002c08:	4614      	mov	r4, r2
 8002c0a:	fab2 f382 	clz	r3, r2
 8002c0e:	095b      	lsrs	r3, r3, #5
 8002c10:	b3a9      	cbz	r1, 8002c7e <lwrb_read+0x8e>
 8002c12:	bba3      	cbnz	r3, 8002c7e <lwrb_read+0x8e>
 8002c14:	f7ff ffd6 	bl	8002bc4 <lwrb_get_full>
 8002c18:	4284      	cmp	r4, r0
 8002c1a:	bf28      	it	cs
 8002c1c:	4604      	movcs	r4, r0
 8002c1e:	b37c      	cbz	r4, 8002c80 <lwrb_read+0x90>
 8002c20:	68a8      	ldr	r0, [r5, #8]
 8002c22:	4607      	mov	r7, r0
 8002c24:	f3bf 8f5b 	dmb	ish
 8002c28:	686b      	ldr	r3, [r5, #4]
 8002c2a:	1a1b      	subs	r3, r3, r0
 8002c2c:	42a3      	cmp	r3, r4
 8002c2e:	bf28      	it	cs
 8002c30:	4623      	movcs	r3, r4
 8002c32:	4698      	mov	r8, r3
 8002c34:	6829      	ldr	r1, [r5, #0]
 8002c36:	461a      	mov	r2, r3
 8002c38:	4401      	add	r1, r0
 8002c3a:	4630      	mov	r0, r6
 8002c3c:	f002 f87a 	bl	8004d34 <memcpy>
 8002c40:	4642      	mov	r2, r8
 8002c42:	18bb      	adds	r3, r7, r2
 8002c44:	ebb4 0208 	subs.w	r2, r4, r8
 8002c48:	d10d      	bne.n	8002c66 <lwrb_read+0x76>
 8002c4a:	686a      	ldr	r2, [r5, #4]
 8002c4c:	429a      	cmp	r2, r3
 8002c4e:	d800      	bhi.n	8002c52 <lwrb_read+0x62>
 8002c50:	2300      	movs	r3, #0
 8002c52:	f3bf 8f5b 	dmb	ish
 8002c56:	60ab      	str	r3, [r5, #8]
 8002c58:	692b      	ldr	r3, [r5, #16]
 8002c5a:	b18b      	cbz	r3, 8002c80 <lwrb_read+0x90>
 8002c5c:	4622      	mov	r2, r4
 8002c5e:	2100      	movs	r1, #0
 8002c60:	4628      	mov	r0, r5
 8002c62:	4798      	blx	r3
 8002c64:	e00c      	b.n	8002c80 <lwrb_read+0x90>
 8002c66:	4617      	mov	r7, r2
 8002c68:	6829      	ldr	r1, [r5, #0]
 8002c6a:	4630      	mov	r0, r6
 8002c6c:	4440      	add	r0, r8
 8002c6e:	f002 f861 	bl	8004d34 <memcpy>
 8002c72:	463b      	mov	r3, r7
 8002c74:	e7e9      	b.n	8002c4a <lwrb_read+0x5a>
 8002c76:	4604      	mov	r4, r0
 8002c78:	e002      	b.n	8002c80 <lwrb_read+0x90>
 8002c7a:	461c      	mov	r4, r3
 8002c7c:	e000      	b.n	8002c80 <lwrb_read+0x90>
 8002c7e:	2400      	movs	r4, #0
 8002c80:	4620      	mov	r0, r4
 8002c82:	e8bd 81f0 	ldmia.w	sp!, {r4, r5, r6, r7, r8, pc}

08002c86 <lwrb_peek>:
 8002c86:	e92d 41f0 	stmdb	sp!, {r4, r5, r6, r7, r8, lr}
 8002c8a:	b390      	cbz	r0, 8002cf2 <lwrb_peek+0x6c>
 8002c8c:	460e      	mov	r6, r1
 8002c8e:	4690      	mov	r8, r2
 8002c90:	469c      	mov	ip, r3
 8002c92:	461f      	mov	r7, r3
 8002c94:	4605      	mov	r5, r0
 8002c96:	6803      	ldr	r3, [r0, #0]
 8002c98:	b36b      	cbz	r3, 8002cf6 <lwrb_peek+0x70>
 8002c9a:	6844      	ldr	r4, [r0, #4]
 8002c9c:	b374      	cbz	r4, 8002cfc <lwrb_peek+0x76>
 8002c9e:	fabc f38c 	clz	r3, ip
 8002ca2:	095b      	lsrs	r3, r3, #5
 8002ca4:	b34a      	cbz	r2, 8002cfa <lwrb_peek+0x74>
 8002ca6:	bb43      	cbnz	r3, 8002cfa <lwrb_peek+0x74>
 8002ca8:	f7ff ff8c 	bl	8002bc4 <lwrb_get_full>
 8002cac:	42b0      	cmp	r0, r6
 8002cae:	d801      	bhi.n	8002cb4 <lwrb_peek+0x2e>
 8002cb0:	2400      	movs	r4, #0
 8002cb2:	e023      	b.n	8002cfc <lwrb_peek+0x76>
 8002cb4:	68ab      	ldr	r3, [r5, #8]
 8002cb6:	4433      	add	r3, r6
 8002cb8:	1b84      	subs	r4, r0, r6
 8002cba:	686a      	ldr	r2, [r5, #4]
 8002cbc:	429a      	cmp	r2, r3
 8002cbe:	d800      	bhi.n	8002cc2 <lwrb_peek+0x3c>
 8002cc0:	1a9b      	subs	r3, r3, r2
 8002cc2:	4639      	mov	r1, r7
 8002cc4:	42a7      	cmp	r7, r4
 8002cc6:	bf28      	it	cs
 8002cc8:	4621      	movcs	r1, r4
 8002cca:	460c      	mov	r4, r1
 8002ccc:	b1b1      	cbz	r1, 8002cfc <lwrb_peek+0x76>
 8002cce:	1ad2      	subs	r2, r2, r3
 8002cd0:	428a      	cmp	r2, r1
 8002cd2:	bf28      	it	cs
 8002cd4:	460a      	movcs	r2, r1
 8002cd6:	4616      	mov	r6, r2
 8002cd8:	6829      	ldr	r1, [r5, #0]
 8002cda:	4419      	add	r1, r3
 8002cdc:	4640      	mov	r0, r8
 8002cde:	f002 f829 	bl	8004d34 <memcpy>
 8002ce2:	1ba2      	subs	r2, r4, r6
 8002ce4:	d00a      	beq.n	8002cfc <lwrb_peek+0x76>
 8002ce6:	6829      	ldr	r1, [r5, #0]
 8002ce8:	4640      	mov	r0, r8
 8002cea:	4430      	add	r0, r6
 8002cec:	f002 f822 	bl	8004d34 <memcpy>
 8002cf0:	e004      	b.n	8002cfc <lwrb_peek+0x76>
 8002cf2:	4604      	mov	r4, r0
 8002cf4:	e002      	b.n	8002cfc <lwrb_peek+0x76>
 8002cf6:	461c      	mov	r4, r3
 8002cf8:	e000      	b.n	8002cfc <lwrb_peek+0x76>
 8002cfa:	2400      	movs	r4, #0
 8002cfc:	4620      	mov	r0, r4
 8002cfe:	e8bd 81f0 	ldmia.w	sp!, {r4, r5, r6, r7, r8, pc}

08002d02 <lwrb_find>:
 8002d02:	2800      	cmp	r0, #0
 8002d04:	d04d      	beq.n	8002da2 <lwrb_find+0xa0>
 8002d06:	e92d 43f0 	stmdb	sp!, {r4, r5, r6, r7, r8, r9, lr}
 8002d0a:	b083      	sub	sp, #12
 8002d0c:	460f      	mov	r7, r1
 8002d0e:	4616      	mov	r6, r2
 8002d10:	461d      	mov	r5, r3
 8002d12:	4680      	mov	r8, r0
 8002d14:	6803      	ldr	r3, [r0, #0]
 8002d16:	2b00      	cmp	r3, #0
 8002d18:	d037      	beq.n	8002d8a <lwrb_find+0x88>
 8002d1a:	6843      	ldr	r3, [r0, #4]
 8002d1c:	2b00      	cmp	r3, #0
 8002d1e:	d036      	beq.n	8002d8e <lwrb_find+0x8c>
 8002d20:	fab2 f382 	clz	r3, r2
 8002d24:	095b      	lsrs	r3, r3, #5
 8002d26:	2900      	cmp	r1, #0
 8002d28:	d035      	beq.n	8002d96 <lwrb_find+0x94>
 8002d2a:	2b00      	cmp	r3, #0
 8002d2c:	d133      	bne.n	8002d96 <lwrb_find+0x94>
 8002d2e:	9b0a      	ldr	r3, [sp, #40]	@ 0x28
 8002d30:	b39b      	cbz	r3, 8002d9a <lwrb_find+0x98>
 8002d32:	2300      	movs	r3, #0
 8002d34:	9a0a      	ldr	r2, [sp, #40]	@ 0x28
 8002d36:	6013      	str	r3, [r2, #0]
 8002d38:	f7ff ff44 	bl	8002bc4 <lwrb_get_full>
 8002d3c:	4681      	mov	r9, r0
 8002d3e:	1973      	adds	r3, r6, r5
 8002d40:	4283      	cmp	r3, r0
 8002d42:	d82c      	bhi.n	8002d9e <lwrb_find+0x9c>
 8002d44:	2000      	movs	r0, #0
 8002d46:	e004      	b.n	8002d52 <lwrb_find+0x50>
 8002d48:	2001      	movs	r0, #1
 8002d4a:	b108      	cbz	r0, 8002d50 <lwrb_find+0x4e>
 8002d4c:	9b0a      	ldr	r3, [sp, #40]	@ 0x28
 8002d4e:	601d      	str	r5, [r3, #0]
 8002d50:	3501      	adds	r5, #1
 8002d52:	464b      	mov	r3, r9
 8002d54:	454d      	cmp	r5, r9
 8002d56:	bf2c      	ite	cs
 8002d58:	2300      	movcs	r3, #0
 8002d5a:	2301      	movcc	r3, #1
 8002d5c:	b9c0      	cbnz	r0, 8002d90 <lwrb_find+0x8e>
 8002d5e:	b1bb      	cbz	r3, 8002d90 <lwrb_find+0x8e>
 8002d60:	2400      	movs	r4, #0
 8002d62:	42b4      	cmp	r4, r6
 8002d64:	d2f0      	bcs.n	8002d48 <lwrb_find+0x46>
 8002d66:	2301      	movs	r3, #1
 8002d68:	f10d 0207 	add.w	r2, sp, #7
 8002d6c:	1929      	adds	r1, r5, r4
 8002d6e:	4640      	mov	r0, r8
 8002d70:	f7ff ff89 	bl	8002c86 <lwrb_peek>
 8002d74:	2800      	cmp	r0, #0
 8002d76:	d0e8      	beq.n	8002d4a <lwrb_find+0x48>
 8002d78:	5d3a      	ldrb	r2, [r7, r4]
 8002d7a:	f89d 3007 	ldrb.w	r3, [sp, #7]
 8002d7e:	429a      	cmp	r2, r3
 8002d80:	d101      	bne.n	8002d86 <lwrb_find+0x84>
 8002d82:	3401      	adds	r4, #1
 8002d84:	e7ed      	b.n	8002d62 <lwrb_find+0x60>
 8002d86:	2000      	movs	r0, #0
 8002d88:	e7df      	b.n	8002d4a <lwrb_find+0x48>
 8002d8a:	4618      	mov	r0, r3
 8002d8c:	e000      	b.n	8002d90 <lwrb_find+0x8e>
 8002d8e:	4618      	mov	r0, r3
 8002d90:	b003      	add	sp, #12
 8002d92:	e8bd 83f0 	ldmia.w	sp!, {r4, r5, r6, r7, r8, r9, pc}
 8002d96:	2000      	movs	r0, #0
 8002d98:	e7fa      	b.n	8002d90 <lwrb_find+0x8e>
 8002d9a:	4618      	mov	r0, r3
 8002d9c:	e7f8      	b.n	8002d90 <lwrb_find+0x8e>
 8002d9e:	2000      	movs	r0, #0
 8002da0:	e7f6      	b.n	8002d90 <lwrb_find+0x8e>
 8002da2:	4770      	bx	lr

08002da4 <lwrb_reset>:
 8002da4:	b118      	cbz	r0, 8002dae <lwrb_reset+0xa>
 8002da6:	6802      	ldr	r2, [r0, #0]
 8002da8:	b10a      	cbz	r2, 8002dae <lwrb_reset+0xa>
 8002daa:	6842      	ldr	r2, [r0, #4]
 8002dac:	b902      	cbnz	r2, 8002db0 <lwrb_reset+0xc>
 8002dae:	4770      	bx	lr
 8002db0:	b510      	push	{r4, lr}
 8002db2:	2200      	movs	r2, #0
 8002db4:	f3bf 8f5b 	dmb	ish
 8002db8:	60c2      	str	r2, [r0, #12]
 8002dba:	f3bf 8f5b 	dmb	ish
 8002dbe:	6082      	str	r2, [r0, #8]
 8002dc0:	6902      	ldr	r2, [r0, #16]
 8002dc2:	4614      	mov	r4, r2
 8002dc4:	b112      	cbz	r2, 8002dcc <lwrb_reset+0x28>
 8002dc6:	2200      	movs	r2, #0
 8002dc8:	2102      	movs	r1, #2
 8002dca:	47a0      	blx	r4
 8002dcc:	bd10      	pop	{r4, pc}

08002dce <lwrb_get_linear_block_read_address>:
 8002dce:	4603      	mov	r3, r0
 8002dd0:	b130      	cbz	r0, 8002de0 <lwrb_get_linear_block_read_address+0x12>
 8002dd2:	6800      	ldr	r0, [r0, #0]
 8002dd4:	b130      	cbz	r0, 8002de4 <lwrb_get_linear_block_read_address+0x16>
 8002dd6:	685a      	ldr	r2, [r3, #4]
 8002dd8:	b11a      	cbz	r2, 8002de2 <lwrb_get_linear_block_read_address+0x14>
 8002dda:	689b      	ldr	r3, [r3, #8]
 8002ddc:	4418      	add	r0, r3
 8002dde:	4770      	bx	lr
 8002de0:	4770      	bx	lr
 8002de2:	4610      	mov	r0, r2
 8002de4:	4770      	bx	lr

08002de6 <lwrb_get_linear_block_read_length>:
 8002de6:	b120      	cbz	r0, 8002df2 <lwrb_get_linear_block_read_length+0xc>
 8002de8:	4603      	mov	r3, r0
 8002dea:	6802      	ldr	r2, [r0, #0]
 8002dec:	b1c2      	cbz	r2, 8002e20 <lwrb_get_linear_block_read_length+0x3a>
 8002dee:	6840      	ldr	r0, [r0, #4]
 8002df0:	b900      	cbnz	r0, 8002df4 <lwrb_get_linear_block_read_length+0xe>
 8002df2:	4770      	bx	lr
 8002df4:	b082      	sub	sp, #8
 8002df6:	68da      	ldr	r2, [r3, #12]
 8002df8:	9201      	str	r2, [sp, #4]
 8002dfa:	689a      	ldr	r2, [r3, #8]
 8002dfc:	9200      	str	r2, [sp, #0]
 8002dfe:	9901      	ldr	r1, [sp, #4]
 8002e00:	9a00      	ldr	r2, [sp, #0]
 8002e02:	4291      	cmp	r1, r2
 8002e04:	d904      	bls.n	8002e10 <lwrb_get_linear_block_read_length+0x2a>
 8002e06:	9801      	ldr	r0, [sp, #4]
 8002e08:	9b00      	ldr	r3, [sp, #0]
 8002e0a:	1ac0      	subs	r0, r0, r3
 8002e0c:	b002      	add	sp, #8
 8002e0e:	4770      	bx	lr
 8002e10:	9900      	ldr	r1, [sp, #0]
 8002e12:	9a01      	ldr	r2, [sp, #4]
 8002e14:	4291      	cmp	r1, r2
 8002e16:	d905      	bls.n	8002e24 <lwrb_get_linear_block_read_length+0x3e>
 8002e18:	6858      	ldr	r0, [r3, #4]
 8002e1a:	9b00      	ldr	r3, [sp, #0]
 8002e1c:	1ac0      	subs	r0, r0, r3
 8002e1e:	e7f5      	b.n	8002e0c <lwrb_get_linear_block_read_length+0x26>
 8002e20:	4610      	mov	r0, r2
 8002e22:	4770      	bx	lr
 8002e24:	2000      	movs	r0, #0
 8002e26:	e7f1      	b.n	8002e0c <lwrb_get_linear_block_read_length+0x26>

08002e28 <lwrb_skip>:
 8002e28:	b538      	push	{r3, r4, r5, lr}
 8002e2a:	b1f0      	cbz	r0, 8002e6a <lwrb_skip+0x42>
 8002e2c:	4605      	mov	r5, r0
 8002e2e:	6803      	ldr	r3, [r0, #0]
 8002e30:	b1eb      	cbz	r3, 8002e6e <lwrb_skip+0x46>
 8002e32:	6844      	ldr	r4, [r0, #4]
 8002e34:	b10c      	cbz	r4, 8002e3a <lwrb_skip+0x12>
 8002e36:	460c      	mov	r4, r1
 8002e38:	b909      	cbnz	r1, 8002e3e <lwrb_skip+0x16>
 8002e3a:	4620      	mov	r0, r4
 8002e3c:	bd38      	pop	{r3, r4, r5, pc}
 8002e3e:	f7ff fec1 	bl	8002bc4 <lwrb_get_full>
 8002e42:	4284      	cmp	r4, r0
 8002e44:	bf28      	it	cs
 8002e46:	4604      	movcs	r4, r0
 8002e48:	68ab      	ldr	r3, [r5, #8]
 8002e4a:	4423      	add	r3, r4
 8002e4c:	686a      	ldr	r2, [r5, #4]
 8002e4e:	429a      	cmp	r2, r3
 8002e50:	d800      	bhi.n	8002e54 <lwrb_skip+0x2c>
 8002e52:	1a9b      	subs	r3, r3, r2
 8002e54:	f3bf 8f5b 	dmb	ish
 8002e58:	60ab      	str	r3, [r5, #8]
 8002e5a:	692b      	ldr	r3, [r5, #16]
 8002e5c:	2b00      	cmp	r3, #0
 8002e5e:	d0ec      	beq.n	8002e3a <lwrb_skip+0x12>
 8002e60:	4622      	mov	r2, r4
 8002e62:	2100      	movs	r1, #0
 8002e64:	4628      	mov	r0, r5
 8002e66:	4798      	blx	r3
 8002e68:	e7e7      	b.n	8002e3a <lwrb_skip+0x12>
 8002e6a:	4604      	mov	r4, r0
 8002e6c:	e7e5      	b.n	8002e3a <lwrb_skip+0x12>
 8002e6e:	461c      	mov	r4, r3
 8002e70:	e7e3      	b.n	8002e3a <lwrb_skip+0x12>

08002e72 <lwrb_get_linear_block_write_address>:
 8002e72:	4603      	mov	r3, r0
 8002e74:	b130      	cbz	r0, 8002e84 <lwrb_get_linear_block_write_address+0x12>
 8002e76:	6800      	ldr	r0, [r0, #0]
 8002e78:	b130      	cbz	r0, 8002e88 <lwrb_get_linear_block_write_address+0x16>
 8002e7a:	685a      	ldr	r2, [r3, #4]
 8002e7c:	b11a      	cbz	r2, 8002e86 <lwrb_get_linear_block_write_address+0x14>
 8002e7e:	68db      	ldr	r3, [r3, #12]
 8002e80:	4418      	add	r0, r3
 8002e82:	4770      	bx	lr
 8002e84:	4770      	bx	lr
 8002e86:	4610      	mov	r0, r2
 8002e88:	4770      	bx	lr

08002e8a <lwrb_get_linear_block_write_length>:
 8002e8a:	b120      	cbz	r0, 8002e96 <lwrb_get_linear_block_write_length+0xc>
 8002e8c:	4603      	mov	r3, r0
 8002e8e:	6802      	ldr	r2, [r0, #0]
 8002e90:	b1ba      	cbz	r2, 8002ec2 <lwrb_get_linear_block_write_length+0x38>
 8002e92:	6840      	ldr	r0, [r0, #4]
 8002e94:	b900      	cbnz	r0, 8002e98 <lwrb_get_linear_block_write_length+0xe>
 8002e96:	4770      	bx	lr
 8002e98:	b082      	sub	sp, #8
 8002e9a:	68da      	ldr	r2, [r3, #12]
 8002e9c:	9201      	str	r2, [sp, #4]
 8002e9e:	689a      	ldr	r2, [r3, #8]
 8002ea0:	9200      	str	r2, [sp, #0]
 8002ea2:	9901      	ldr	r1, [sp, #4]
 8002ea4:	9a00      	ldr	r2, [sp, #0]
 8002ea6:	4291      	cmp	r1, r2
 8002ea8:	d305      	bcc.n	8002eb6 <lwrb_get_linear_block_write_length+0x2c>
 8002eaa:	9b01      	ldr	r3, [sp, #4]
 8002eac:	1ac0      	subs	r0, r0, r3
 8002eae:	9b00      	ldr	r3, [sp, #0]
 8002eb0:	b92b      	cbnz	r3, 8002ebe <lwrb_get_linear_block_write_length+0x34>
 8002eb2:	3801      	subs	r0, #1
 8002eb4:	e003      	b.n	8002ebe <lwrb_get_linear_block_write_length+0x34>
 8002eb6:	9800      	ldr	r0, [sp, #0]
 8002eb8:	9b01      	ldr	r3, [sp, #4]
 8002eba:	1ac0      	subs	r0, r0, r3
 8002ebc:	3801      	subs	r0, #1
 8002ebe:	b002      	add	sp, #8
 8002ec0:	4770      	bx	lr
 8002ec2:	4610      	mov	r0, r2
 8002ec4:	4770      	bx	lr

08002ec6 <lwrb_advance>:
 8002ec6:	b538      	push	{r3, r4, r5, lr}
 8002ec8:	b1f0      	cbz	r0, 8002f08 <lwrb_advance+0x42>
 8002eca:	4605      	mov	r5, r0
 8002ecc:	6803      	ldr	r3, [r0, #0]
 8002ece:	b1eb      	cbz	r3, 8002f0c <lwrb_advance+0x46>
 8002ed0:	6844      	ldr	r4, [r0, #4]
 8002ed2:	b10c      	cbz	r4, 8002ed8 <lwrb_advance+0x12>
 8002ed4:	460c      	mov	r4, r1
 8002ed6:	b909      	cbnz	r1, 8002edc <lwrb_advance+0x16>
 8002ed8:	4620      	mov	r0, r4
 8002eda:	bd38      	pop	{r3, r4, r5, pc}
 8002edc:	f7ff fe11 	bl	8002b02 <lwrb_get_free>
 8002ee0:	4284      	cmp	r4, r0
 8002ee2:	bf28      	it	cs
 8002ee4:	4604      	movcs	r4, r0
 8002ee6:	68eb      	ldr	r3, [r5, #12]
 8002ee8:	4423      	add	r3, r4
 8002eea:	686a      	ldr	r2, [r5, #4]
 8002eec:	429a      	cmp	r2, r3
 8002eee:	d800      	bhi.n	8002ef2 <lwrb_advance+0x2c>
 8002ef0:	1a9b      	subs	r3, r3, r2
 8002ef2:	f3bf 8f5b 	dmb	ish
 8002ef6:	60eb      	str	r3, [r5, #12]
 8002ef8:	692b      	ldr	r3, [r5, #16]
 8002efa:	2b00      	cmp	r3, #0
 8002efc:	d0ec      	beq.n	8002ed8 <lwrb_advance+0x12>
 8002efe:	4622      	mov	r2, r4
 8002f00:	2101      	movs	r1, #1
 8002f02:	4628      	mov	r0, r5
 8002f04:	4798      	blx	r3
 8002f06:	e7e7      	b.n	8002ed8 <lwrb_advance+0x12>
 8002f08:	4604      	mov	r4, r0
 8002f0a:	e7e5      	b.n	8002ed8 <lwrb_advance+0x12>
 8002f0c:	461c      	mov	r4, r3
 8002f0e:	e7e3      	b.n	8002ed8 <lwrb_advance+0x12>

08002f10 <main>:
 8002f10:	b508      	push	{r3, lr}
 8002f12:	f7fe fea8 	bl	8001c66 <systemInit>
 8002f16:	f7ff faa7 	bl	8002468 <usart2BeginRx>
 8002f1a:	4b06      	ldr	r3, [pc, #24]	@ (8002f34 <main+0x24>)
 8002f1c:	2201      	movs	r2, #1
 8002f1e:	701a      	strb	r2, [r3, #0]
 8002f20:	4b05      	ldr	r3, [pc, #20]	@ (8002f38 <main+0x28>)
 8002f22:	6a59      	ldr	r1, [r3, #36]	@ 0x24
 8002f24:	b2c9      	uxtb	r1, r1
 8002f26:	4805      	ldr	r0, [pc, #20]	@ (8002f3c <main+0x2c>)
 8002f28:	f001 fe4a 	bl	8004bc0 <iprintf>
 8002f2c:	200a      	movs	r0, #10
 8002f2e:	f7fe fe8f 	bl	8001c50 <delay>
 8002f32:	e7f5      	b.n	8002f20 <main+0x10>
 8002f34:	20000378 	.word	0x20000378
 8002f38:	40004400 	.word	0x40004400
 8002f3c:	08007044 	.word	0x08007044

08002f40 <Error_Handler>:
 8002f40:	b672      	cpsid	i
 8002f42:	e7fe      	b.n	8002f42 <Error_Handler+0x2>

08002f44 <orientSensors>:
 8002f44:	4b29      	ldr	r3, [pc, #164]	@ (8002fec <orientSensors+0xa8>)
 8002f46:	f893 3059 	ldrb.w	r3, [r3, #89]	@ 0x59
 8002f4a:	2b03      	cmp	r3, #3
 8002f4c:	d030      	beq.n	8002fb0 <orientSensors+0x6c>
 8002f4e:	d812      	bhi.n	8002f76 <orientSensors+0x32>
 8002f50:	2b01      	cmp	r3, #1
 8002f52:	d01f      	beq.n	8002f94 <orientSensors+0x50>
 8002f54:	2b02      	cmp	r3, #2
 8002f56:	d13a      	bne.n	8002fce <orientSensors+0x8a>
 8002f58:	4b25      	ldr	r3, [pc, #148]	@ (8002ff0 <orientSensors+0xac>)
 8002f5a:	2200      	movs	r2, #0
 8002f5c:	601a      	str	r2, [r3, #0]
 8002f5e:	f04f 517e 	mov.w	r1, #1065353216	@ 0x3f800000
 8002f62:	6059      	str	r1, [r3, #4]
 8002f64:	609a      	str	r2, [r3, #8]
 8002f66:	60d9      	str	r1, [r3, #12]
 8002f68:	611a      	str	r2, [r3, #16]
 8002f6a:	615a      	str	r2, [r3, #20]
 8002f6c:	619a      	str	r2, [r3, #24]
 8002f6e:	61da      	str	r2, [r3, #28]
 8002f70:	4a20      	ldr	r2, [pc, #128]	@ (8002ff4 <orientSensors+0xb0>)
 8002f72:	621a      	str	r2, [r3, #32]
 8002f74:	4770      	bx	lr
 8002f76:	2b04      	cmp	r3, #4
 8002f78:	d129      	bne.n	8002fce <orientSensors+0x8a>
 8002f7a:	4b1d      	ldr	r3, [pc, #116]	@ (8002ff0 <orientSensors+0xac>)
 8002f7c:	2200      	movs	r2, #0
 8002f7e:	601a      	str	r2, [r3, #0]
 8002f80:	491c      	ldr	r1, [pc, #112]	@ (8002ff4 <orientSensors+0xb0>)
 8002f82:	6059      	str	r1, [r3, #4]
 8002f84:	609a      	str	r2, [r3, #8]
 8002f86:	60d9      	str	r1, [r3, #12]
 8002f88:	611a      	str	r2, [r3, #16]
 8002f8a:	615a      	str	r2, [r3, #20]
 8002f8c:	619a      	str	r2, [r3, #24]
 8002f8e:	61da      	str	r2, [r3, #28]
 8002f90:	6219      	str	r1, [r3, #32]
 8002f92:	4770      	bx	lr
 8002f94:	4b16      	ldr	r3, [pc, #88]	@ (8002ff0 <orientSensors+0xac>)
 8002f96:	f04f 517e 	mov.w	r1, #1065353216	@ 0x3f800000
 8002f9a:	6019      	str	r1, [r3, #0]
 8002f9c:	2200      	movs	r2, #0
 8002f9e:	605a      	str	r2, [r3, #4]
 8002fa0:	609a      	str	r2, [r3, #8]
 8002fa2:	60da      	str	r2, [r3, #12]
 8002fa4:	6119      	str	r1, [r3, #16]
 8002fa6:	615a      	str	r2, [r3, #20]
 8002fa8:	619a      	str	r2, [r3, #24]
 8002faa:	61da      	str	r2, [r3, #28]
 8002fac:	6219      	str	r1, [r3, #32]
 8002fae:	4770      	bx	lr
 8002fb0:	4b0f      	ldr	r3, [pc, #60]	@ (8002ff0 <orientSensors+0xac>)
 8002fb2:	4910      	ldr	r1, [pc, #64]	@ (8002ff4 <orientSensors+0xb0>)
 8002fb4:	6019      	str	r1, [r3, #0]
 8002fb6:	2200      	movs	r2, #0
 8002fb8:	605a      	str	r2, [r3, #4]
 8002fba:	609a      	str	r2, [r3, #8]
 8002fbc:	60da      	str	r2, [r3, #12]
 8002fbe:	f04f 507e 	mov.w	r0, #1065353216	@ 0x3f800000
 8002fc2:	6118      	str	r0, [r3, #16]
 8002fc4:	615a      	str	r2, [r3, #20]
 8002fc6:	619a      	str	r2, [r3, #24]
 8002fc8:	61da      	str	r2, [r3, #28]
 8002fca:	6219      	str	r1, [r3, #32]
 8002fcc:	4770      	bx	lr
 8002fce:	4b08      	ldr	r3, [pc, #32]	@ (8002ff0 <orientSensors+0xac>)
 8002fd0:	f04f 517e 	mov.w	r1, #1065353216	@ 0x3f800000
 8002fd4:	6019      	str	r1, [r3, #0]
 8002fd6:	2200      	movs	r2, #0
 8002fd8:	605a      	str	r2, [r3, #4]
 8002fda:	609a      	str	r2, [r3, #8]
 8002fdc:	60da      	str	r2, [r3, #12]
 8002fde:	6119      	str	r1, [r3, #16]
 8002fe0:	615a      	str	r2, [r3, #20]
 8002fe2:	619a      	str	r2, [r3, #24]
 8002fe4:	61da      	str	r2, [r3, #28]
 8002fe6:	6219      	str	r1, [r3, #32]
 8002fe8:	4770      	bx	lr
 8002fea:	bf00      	nop
 8002fec:	20001c28 	.word	0x20001c28
 8002ff0:	20001e08 	.word	0x20001e08
 8002ff4:	bf800000 	.word	0xbf800000

08002ff8 <initPID>:
 8002ff8:	2300      	movs	r3, #0
 8002ffa:	e012      	b.n	8003022 <initPID+0x2a>
 8002ffc:	4a0a      	ldr	r2, [pc, #40]	@ (8003028 <initPID+0x30>)
 8002ffe:	ebc3 01c3 	rsb	r1, r3, r3, lsl #3
 8003002:	eb02 0181 	add.w	r1, r2, r1, lsl #2
 8003006:	2000      	movs	r0, #0
 8003008:	f8c1 0098 	str.w	r0, [r1, #152]	@ 0x98
 800300c:	f8c1 009c 	str.w	r0, [r1, #156]	@ 0x9c
 8003010:	ebc3 01c3 	rsb	r1, r3, r3, lsl #3
 8003014:	eb02 0281 	add.w	r2, r2, r1, lsl #2
 8003018:	2100      	movs	r1, #0
 800301a:	f882 10a0 	strb.w	r1, [r2, #160]	@ 0xa0
 800301e:	3301      	adds	r3, #1
 8003020:	b2db      	uxtb	r3, r3
 8003022:	2b05      	cmp	r3, #5
 8003024:	d9ea      	bls.n	8002ffc <initPID+0x4>
 8003026:	4770      	bx	lr
 8003028:	20001c28 	.word	0x20001c28

0800302c <updatePID>:
 800302c:	eeb0 6a40 	vmov.f32	s12, s0
 8003030:	2801      	cmp	r0, #1
 8003032:	d002      	beq.n	800303a <updatePID+0xe>
 8003034:	7e0b      	ldrb	r3, [r1, #24]
 8003036:	2b01      	cmp	r3, #1
 8003038:	d102      	bne.n	8003040 <updatePID+0x14>
 800303a:	2300      	movs	r3, #0
 800303c:	610b      	str	r3, [r1, #16]
 800303e:	614b      	str	r3, [r1, #20]
 8003040:	ed91 7a02 	vldr	s14, [r1, #8]
 8003044:	ee27 7a06 	vmul.f32	s14, s14, s12
 8003048:	edd1 5a05 	vldr	s11, [r1, #20]
 800304c:	ee37 7a65 	vsub.f32	s14, s14, s11
 8003050:	eddf 7a1e 	vldr	s15, [pc, #120]	@ 80030cc <updatePID+0xa0>
 8003054:	ee27 7a27 	vmul.f32	s14, s14, s15
 8003058:	edd1 7a00 	vldr	s15, [r1]
 800305c:	ee67 7a86 	vmul.f32	s15, s15, s12
 8003060:	ed91 5a04 	vldr	s10, [r1, #16]
 8003064:	ee77 7a85 	vadd.f32	s15, s15, s10
 8003068:	ee77 7a87 	vadd.f32	s15, s15, s14
 800306c:	ed91 0a03 	vldr	s0, [r1, #12]
 8003070:	eeb4 0ae7 	vcmpe.f32	s0, s15
 8003074:	eef1 fa10 	vmrs	APSR_nzcv, fpscr
 8003078:	d408      	bmi.n	800308c <updatePID+0x60>
 800307a:	eeb1 0a40 	vneg.f32	s0, s0
 800307e:	eef4 7ac0 	vcmpe.f32	s15, s0
 8003082:	eef1 fa10 	vmrs	APSR_nzcv, fpscr
 8003086:	d401      	bmi.n	800308c <updatePID+0x60>
 8003088:	eeb0 0a67 	vmov.f32	s0, s15
 800308c:	edd1 6a01 	vldr	s13, [r1, #4]
 8003090:	ee66 6a86 	vmul.f32	s13, s13, s12
 8003094:	ee70 7a67 	vsub.f32	s15, s0, s15
 8003098:	ed9f 6a0c 	vldr	s12, [pc, #48]	@ 80030cc <updatePID+0xa0>
 800309c:	ee67 7a86 	vmul.f32	s15, s15, s12
 80030a0:	ee76 7aa7 	vadd.f32	s15, s13, s15
 80030a4:	ee67 7aa0 	vmul.f32	s15, s15, s1
 80030a8:	ee35 5a27 	vadd.f32	s10, s10, s15
 80030ac:	ed81 5a04 	vstr	s10, [r1, #16]
 80030b0:	ee27 7a20 	vmul.f32	s14, s14, s1
 80030b4:	ee75 5a87 	vadd.f32	s11, s11, s14
 80030b8:	edc1 5a05 	vstr	s11, [r1, #20]
 80030bc:	2801      	cmp	r0, #1
 80030be:	d002      	beq.n	80030c6 <updatePID+0x9a>
 80030c0:	2300      	movs	r3, #0
 80030c2:	760b      	strb	r3, [r1, #24]
 80030c4:	4770      	bx	lr
 80030c6:	2301      	movs	r3, #1
 80030c8:	760b      	strb	r3, [r1, #24]
 80030ca:	4770      	bx	lr
 80030cc:	42c80000 	.word	0x42c80000

080030d0 <initPIDvalues>:
 80030d0:	e92d 43f0 	stmdb	sp!, {r4, r5, r6, r7, r8, r9, lr}
 80030d4:	b089      	sub	sp, #36	@ 0x24
 80030d6:	2101      	movs	r1, #1
 80030d8:	2006      	movs	r0, #6
 80030da:	f7fd facd 	bl	8000678 <color>
 80030de:	4882      	ldr	r0, [pc, #520]	@ (80032e8 <initPIDvalues+0x218>)
 80030e0:	f001 fdd6 	bl	8004c90 <puts>
 80030e4:	f7fd fad0 	bl	8000688 <colorDefault>
 80030e8:	2001      	movs	r0, #1
 80030ea:	f7fe fdb1 	bl	8001c50 <delay>
 80030ee:	e04f      	b.n	8003190 <initPIDvalues+0xc0>
 80030f0:	ebc3 01c3 	rsb	r1, r3, r3, lsl #3
 80030f4:	eb04 0181 	add.w	r1, r4, r1, lsl #2
 80030f8:	edd1 7a22 	vldr	s15, [r1, #136]	@ 0x88
 80030fc:	ed9f 7a7b 	vldr	s14, [pc, #492]	@ 80032ec <initPIDvalues+0x21c>
 8003100:	ee67 7a87 	vmul.f32	s15, s15, s14
 8003104:	ed9f 7a7a 	vldr	s14, [pc, #488]	@ 80032f0 <initPIDvalues+0x220>
 8003108:	ee67 7a87 	vmul.f32	s15, s15, s14
 800310c:	eddf 6a79 	vldr	s13, [pc, #484]	@ 80032f4 <initPIDvalues+0x224>
 8003110:	ee87 7aa6 	vdiv.f32	s14, s15, s13
 8003114:	ed81 7a25 	vstr	s14, [r1, #148]	@ 0x94
 8003118:	2101      	movs	r1, #1
 800311a:	2002      	movs	r0, #2
 800311c:	f7fd faac 	bl	8000678 <color>
 8003120:	4875      	ldr	r0, [pc, #468]	@ (80032f8 <initPIDvalues+0x228>)
 8003122:	f001 fdb5 	bl	8004c90 <puts>
 8003126:	f7fd faaf 	bl	8000688 <colorDefault>
 800312a:	f89d 301f 	ldrb.w	r3, [sp, #31]
 800312e:	4973      	ldr	r1, [pc, #460]	@ (80032fc <initPIDvalues+0x22c>)
 8003130:	ebc3 02c3 	rsb	r2, r3, r3, lsl #3
 8003134:	eb01 0282 	add.w	r2, r1, r2, lsl #2
 8003138:	f8d2 608c 	ldr.w	r6, [r2, #140]	@ 0x8c
 800313c:	f8d2 7090 	ldr.w	r7, [r2, #144]	@ 0x90
 8003140:	f8d2 8094 	ldr.w	r8, [r2, #148]	@ 0x94
 8003144:	f8d2 0088 	ldr.w	r0, [r2, #136]	@ 0x88
 8003148:	f000 fbc6 	bl	80038d8 <__aeabi_f2d>
 800314c:	4604      	mov	r4, r0
 800314e:	460d      	mov	r5, r1
 8003150:	4640      	mov	r0, r8
 8003152:	f000 fbc1 	bl	80038d8 <__aeabi_f2d>
 8003156:	e9cd 0104 	strd	r0, r1, [sp, #16]
 800315a:	4638      	mov	r0, r7
 800315c:	f000 fbbc 	bl	80038d8 <__aeabi_f2d>
 8003160:	e9cd 0102 	strd	r0, r1, [sp, #8]
 8003164:	4630      	mov	r0, r6
 8003166:	f000 fbb7 	bl	80038d8 <__aeabi_f2d>
 800316a:	e9cd 0100 	strd	r0, r1, [sp]
 800316e:	4622      	mov	r2, r4
 8003170:	462b      	mov	r3, r5
 8003172:	4863      	ldr	r0, [pc, #396]	@ (8003300 <initPIDvalues+0x230>)
 8003174:	f001 fd24 	bl	8004bc0 <iprintf>
 8003178:	4862      	ldr	r0, [pc, #392]	@ (8003304 <initPIDvalues+0x234>)
 800317a:	f001 fd89 	bl	8004c90 <puts>
 800317e:	2001      	movs	r0, #1
 8003180:	f7fe fd66 	bl	8001c50 <delay>
 8003184:	2079      	movs	r0, #121	@ 0x79
 8003186:	f7fe f90b 	bl	80013a0 <printfWaitFor>
 800318a:	2800      	cmp	r0, #0
 800318c:	f000 809d 	beq.w	80032ca <initPIDvalues+0x1fa>
 8003190:	2079      	movs	r0, #121	@ 0x79
 8003192:	f7fe f905 	bl	80013a0 <printfWaitFor>
 8003196:	2800      	cmp	r0, #0
 8003198:	f000 8097 	beq.w	80032ca <initPIDvalues+0x1fa>
 800319c:	2401      	movs	r4, #1
 800319e:	4b5a      	ldr	r3, [pc, #360]	@ (8003308 <initPIDvalues+0x238>)
 80031a0:	701c      	strb	r4, [r3, #0]
 80031a2:	485a      	ldr	r0, [pc, #360]	@ (800330c <initPIDvalues+0x23c>)
 80031a4:	f001 fd74 	bl	8004c90 <puts>
 80031a8:	4859      	ldr	r0, [pc, #356]	@ (8003310 <initPIDvalues+0x240>)
 80031aa:	f001 fd71 	bl	8004c90 <puts>
 80031ae:	4859      	ldr	r0, [pc, #356]	@ (8003314 <initPIDvalues+0x244>)
 80031b0:	f001 fd6e 	bl	8004c90 <puts>
 80031b4:	4858      	ldr	r0, [pc, #352]	@ (8003318 <initPIDvalues+0x248>)
 80031b6:	f001 fd6b 	bl	8004c90 <puts>
 80031ba:	4858      	ldr	r0, [pc, #352]	@ (800331c <initPIDvalues+0x24c>)
 80031bc:	f001 fd68 	bl	8004c90 <puts>
 80031c0:	4857      	ldr	r0, [pc, #348]	@ (8003320 <initPIDvalues+0x250>)
 80031c2:	f001 fd65 	bl	8004c90 <puts>
 80031c6:	f10d 001f 	add.w	r0, sp, #31
 80031ca:	f7fe f8bf 	bl	800134c <printfRead8>
 80031ce:	4621      	mov	r1, r4
 80031d0:	2003      	movs	r0, #3
 80031d2:	f7fd fa51 	bl	8000678 <color>
 80031d6:	f89d 101f 	ldrb.w	r1, [sp, #31]
 80031da:	4852      	ldr	r0, [pc, #328]	@ (8003324 <initPIDvalues+0x254>)
 80031dc:	f001 fcf0 	bl	8004bc0 <iprintf>
 80031e0:	4620      	mov	r0, r4
 80031e2:	f7fe fd35 	bl	8001c50 <delay>
 80031e6:	4621      	mov	r1, r4
 80031e8:	2004      	movs	r0, #4
 80031ea:	f7fd fa45 	bl	8000678 <color>
 80031ee:	484e      	ldr	r0, [pc, #312]	@ (8003328 <initPIDvalues+0x258>)
 80031f0:	f001 fd4e 	bl	8004c90 <puts>
 80031f4:	4620      	mov	r0, r4
 80031f6:	f7fe fd2b 	bl	8001c50 <delay>
 80031fa:	f7fd fa45 	bl	8000688 <colorDefault>
 80031fe:	f89d 301f 	ldrb.w	r3, [sp, #31]
 8003202:	4c3e      	ldr	r4, [pc, #248]	@ (80032fc <initPIDvalues+0x22c>)
 8003204:	ebc3 02c3 	rsb	r2, r3, r3, lsl #3
 8003208:	eb04 0282 	add.w	r2, r4, r2, lsl #2
 800320c:	f8d2 508c 	ldr.w	r5, [r2, #140]	@ 0x8c
 8003210:	f8d2 8090 	ldr.w	r8, [r2, #144]	@ 0x90
 8003214:	f8d2 9094 	ldr.w	r9, [r2, #148]	@ 0x94
 8003218:	f8d2 0088 	ldr.w	r0, [r2, #136]	@ 0x88
 800321c:	f000 fb5c 	bl	80038d8 <__aeabi_f2d>
 8003220:	4606      	mov	r6, r0
 8003222:	460f      	mov	r7, r1
 8003224:	4648      	mov	r0, r9
 8003226:	f000 fb57 	bl	80038d8 <__aeabi_f2d>
 800322a:	e9cd 0104 	strd	r0, r1, [sp, #16]
 800322e:	4640      	mov	r0, r8
 8003230:	f000 fb52 	bl	80038d8 <__aeabi_f2d>
 8003234:	e9cd 0102 	strd	r0, r1, [sp, #8]
 8003238:	4628      	mov	r0, r5
 800323a:	f000 fb4d 	bl	80038d8 <__aeabi_f2d>
 800323e:	e9cd 0100 	strd	r0, r1, [sp]
 8003242:	4632      	mov	r2, r6
 8003244:	463b      	mov	r3, r7
 8003246:	482e      	ldr	r0, [pc, #184]	@ (8003300 <initPIDvalues+0x230>)
 8003248:	f001 fcba 	bl	8004bc0 <iprintf>
 800324c:	f89d 001f 	ldrb.w	r0, [sp, #31]
 8003250:	ebc0 02c0 	rsb	r2, r0, r0, lsl #3
 8003254:	0092      	lsls	r2, r2, #2
 8003256:	3290      	adds	r2, #144	@ 0x90
 8003258:	ebc0 01c0 	rsb	r1, r0, r0, lsl #3
 800325c:	0089      	lsls	r1, r1, #2
 800325e:	3188      	adds	r1, #136	@ 0x88
 8003260:	4421      	add	r1, r4
 8003262:	ebc0 00c0 	rsb	r0, r0, r0, lsl #3
 8003266:	0080      	lsls	r0, r0, #2
 8003268:	3088      	adds	r0, #136	@ 0x88
 800326a:	4422      	add	r2, r4
 800326c:	3104      	adds	r1, #4
 800326e:	4420      	add	r0, r4
 8003270:	f7fe f880 	bl	8001374 <printfReadPID>
 8003274:	f89d 301f 	ldrb.w	r3, [sp, #31]
 8003278:	2b01      	cmp	r3, #1
 800327a:	f67f af39 	bls.w	80030f0 <initPIDvalues+0x20>
 800327e:	2b02      	cmp	r3, #2
 8003280:	d011      	beq.n	80032a6 <initPIDvalues+0x1d6>
 8003282:	4a1e      	ldr	r2, [pc, #120]	@ (80032fc <initPIDvalues+0x22c>)
 8003284:	edd2 7a1c 	vldr	s15, [r2, #112]	@ 0x70
 8003288:	ed9f 7a18 	vldr	s14, [pc, #96]	@ 80032ec <initPIDvalues+0x21c>
 800328c:	ee67 7a87 	vmul.f32	s15, s15, s14
 8003290:	ebc3 01c3 	rsb	r1, r3, r3, lsl #3
 8003294:	eb02 0181 	add.w	r1, r2, r1, lsl #2
 8003298:	ed91 7a22 	vldr	s14, [r1, #136]	@ 0x88
 800329c:	ee67 7a87 	vmul.f32	s15, s15, s14
 80032a0:	edc1 7a25 	vstr	s15, [r1, #148]	@ 0x94
 80032a4:	e738      	b.n	8003118 <initPIDvalues+0x48>
 80032a6:	4a15      	ldr	r2, [pc, #84]	@ (80032fc <initPIDvalues+0x22c>)
 80032a8:	edd2 7a1b 	vldr	s15, [r2, #108]	@ 0x6c
 80032ac:	ed9f 7a0f 	vldr	s14, [pc, #60]	@ 80032ec <initPIDvalues+0x21c>
 80032b0:	ee67 7a87 	vmul.f32	s15, s15, s14
 80032b4:	ebc3 01c3 	rsb	r1, r3, r3, lsl #3
 80032b8:	eb02 0181 	add.w	r1, r2, r1, lsl #2
 80032bc:	ed91 7a22 	vldr	s14, [r1, #136]	@ 0x88
 80032c0:	ee67 7a87 	vmul.f32	s15, s15, s14
 80032c4:	edc1 7a25 	vstr	s15, [r1, #148]	@ 0x94
 80032c8:	e726      	b.n	8003118 <initPIDvalues+0x48>
 80032ca:	2101      	movs	r1, #1
 80032cc:	2002      	movs	r0, #2
 80032ce:	f7fd f9d3 	bl	8000678 <color>
 80032d2:	4816      	ldr	r0, [pc, #88]	@ (800332c <initPIDvalues+0x25c>)
 80032d4:	f001 fcdc 	bl	8004c90 <puts>
 80032d8:	f7fd f9d6 	bl	8000688 <colorDefault>
 80032dc:	f7fc ff8c 	bl	80001f8 <writeEEPROM>
 80032e0:	b009      	add	sp, #36	@ 0x24
 80032e2:	e8bd 83f0 	ldmia.w	sp!, {r4, r5, r6, r7, r8, r9, pc}
 80032e6:	bf00      	nop
 80032e8:	08007054 	.word	0x08007054
 80032ec:	447a0000 	.word	0x447a0000
 80032f0:	40490fdb 	.word	0x40490fdb
 80032f4:	43340000 	.word	0x43340000
 80032f8:	08007168 	.word	0x08007168
 80032fc:	20001c28 	.word	0x20001c28
 8003300:	08007134 	.word	0x08007134
 8003304:	08007178 	.word	0x08007178
 8003308:	200001d0 	.word	0x200001d0
 800330c:	08007080 	.word	0x08007080
 8003310:	080070a8 	.word	0x080070a8
 8003314:	080070bc 	.word	0x080070bc
 8003318:	080070d0 	.word	0x080070d0
 800331c:	080070e4 	.word	0x080070e4
 8003320:	080070f8 	.word	0x080070f8
 8003324:	0800710c 	.word	0x0800710c
 8003328:	08007124 	.word	0x08007124
 800332c:	080071a4 	.word	0x080071a4

08003330 <setPIDstates>:
 8003330:	4b04      	ldr	r3, [pc, #16]	@ (8003344 <setPIDstates+0x14>)
 8003332:	ebc0 02c0 	rsb	r2, r0, r0, lsl #3
 8003336:	eb03 0282 	add.w	r2, r3, r2, lsl #2
 800333a:	ed82 0a26 	vstr	s0, [r2, #152]	@ 0x98
 800333e:	ed82 0a27 	vstr	s0, [r2, #156]	@ 0x9c
 8003342:	4770      	bx	lr
 8003344:	20001c28 	.word	0x20001c28

08003348 <zeroPIDstates>:
 8003348:	b510      	push	{r4, lr}
 800334a:	2400      	movs	r4, #0
 800334c:	e006      	b.n	800335c <zeroPIDstates+0x14>
 800334e:	ed9f 0a05 	vldr	s0, [pc, #20]	@ 8003364 <zeroPIDstates+0x1c>
 8003352:	4620      	mov	r0, r4
 8003354:	f7ff ffec 	bl	8003330 <setPIDstates>
 8003358:	3401      	adds	r4, #1
 800335a:	b2e4      	uxtb	r4, r4
 800335c:	2c05      	cmp	r4, #5
 800335e:	d9f6      	bls.n	800334e <zeroPIDstates+0x6>
 8003360:	bd10      	pop	{r4, pc}
 8003362:	bf00      	nop
 8003364:	00000000 	.word	0x00000000

08003368 <NMI_Handler>:
 8003368:	e7fe      	b.n	8003368 <NMI_Handler>

0800336a <HardFault_Handler>:
 800336a:	e7fe      	b.n	800336a <HardFault_Handler>

0800336c <MemManage_Handler>:
 800336c:	e7fe      	b.n	800336c <MemManage_Handler>

0800336e <BusFault_Handler>:
 800336e:	e7fe      	b.n	800336e <BusFault_Handler>

08003370 <UsageFault_Handler>:
 8003370:	e7fe      	b.n	8003370 <UsageFault_Handler>

08003372 <SVC_Handler>:
 8003372:	4770      	bx	lr

08003374 <DebugMon_Handler>:
 8003374:	4770      	bx	lr

08003376 <PendSV_Handler>:
 8003376:	4770      	bx	lr

08003378 <initialise_monitor_handles>:
 8003378:	4770      	bx	lr

0800337a <_getpid>:
 800337a:	2001      	movs	r0, #1
 800337c:	4770      	bx	lr

0800337e <_kill>:
 800337e:	b508      	push	{r3, lr}
 8003380:	f001 fca6 	bl	8004cd0 <__errno>
 8003384:	2316      	movs	r3, #22
 8003386:	6003      	str	r3, [r0, #0]
 8003388:	f04f 30ff 	mov.w	r0, #4294967295	@ 0xffffffff
 800338c:	bd08      	pop	{r3, pc}

0800338e <_exit>:
 800338e:	b508      	push	{r3, lr}
 8003390:	f04f 31ff 	mov.w	r1, #4294967295	@ 0xffffffff
 8003394:	f7ff fff3 	bl	800337e <_kill>
 8003398:	e7fe      	b.n	8003398 <_exit+0xa>

0800339a <_read>:
 800339a:	b570      	push	{r4, r5, r6, lr}
 800339c:	460e      	mov	r6, r1
 800339e:	4615      	mov	r5, r2
 80033a0:	2400      	movs	r4, #0
 80033a2:	e006      	b.n	80033b2 <_read+0x18>
 80033a4:	f3af 8000 	nop.w
 80033a8:	4631      	mov	r1, r6
 80033aa:	f801 0b01 	strb.w	r0, [r1], #1
 80033ae:	3401      	adds	r4, #1
 80033b0:	460e      	mov	r6, r1
 80033b2:	42ac      	cmp	r4, r5
 80033b4:	dbf6      	blt.n	80033a4 <_read+0xa>
 80033b6:	4628      	mov	r0, r5
 80033b8:	bd70      	pop	{r4, r5, r6, pc}

080033ba <_write>:
 80033ba:	b570      	push	{r4, r5, r6, lr}
 80033bc:	460c      	mov	r4, r1
 80033be:	4616      	mov	r6, r2
 80033c0:	2500      	movs	r5, #0
 80033c2:	e004      	b.n	80033ce <_write+0x14>
 80033c4:	f814 0b01 	ldrb.w	r0, [r4], #1
 80033c8:	f7fe f83a 	bl	8001440 <__io_putchar>
 80033cc:	3501      	adds	r5, #1
 80033ce:	42b5      	cmp	r5, r6
 80033d0:	dbf8      	blt.n	80033c4 <_write+0xa>
 80033d2:	4630      	mov	r0, r6
 80033d4:	bd70      	pop	{r4, r5, r6, pc}

080033d6 <_close>:
 80033d6:	f04f 30ff 	mov.w	r0, #4294967295	@ 0xffffffff
 80033da:	4770      	bx	lr

080033dc <_fstat>:
 80033dc:	f44f 5300 	mov.w	r3, #8192	@ 0x2000
 80033e0:	604b      	str	r3, [r1, #4]
 80033e2:	2000      	movs	r0, #0
 80033e4:	4770      	bx	lr

080033e6 <_isatty>:
 80033e6:	2001      	movs	r0, #1
 80033e8:	4770      	bx	lr

080033ea <_lseek>:
 80033ea:	2000      	movs	r0, #0
 80033ec:	4770      	bx	lr

080033ee <_open>:
 80033ee:	b40e      	push	{r1, r2, r3}
 80033f0:	f04f 30ff 	mov.w	r0, #4294967295	@ 0xffffffff
 80033f4:	b003      	add	sp, #12
 80033f6:	4770      	bx	lr

080033f8 <_wait>:
 80033f8:	b508      	push	{r3, lr}
 80033fa:	f001 fc69 	bl	8004cd0 <__errno>
 80033fe:	230a      	movs	r3, #10
 8003400:	6003      	str	r3, [r0, #0]
 8003402:	f04f 30ff 	mov.w	r0, #4294967295	@ 0xffffffff
 8003406:	bd08      	pop	{r3, pc}

08003408 <_unlink>:
 8003408:	b508      	push	{r3, lr}
 800340a:	f001 fc61 	bl	8004cd0 <__errno>
 800340e:	2302      	movs	r3, #2
 8003410:	6003      	str	r3, [r0, #0]
 8003412:	f04f 30ff 	mov.w	r0, #4294967295	@ 0xffffffff
 8003416:	bd08      	pop	{r3, pc}

08003418 <_times>:
 8003418:	f04f 30ff 	mov.w	r0, #4294967295	@ 0xffffffff
 800341c:	4770      	bx	lr

0800341e <_stat>:
 800341e:	f44f 5300 	mov.w	r3, #8192	@ 0x2000
 8003422:	604b      	str	r3, [r1, #4]
 8003424:	2000      	movs	r0, #0
 8003426:	4770      	bx	lr

08003428 <_link>:
 8003428:	b508      	push	{r3, lr}
 800342a:	f001 fc51 	bl	8004cd0 <__errno>
 800342e:	231f      	movs	r3, #31
 8003430:	6003      	str	r3, [r0, #0]
 8003432:	f04f 30ff 	mov.w	r0, #4294967295	@ 0xffffffff
 8003436:	bd08      	pop	{r3, pc}

08003438 <_fork>:
 8003438:	b508      	push	{r3, lr}
 800343a:	f001 fc49 	bl	8004cd0 <__errno>
 800343e:	230b      	movs	r3, #11
 8003440:	6003      	str	r3, [r0, #0]
 8003442:	f04f 30ff 	mov.w	r0, #4294967295	@ 0xffffffff
 8003446:	bd08      	pop	{r3, pc}

08003448 <_execve>:
 8003448:	b508      	push	{r3, lr}
 800344a:	f001 fc41 	bl	8004cd0 <__errno>
 800344e:	230c      	movs	r3, #12
 8003450:	6003      	str	r3, [r0, #0]
 8003452:	f04f 30ff 	mov.w	r0, #4294967295	@ 0xffffffff
 8003456:	bd08      	pop	{r3, pc}

08003458 <_sbrk>:
 8003458:	b508      	push	{r3, lr}
 800345a:	4603      	mov	r3, r0
 800345c:	4a0d      	ldr	r2, [pc, #52]	@ (8003494 <_sbrk+0x3c>)
 800345e:	490e      	ldr	r1, [pc, #56]	@ (8003498 <_sbrk+0x40>)
 8003460:	480e      	ldr	r0, [pc, #56]	@ (800349c <_sbrk+0x44>)
 8003462:	6800      	ldr	r0, [r0, #0]
 8003464:	b140      	cbz	r0, 8003478 <_sbrk+0x20>
 8003466:	480d      	ldr	r0, [pc, #52]	@ (800349c <_sbrk+0x44>)
 8003468:	6800      	ldr	r0, [r0, #0]
 800346a:	4403      	add	r3, r0
 800346c:	1a52      	subs	r2, r2, r1
 800346e:	4293      	cmp	r3, r2
 8003470:	d808      	bhi.n	8003484 <_sbrk+0x2c>
 8003472:	4a0a      	ldr	r2, [pc, #40]	@ (800349c <_sbrk+0x44>)
 8003474:	6013      	str	r3, [r2, #0]
 8003476:	bd08      	pop	{r3, pc}
 8003478:	4808      	ldr	r0, [pc, #32]	@ (800349c <_sbrk+0x44>)
 800347a:	f8df c024 	ldr.w	ip, [pc, #36]	@ 80034a0 <_sbrk+0x48>
 800347e:	f8c0 c000 	str.w	ip, [r0]
 8003482:	e7f0      	b.n	8003466 <_sbrk+0xe>
 8003484:	f001 fc24 	bl	8004cd0 <__errno>
 8003488:	230c      	movs	r3, #12
 800348a:	6003      	str	r3, [r0, #0]
 800348c:	f04f 30ff 	mov.w	r0, #4294967295	@ 0xffffffff
 8003490:	e7f1      	b.n	8003476 <_sbrk+0x1e>
 8003492:	bf00      	nop
 8003494:	20040000 	.word	0x20040000
 8003498:	00000400 	.word	0x00000400
 800349c:	20001e54 	.word	0x20001e54
 80034a0:	20001fc0 	.word	0x20001fc0

080034a4 <SystemInit>:
 80034a4:	4a03      	ldr	r2, [pc, #12]	@ (80034b4 <SystemInit+0x10>)
 80034a6:	f8d2 3088 	ldr.w	r3, [r2, #136]	@ 0x88
 80034aa:	f443 0370 	orr.w	r3, r3, #15728640	@ 0xf00000
 80034ae:	f8c2 3088 	str.w	r3, [r2, #136]	@ 0x88
 80034b2:	4770      	bx	lr
 80034b4:	e000ed00 	.word	0xe000ed00

080034b8 <SystemCoreClockUpdate>:
 80034b8:	4b22      	ldr	r3, [pc, #136]	@ (8003544 <SystemCoreClockUpdate+0x8c>)
 80034ba:	689b      	ldr	r3, [r3, #8]
 80034bc:	f003 030c 	and.w	r3, r3, #12
 80034c0:	2b04      	cmp	r3, #4
 80034c2:	d011      	beq.n	80034e8 <SystemCoreClockUpdate+0x30>
 80034c4:	2b08      	cmp	r3, #8
 80034c6:	d013      	beq.n	80034f0 <SystemCoreClockUpdate+0x38>
 80034c8:	2b00      	cmp	r3, #0
 80034ca:	d137      	bne.n	800353c <SystemCoreClockUpdate+0x84>
 80034cc:	4b1e      	ldr	r3, [pc, #120]	@ (8003548 <SystemCoreClockUpdate+0x90>)
 80034ce:	4a1f      	ldr	r2, [pc, #124]	@ (800354c <SystemCoreClockUpdate+0x94>)
 80034d0:	601a      	str	r2, [r3, #0]
 80034d2:	4b1c      	ldr	r3, [pc, #112]	@ (8003544 <SystemCoreClockUpdate+0x8c>)
 80034d4:	689b      	ldr	r3, [r3, #8]
 80034d6:	f3c3 1303 	ubfx	r3, r3, #4, #4
 80034da:	4a1d      	ldr	r2, [pc, #116]	@ (8003550 <SystemCoreClockUpdate+0x98>)
 80034dc:	5cd1      	ldrb	r1, [r2, r3]
 80034de:	4a1a      	ldr	r2, [pc, #104]	@ (8003548 <SystemCoreClockUpdate+0x90>)
 80034e0:	6813      	ldr	r3, [r2, #0]
 80034e2:	40cb      	lsrs	r3, r1
 80034e4:	6013      	str	r3, [r2, #0]
 80034e6:	4770      	bx	lr
 80034e8:	4b17      	ldr	r3, [pc, #92]	@ (8003548 <SystemCoreClockUpdate+0x90>)
 80034ea:	4a1a      	ldr	r2, [pc, #104]	@ (8003554 <SystemCoreClockUpdate+0x9c>)
 80034ec:	601a      	str	r2, [r3, #0]
 80034ee:	e7f0      	b.n	80034d2 <SystemCoreClockUpdate+0x1a>
 80034f0:	4b14      	ldr	r3, [pc, #80]	@ (8003544 <SystemCoreClockUpdate+0x8c>)
 80034f2:	6859      	ldr	r1, [r3, #4]
 80034f4:	685a      	ldr	r2, [r3, #4]
 80034f6:	f002 023f 	and.w	r2, r2, #63	@ 0x3f
 80034fa:	f411 0f80 	tst.w	r1, #4194304	@ 0x400000
 80034fe:	d013      	beq.n	8003528 <SystemCoreClockUpdate+0x70>
 8003500:	4b14      	ldr	r3, [pc, #80]	@ (8003554 <SystemCoreClockUpdate+0x9c>)
 8003502:	fbb3 f3f2 	udiv	r3, r3, r2
 8003506:	4a0f      	ldr	r2, [pc, #60]	@ (8003544 <SystemCoreClockUpdate+0x8c>)
 8003508:	6852      	ldr	r2, [r2, #4]
 800350a:	f3c2 1288 	ubfx	r2, r2, #6, #9
 800350e:	fb02 f303 	mul.w	r3, r2, r3
 8003512:	4a0c      	ldr	r2, [pc, #48]	@ (8003544 <SystemCoreClockUpdate+0x8c>)
 8003514:	6852      	ldr	r2, [r2, #4]
 8003516:	f3c2 4201 	ubfx	r2, r2, #16, #2
 800351a:	3201      	adds	r2, #1
 800351c:	0052      	lsls	r2, r2, #1
 800351e:	fbb3 f3f2 	udiv	r3, r3, r2
 8003522:	4a09      	ldr	r2, [pc, #36]	@ (8003548 <SystemCoreClockUpdate+0x90>)
 8003524:	6013      	str	r3, [r2, #0]
 8003526:	e7d4      	b.n	80034d2 <SystemCoreClockUpdate+0x1a>
 8003528:	4b08      	ldr	r3, [pc, #32]	@ (800354c <SystemCoreClockUpdate+0x94>)
 800352a:	fbb3 f3f2 	udiv	r3, r3, r2
 800352e:	4a05      	ldr	r2, [pc, #20]	@ (8003544 <SystemCoreClockUpdate+0x8c>)
 8003530:	6852      	ldr	r2, [r2, #4]
 8003532:	f3c2 1288 	ubfx	r2, r2, #6, #9
 8003536:	fb02 f303 	mul.w	r3, r2, r3
 800353a:	e7ea      	b.n	8003512 <SystemCoreClockUpdate+0x5a>
 800353c:	4b02      	ldr	r3, [pc, #8]	@ (8003548 <SystemCoreClockUpdate+0x90>)
 800353e:	4a03      	ldr	r2, [pc, #12]	@ (800354c <SystemCoreClockUpdate+0x94>)
 8003540:	601a      	str	r2, [r3, #0]
 8003542:	e7c6      	b.n	80034d2 <SystemCoreClockUpdate+0x1a>
 8003544:	40023800 	.word	0x40023800
 8003548:	20000000 	.word	0x20000000
 800354c:	00f42400 	.word	0x00f42400
 8003550:	08006a48 	.word	0x08006a48
 8003554:	017d7840 	.word	0x017d7840
	...

08003560 <memchr>:
 8003560:	f001 01ff 	and.w	r1, r1, #255	@ 0xff
 8003564:	2a10      	cmp	r2, #16
 8003566:	db2b      	blt.n	80035c0 <memchr+0x60>
 8003568:	f010 0f07 	tst.w	r0, #7
 800356c:	d008      	beq.n	8003580 <memchr+0x20>
 800356e:	f810 3b01 	ldrb.w	r3, [r0], #1
 8003572:	3a01      	subs	r2, #1
 8003574:	428b      	cmp	r3, r1
 8003576:	d02d      	beq.n	80035d4 <memchr+0x74>
 8003578:	f010 0f07 	tst.w	r0, #7
 800357c:	b342      	cbz	r2, 80035d0 <memchr+0x70>
 800357e:	d1f6      	bne.n	800356e <memchr+0xe>
 8003580:	b4f0      	push	{r4, r5, r6, r7}
 8003582:	ea41 2101 	orr.w	r1, r1, r1, lsl #8
 8003586:	ea41 4101 	orr.w	r1, r1, r1, lsl #16
 800358a:	f022 0407 	bic.w	r4, r2, #7
 800358e:	f07f 0700 	mvns.w	r7, #0
 8003592:	2300      	movs	r3, #0
 8003594:	e8f0 5602 	ldrd	r5, r6, [r0], #8
 8003598:	3c08      	subs	r4, #8
 800359a:	ea85 0501 	eor.w	r5, r5, r1
 800359e:	ea86 0601 	eor.w	r6, r6, r1
 80035a2:	fa85 f547 	uadd8	r5, r5, r7
 80035a6:	faa3 f587 	sel	r5, r3, r7
 80035aa:	fa86 f647 	uadd8	r6, r6, r7
 80035ae:	faa5 f687 	sel	r6, r5, r7
 80035b2:	b98e      	cbnz	r6, 80035d8 <memchr+0x78>
 80035b4:	d1ee      	bne.n	8003594 <memchr+0x34>
 80035b6:	bcf0      	pop	{r4, r5, r6, r7}
 80035b8:	f001 01ff 	and.w	r1, r1, #255	@ 0xff
 80035bc:	f002 0207 	and.w	r2, r2, #7
 80035c0:	b132      	cbz	r2, 80035d0 <memchr+0x70>
 80035c2:	f810 3b01 	ldrb.w	r3, [r0], #1
 80035c6:	3a01      	subs	r2, #1
 80035c8:	ea83 0301 	eor.w	r3, r3, r1
 80035cc:	b113      	cbz	r3, 80035d4 <memchr+0x74>
 80035ce:	d1f8      	bne.n	80035c2 <memchr+0x62>
 80035d0:	2000      	movs	r0, #0
 80035d2:	4770      	bx	lr
 80035d4:	3801      	subs	r0, #1
 80035d6:	4770      	bx	lr
 80035d8:	2d00      	cmp	r5, #0
 80035da:	bf06      	itte	eq
 80035dc:	4635      	moveq	r5, r6
 80035de:	3803      	subeq	r0, #3
 80035e0:	3807      	subne	r0, #7
 80035e2:	f015 0f01 	tst.w	r5, #1
 80035e6:	d107      	bne.n	80035f8 <memchr+0x98>
 80035e8:	3001      	adds	r0, #1
 80035ea:	f415 7f80 	tst.w	r5, #256	@ 0x100
 80035ee:	bf02      	ittt	eq
 80035f0:	3001      	addeq	r0, #1
 80035f2:	f415 3fc0 	tsteq.w	r5, #98304	@ 0x18000
 80035f6:	3001      	addeq	r0, #1
 80035f8:	bcf0      	pop	{r4, r5, r6, r7}
 80035fa:	3801      	subs	r0, #1
 80035fc:	4770      	bx	lr
 80035fe:	bf00      	nop

08003600 <strlen>:
 8003600:	4603      	mov	r3, r0
 8003602:	f813 2b01 	ldrb.w	r2, [r3], #1
 8003606:	2a00      	cmp	r2, #0
 8003608:	d1fb      	bne.n	8003602 <strlen+0x2>
 800360a:	1a18      	subs	r0, r3, r0
 800360c:	3801      	subs	r0, #1
 800360e:	4770      	bx	lr

08003610 <__aeabi_drsub>:
 8003610:	f081 4100 	eor.w	r1, r1, #2147483648	@ 0x80000000
 8003614:	e002      	b.n	800361c <__adddf3>
 8003616:	bf00      	nop

08003618 <__aeabi_dsub>:
 8003618:	f083 4300 	eor.w	r3, r3, #2147483648	@ 0x80000000

0800361c <__adddf3>:
 800361c:	b530      	push	{r4, r5, lr}
 800361e:	ea4f 0441 	mov.w	r4, r1, lsl #1
 8003622:	ea4f 0543 	mov.w	r5, r3, lsl #1
 8003626:	ea94 0f05 	teq	r4, r5
 800362a:	bf08      	it	eq
 800362c:	ea90 0f02 	teqeq	r0, r2
 8003630:	bf1f      	itttt	ne
 8003632:	ea54 0c00 	orrsne.w	ip, r4, r0
 8003636:	ea55 0c02 	orrsne.w	ip, r5, r2
 800363a:	ea7f 5c64 	mvnsne.w	ip, r4, asr #21
 800363e:	ea7f 5c65 	mvnsne.w	ip, r5, asr #21
 8003642:	f000 80e2 	beq.w	800380a <__adddf3+0x1ee>
 8003646:	ea4f 5454 	mov.w	r4, r4, lsr #21
 800364a:	ebd4 5555 	rsbs	r5, r4, r5, lsr #21
 800364e:	bfb8      	it	lt
 8003650:	426d      	neglt	r5, r5
 8003652:	dd0c      	ble.n	800366e <__adddf3+0x52>
 8003654:	442c      	add	r4, r5
 8003656:	ea80 0202 	eor.w	r2, r0, r2
 800365a:	ea81 0303 	eor.w	r3, r1, r3
 800365e:	ea82 0000 	eor.w	r0, r2, r0
 8003662:	ea83 0101 	eor.w	r1, r3, r1
 8003666:	ea80 0202 	eor.w	r2, r0, r2
 800366a:	ea81 0303 	eor.w	r3, r1, r3
 800366e:	2d36      	cmp	r5, #54	@ 0x36
 8003670:	bf88      	it	hi
 8003672:	bd30      	pophi	{r4, r5, pc}
 8003674:	f011 4f00 	tst.w	r1, #2147483648	@ 0x80000000
 8003678:	ea4f 3101 	mov.w	r1, r1, lsl #12
 800367c:	f44f 1c80 	mov.w	ip, #1048576	@ 0x100000
 8003680:	ea4c 3111 	orr.w	r1, ip, r1, lsr #12
 8003684:	d002      	beq.n	800368c <__adddf3+0x70>
 8003686:	4240      	negs	r0, r0
 8003688:	eb61 0141 	sbc.w	r1, r1, r1, lsl #1
 800368c:	f013 4f00 	tst.w	r3, #2147483648	@ 0x80000000
 8003690:	ea4f 3303 	mov.w	r3, r3, lsl #12
 8003694:	ea4c 3313 	orr.w	r3, ip, r3, lsr #12
 8003698:	d002      	beq.n	80036a0 <__adddf3+0x84>
 800369a:	4252      	negs	r2, r2
 800369c:	eb63 0343 	sbc.w	r3, r3, r3, lsl #1
 80036a0:	ea94 0f05 	teq	r4, r5
 80036a4:	f000 80a7 	beq.w	80037f6 <__adddf3+0x1da>
 80036a8:	f1a4 0401 	sub.w	r4, r4, #1
 80036ac:	f1d5 0e20 	rsbs	lr, r5, #32
 80036b0:	db0d      	blt.n	80036ce <__adddf3+0xb2>
 80036b2:	fa02 fc0e 	lsl.w	ip, r2, lr
 80036b6:	fa22 f205 	lsr.w	r2, r2, r5
 80036ba:	1880      	adds	r0, r0, r2
 80036bc:	f141 0100 	adc.w	r1, r1, #0
 80036c0:	fa03 f20e 	lsl.w	r2, r3, lr
 80036c4:	1880      	adds	r0, r0, r2
 80036c6:	fa43 f305 	asr.w	r3, r3, r5
 80036ca:	4159      	adcs	r1, r3
 80036cc:	e00e      	b.n	80036ec <__adddf3+0xd0>
 80036ce:	f1a5 0520 	sub.w	r5, r5, #32
 80036d2:	f10e 0e20 	add.w	lr, lr, #32
 80036d6:	2a01      	cmp	r2, #1
 80036d8:	fa03 fc0e 	lsl.w	ip, r3, lr
 80036dc:	bf28      	it	cs
 80036de:	f04c 0c02 	orrcs.w	ip, ip, #2
 80036e2:	fa43 f305 	asr.w	r3, r3, r5
 80036e6:	18c0      	adds	r0, r0, r3
 80036e8:	eb51 71e3 	adcs.w	r1, r1, r3, asr #31
 80036ec:	f001 4500 	and.w	r5, r1, #2147483648	@ 0x80000000
 80036f0:	d507      	bpl.n	8003702 <__adddf3+0xe6>
 80036f2:	f04f 0e00 	mov.w	lr, #0
 80036f6:	f1dc 0c00 	rsbs	ip, ip, #0
 80036fa:	eb7e 0000 	sbcs.w	r0, lr, r0
 80036fe:	eb6e 0101 	sbc.w	r1, lr, r1
 8003702:	f5b1 1f80 	cmp.w	r1, #1048576	@ 0x100000
 8003706:	d31b      	bcc.n	8003740 <__adddf3+0x124>
 8003708:	f5b1 1f00 	cmp.w	r1, #2097152	@ 0x200000
 800370c:	d30c      	bcc.n	8003728 <__adddf3+0x10c>
 800370e:	0849      	lsrs	r1, r1, #1
 8003710:	ea5f 0030 	movs.w	r0, r0, rrx
 8003714:	ea4f 0c3c 	mov.w	ip, ip, rrx
 8003718:	f104 0401 	add.w	r4, r4, #1
 800371c:	ea4f 5244 	mov.w	r2, r4, lsl #21
 8003720:	f512 0f80 	cmn.w	r2, #4194304	@ 0x400000
 8003724:	f080 809a 	bcs.w	800385c <__adddf3+0x240>
 8003728:	f1bc 4f00 	cmp.w	ip, #2147483648	@ 0x80000000
 800372c:	bf08      	it	eq
 800372e:	ea5f 0c50 	movseq.w	ip, r0, lsr #1
 8003732:	f150 0000 	adcs.w	r0, r0, #0
 8003736:	eb41 5104 	adc.w	r1, r1, r4, lsl #20
 800373a:	ea41 0105 	orr.w	r1, r1, r5
 800373e:	bd30      	pop	{r4, r5, pc}
 8003740:	ea5f 0c4c 	movs.w	ip, ip, lsl #1
 8003744:	4140      	adcs	r0, r0
 8003746:	eb41 0101 	adc.w	r1, r1, r1
 800374a:	3c01      	subs	r4, #1
 800374c:	bf28      	it	cs
 800374e:	f5b1 1f80 	cmpcs.w	r1, #1048576	@ 0x100000
 8003752:	d2e9      	bcs.n	8003728 <__adddf3+0x10c>
 8003754:	f091 0f00 	teq	r1, #0
 8003758:	bf04      	itt	eq
 800375a:	4601      	moveq	r1, r0
 800375c:	2000      	moveq	r0, #0
 800375e:	fab1 f381 	clz	r3, r1
 8003762:	bf08      	it	eq
 8003764:	3320      	addeq	r3, #32
 8003766:	f1a3 030b 	sub.w	r3, r3, #11
 800376a:	f1b3 0220 	subs.w	r2, r3, #32
 800376e:	da0c      	bge.n	800378a <__adddf3+0x16e>
 8003770:	320c      	adds	r2, #12
 8003772:	dd08      	ble.n	8003786 <__adddf3+0x16a>
 8003774:	f102 0c14 	add.w	ip, r2, #20
 8003778:	f1c2 020c 	rsb	r2, r2, #12
 800377c:	fa01 f00c 	lsl.w	r0, r1, ip
 8003780:	fa21 f102 	lsr.w	r1, r1, r2
 8003784:	e00c      	b.n	80037a0 <__adddf3+0x184>
 8003786:	f102 0214 	add.w	r2, r2, #20
 800378a:	bfd8      	it	le
 800378c:	f1c2 0c20 	rsble	ip, r2, #32
 8003790:	fa01 f102 	lsl.w	r1, r1, r2
 8003794:	fa20 fc0c 	lsr.w	ip, r0, ip
 8003798:	bfdc      	itt	le
 800379a:	ea41 010c 	orrle.w	r1, r1, ip
 800379e:	4090      	lslle	r0, r2
 80037a0:	1ae4      	subs	r4, r4, r3
 80037a2:	bfa2      	ittt	ge
 80037a4:	eb01 5104 	addge.w	r1, r1, r4, lsl #20
 80037a8:	4329      	orrge	r1, r5
 80037aa:	bd30      	popge	{r4, r5, pc}
 80037ac:	ea6f 0404 	mvn.w	r4, r4
 80037b0:	3c1f      	subs	r4, #31
 80037b2:	da1c      	bge.n	80037ee <__adddf3+0x1d2>
 80037b4:	340c      	adds	r4, #12
 80037b6:	dc0e      	bgt.n	80037d6 <__adddf3+0x1ba>
 80037b8:	f104 0414 	add.w	r4, r4, #20
 80037bc:	f1c4 0220 	rsb	r2, r4, #32
 80037c0:	fa20 f004 	lsr.w	r0, r0, r4
 80037c4:	fa01 f302 	lsl.w	r3, r1, r2
 80037c8:	ea40 0003 	orr.w	r0, r0, r3
 80037cc:	fa21 f304 	lsr.w	r3, r1, r4
 80037d0:	ea45 0103 	orr.w	r1, r5, r3
 80037d4:	bd30      	pop	{r4, r5, pc}
 80037d6:	f1c4 040c 	rsb	r4, r4, #12
 80037da:	f1c4 0220 	rsb	r2, r4, #32
 80037de:	fa20 f002 	lsr.w	r0, r0, r2
 80037e2:	fa01 f304 	lsl.w	r3, r1, r4
 80037e6:	ea40 0003 	orr.w	r0, r0, r3
 80037ea:	4629      	mov	r1, r5
 80037ec:	bd30      	pop	{r4, r5, pc}
 80037ee:	fa21 f004 	lsr.w	r0, r1, r4
 80037f2:	4629      	mov	r1, r5
 80037f4:	bd30      	pop	{r4, r5, pc}
 80037f6:	f094 0f00 	teq	r4, #0
 80037fa:	f483 1380 	eor.w	r3, r3, #1048576	@ 0x100000
 80037fe:	bf06      	itte	eq
 8003800:	f481 1180 	eoreq.w	r1, r1, #1048576	@ 0x100000
 8003804:	3401      	addeq	r4, #1
 8003806:	3d01      	subne	r5, #1
 8003808:	e74e      	b.n	80036a8 <__adddf3+0x8c>
 800380a:	ea7f 5c64 	mvns.w	ip, r4, asr #21
 800380e:	bf18      	it	ne
 8003810:	ea7f 5c65 	mvnsne.w	ip, r5, asr #21
 8003814:	d029      	beq.n	800386a <__adddf3+0x24e>
 8003816:	ea94 0f05 	teq	r4, r5
 800381a:	bf08      	it	eq
 800381c:	ea90 0f02 	teqeq	r0, r2
 8003820:	d005      	beq.n	800382e <__adddf3+0x212>
 8003822:	ea54 0c00 	orrs.w	ip, r4, r0
 8003826:	bf04      	itt	eq
 8003828:	4619      	moveq	r1, r3
 800382a:	4610      	moveq	r0, r2
 800382c:	bd30      	pop	{r4, r5, pc}
 800382e:	ea91 0f03 	teq	r1, r3
 8003832:	bf1e      	ittt	ne
 8003834:	2100      	movne	r1, #0
 8003836:	2000      	movne	r0, #0
 8003838:	bd30      	popne	{r4, r5, pc}
 800383a:	ea5f 5c54 	movs.w	ip, r4, lsr #21
 800383e:	d105      	bne.n	800384c <__adddf3+0x230>
 8003840:	0040      	lsls	r0, r0, #1
 8003842:	4149      	adcs	r1, r1
 8003844:	bf28      	it	cs
 8003846:	f041 4100 	orrcs.w	r1, r1, #2147483648	@ 0x80000000
 800384a:	bd30      	pop	{r4, r5, pc}
 800384c:	f514 0480 	adds.w	r4, r4, #4194304	@ 0x400000
 8003850:	bf3c      	itt	cc
 8003852:	f501 1180 	addcc.w	r1, r1, #1048576	@ 0x100000
 8003856:	bd30      	popcc	{r4, r5, pc}
 8003858:	f001 4500 	and.w	r5, r1, #2147483648	@ 0x80000000
 800385c:	f045 41fe 	orr.w	r1, r5, #2130706432	@ 0x7f000000
 8003860:	f441 0170 	orr.w	r1, r1, #15728640	@ 0xf00000
 8003864:	f04f 0000 	mov.w	r0, #0
 8003868:	bd30      	pop	{r4, r5, pc}
 800386a:	ea7f 5c64 	mvns.w	ip, r4, asr #21
 800386e:	bf1a      	itte	ne
 8003870:	4619      	movne	r1, r3
 8003872:	4610      	movne	r0, r2
 8003874:	ea7f 5c65 	mvnseq.w	ip, r5, asr #21
 8003878:	bf1c      	itt	ne
 800387a:	460b      	movne	r3, r1
 800387c:	4602      	movne	r2, r0
 800387e:	ea50 3401 	orrs.w	r4, r0, r1, lsl #12
 8003882:	bf06      	itte	eq
 8003884:	ea52 3503 	orrseq.w	r5, r2, r3, lsl #12
 8003888:	ea91 0f03 	teqeq	r1, r3
 800388c:	f441 2100 	orrne.w	r1, r1, #524288	@ 0x80000
 8003890:	bd30      	pop	{r4, r5, pc}
 8003892:	bf00      	nop

08003894 <__aeabi_ui2d>:
 8003894:	f090 0f00 	teq	r0, #0
 8003898:	bf04      	itt	eq
 800389a:	2100      	moveq	r1, #0
 800389c:	4770      	bxeq	lr
 800389e:	b530      	push	{r4, r5, lr}
 80038a0:	f44f 6480 	mov.w	r4, #1024	@ 0x400
 80038a4:	f104 0432 	add.w	r4, r4, #50	@ 0x32
 80038a8:	f04f 0500 	mov.w	r5, #0
 80038ac:	f04f 0100 	mov.w	r1, #0
 80038b0:	e750      	b.n	8003754 <__adddf3+0x138>
 80038b2:	bf00      	nop

080038b4 <__aeabi_i2d>:
 80038b4:	f090 0f00 	teq	r0, #0
 80038b8:	bf04      	itt	eq
 80038ba:	2100      	moveq	r1, #0
 80038bc:	4770      	bxeq	lr
 80038be:	b530      	push	{r4, r5, lr}
 80038c0:	f44f 6480 	mov.w	r4, #1024	@ 0x400
 80038c4:	f104 0432 	add.w	r4, r4, #50	@ 0x32
 80038c8:	f010 4500 	ands.w	r5, r0, #2147483648	@ 0x80000000
 80038cc:	bf48      	it	mi
 80038ce:	4240      	negmi	r0, r0
 80038d0:	f04f 0100 	mov.w	r1, #0
 80038d4:	e73e      	b.n	8003754 <__adddf3+0x138>
 80038d6:	bf00      	nop

080038d8 <__aeabi_f2d>:
 80038d8:	0042      	lsls	r2, r0, #1
 80038da:	ea4f 01e2 	mov.w	r1, r2, asr #3
 80038de:	ea4f 0131 	mov.w	r1, r1, rrx
 80038e2:	ea4f 7002 	mov.w	r0, r2, lsl #28
 80038e6:	bf1f      	itttt	ne
 80038e8:	f012 437f 	andsne.w	r3, r2, #4278190080	@ 0xff000000
 80038ec:	f093 4f7f 	teqne	r3, #4278190080	@ 0xff000000
 80038f0:	f081 5160 	eorne.w	r1, r1, #939524096	@ 0x38000000
 80038f4:	4770      	bxne	lr
 80038f6:	f032 427f 	bics.w	r2, r2, #4278190080	@ 0xff000000
 80038fa:	bf08      	it	eq
 80038fc:	4770      	bxeq	lr
 80038fe:	f093 4f7f 	teq	r3, #4278190080	@ 0xff000000
 8003902:	bf04      	itt	eq
 8003904:	f441 2100 	orreq.w	r1, r1, #524288	@ 0x80000
 8003908:	4770      	bxeq	lr
 800390a:	b530      	push	{r4, r5, lr}
 800390c:	f44f 7460 	mov.w	r4, #896	@ 0x380
 8003910:	f001 4500 	and.w	r5, r1, #2147483648	@ 0x80000000
 8003914:	f021 4100 	bic.w	r1, r1, #2147483648	@ 0x80000000
 8003918:	e71c      	b.n	8003754 <__adddf3+0x138>
 800391a:	bf00      	nop

0800391c <__aeabi_ul2d>:
 800391c:	ea50 0201 	orrs.w	r2, r0, r1
 8003920:	bf08      	it	eq
 8003922:	4770      	bxeq	lr
 8003924:	b530      	push	{r4, r5, lr}
 8003926:	f04f 0500 	mov.w	r5, #0
 800392a:	e00a      	b.n	8003942 <__aeabi_l2d+0x16>

0800392c <__aeabi_l2d>:
 800392c:	ea50 0201 	orrs.w	r2, r0, r1
 8003930:	bf08      	it	eq
 8003932:	4770      	bxeq	lr
 8003934:	b530      	push	{r4, r5, lr}
 8003936:	f011 4500 	ands.w	r5, r1, #2147483648	@ 0x80000000
 800393a:	d502      	bpl.n	8003942 <__aeabi_l2d+0x16>
 800393c:	4240      	negs	r0, r0
 800393e:	eb61 0141 	sbc.w	r1, r1, r1, lsl #1
 8003942:	f44f 6480 	mov.w	r4, #1024	@ 0x400
 8003946:	f104 0432 	add.w	r4, r4, #50	@ 0x32
 800394a:	ea5f 5c91 	movs.w	ip, r1, lsr #22
 800394e:	f43f aed8 	beq.w	8003702 <__adddf3+0xe6>
 8003952:	f04f 0203 	mov.w	r2, #3
 8003956:	ea5f 0cdc 	movs.w	ip, ip, lsr #3
 800395a:	bf18      	it	ne
 800395c:	3203      	addne	r2, #3
 800395e:	ea5f 0cdc 	movs.w	ip, ip, lsr #3
 8003962:	bf18      	it	ne
 8003964:	3203      	addne	r2, #3
 8003966:	eb02 02dc 	add.w	r2, r2, ip, lsr #3
 800396a:	f1c2 0320 	rsb	r3, r2, #32
 800396e:	fa00 fc03 	lsl.w	ip, r0, r3
 8003972:	fa20 f002 	lsr.w	r0, r0, r2
 8003976:	fa01 fe03 	lsl.w	lr, r1, r3
 800397a:	ea40 000e 	orr.w	r0, r0, lr
 800397e:	fa21 f102 	lsr.w	r1, r1, r2
 8003982:	4414      	add	r4, r2
 8003984:	e6bd      	b.n	8003702 <__adddf3+0xe6>
 8003986:	bf00      	nop

08003988 <__aeabi_dmul>:
 8003988:	b570      	push	{r4, r5, r6, lr}
 800398a:	f04f 0cff 	mov.w	ip, #255	@ 0xff
 800398e:	f44c 6ce0 	orr.w	ip, ip, #1792	@ 0x700
 8003992:	ea1c 5411 	ands.w	r4, ip, r1, lsr #20
 8003996:	bf1d      	ittte	ne
 8003998:	ea1c 5513 	andsne.w	r5, ip, r3, lsr #20
 800399c:	ea94 0f0c 	teqne	r4, ip
 80039a0:	ea95 0f0c 	teqne	r5, ip
 80039a4:	f000 f8de 	bleq	8003b64 <__aeabi_dmul+0x1dc>
 80039a8:	442c      	add	r4, r5
 80039aa:	ea81 0603 	eor.w	r6, r1, r3
 80039ae:	ea21 514c 	bic.w	r1, r1, ip, lsl #21
 80039b2:	ea23 534c 	bic.w	r3, r3, ip, lsl #21
 80039b6:	ea50 3501 	orrs.w	r5, r0, r1, lsl #12
 80039ba:	bf18      	it	ne
 80039bc:	ea52 3503 	orrsne.w	r5, r2, r3, lsl #12
 80039c0:	f441 1180 	orr.w	r1, r1, #1048576	@ 0x100000
 80039c4:	f443 1380 	orr.w	r3, r3, #1048576	@ 0x100000
 80039c8:	d038      	beq.n	8003a3c <__aeabi_dmul+0xb4>
 80039ca:	fba0 ce02 	umull	ip, lr, r0, r2
 80039ce:	f04f 0500 	mov.w	r5, #0
 80039d2:	fbe1 e502 	umlal	lr, r5, r1, r2
 80039d6:	f006 4200 	and.w	r2, r6, #2147483648	@ 0x80000000
 80039da:	fbe0 e503 	umlal	lr, r5, r0, r3
 80039de:	f04f 0600 	mov.w	r6, #0
 80039e2:	fbe1 5603 	umlal	r5, r6, r1, r3
 80039e6:	f09c 0f00 	teq	ip, #0
 80039ea:	bf18      	it	ne
 80039ec:	f04e 0e01 	orrne.w	lr, lr, #1
 80039f0:	f1a4 04ff 	sub.w	r4, r4, #255	@ 0xff
 80039f4:	f5b6 7f00 	cmp.w	r6, #512	@ 0x200
 80039f8:	f564 7440 	sbc.w	r4, r4, #768	@ 0x300
 80039fc:	d204      	bcs.n	8003a08 <__aeabi_dmul+0x80>
 80039fe:	ea5f 0e4e 	movs.w	lr, lr, lsl #1
 8003a02:	416d      	adcs	r5, r5
 8003a04:	eb46 0606 	adc.w	r6, r6, r6
 8003a08:	ea42 21c6 	orr.w	r1, r2, r6, lsl #11
 8003a0c:	ea41 5155 	orr.w	r1, r1, r5, lsr #21
 8003a10:	ea4f 20c5 	mov.w	r0, r5, lsl #11
 8003a14:	ea40 505e 	orr.w	r0, r0, lr, lsr #21
 8003a18:	ea4f 2ece 	mov.w	lr, lr, lsl #11
 8003a1c:	f1b4 0cfd 	subs.w	ip, r4, #253	@ 0xfd
 8003a20:	bf88      	it	hi
 8003a22:	f5bc 6fe0 	cmphi.w	ip, #1792	@ 0x700
 8003a26:	d81e      	bhi.n	8003a66 <__aeabi_dmul+0xde>
 8003a28:	f1be 4f00 	cmp.w	lr, #2147483648	@ 0x80000000
 8003a2c:	bf08      	it	eq
 8003a2e:	ea5f 0e50 	movseq.w	lr, r0, lsr #1
 8003a32:	f150 0000 	adcs.w	r0, r0, #0
 8003a36:	eb41 5104 	adc.w	r1, r1, r4, lsl #20
 8003a3a:	bd70      	pop	{r4, r5, r6, pc}
 8003a3c:	f006 4600 	and.w	r6, r6, #2147483648	@ 0x80000000
 8003a40:	ea46 0101 	orr.w	r1, r6, r1
 8003a44:	ea40 0002 	orr.w	r0, r0, r2
 8003a48:	ea81 0103 	eor.w	r1, r1, r3
 8003a4c:	ebb4 045c 	subs.w	r4, r4, ip, lsr #1
 8003a50:	bfc2      	ittt	gt
 8003a52:	ebd4 050c 	rsbsgt	r5, r4, ip
 8003a56:	ea41 5104 	orrgt.w	r1, r1, r4, lsl #20
 8003a5a:	bd70      	popgt	{r4, r5, r6, pc}
 8003a5c:	f441 1180 	orr.w	r1, r1, #1048576	@ 0x100000
 8003a60:	f04f 0e00 	mov.w	lr, #0
 8003a64:	3c01      	subs	r4, #1
 8003a66:	f300 80ab 	bgt.w	8003bc0 <__aeabi_dmul+0x238>
 8003a6a:	f114 0f36 	cmn.w	r4, #54	@ 0x36
 8003a6e:	bfde      	ittt	le
 8003a70:	2000      	movle	r0, #0
 8003a72:	f001 4100 	andle.w	r1, r1, #2147483648	@ 0x80000000
 8003a76:	bd70      	pople	{r4, r5, r6, pc}
 8003a78:	f1c4 0400 	rsb	r4, r4, #0
 8003a7c:	3c20      	subs	r4, #32
 8003a7e:	da35      	bge.n	8003aec <__aeabi_dmul+0x164>
 8003a80:	340c      	adds	r4, #12
 8003a82:	dc1b      	bgt.n	8003abc <__aeabi_dmul+0x134>
 8003a84:	f104 0414 	add.w	r4, r4, #20
 8003a88:	f1c4 0520 	rsb	r5, r4, #32
 8003a8c:	fa00 f305 	lsl.w	r3, r0, r5
 8003a90:	fa20 f004 	lsr.w	r0, r0, r4
 8003a94:	fa01 f205 	lsl.w	r2, r1, r5
 8003a98:	ea40 0002 	orr.w	r0, r0, r2
 8003a9c:	f001 4200 	and.w	r2, r1, #2147483648	@ 0x80000000
 8003aa0:	f021 4100 	bic.w	r1, r1, #2147483648	@ 0x80000000
 8003aa4:	eb10 70d3 	adds.w	r0, r0, r3, lsr #31
 8003aa8:	fa21 f604 	lsr.w	r6, r1, r4
 8003aac:	eb42 0106 	adc.w	r1, r2, r6
 8003ab0:	ea5e 0e43 	orrs.w	lr, lr, r3, lsl #1
 8003ab4:	bf08      	it	eq
 8003ab6:	ea20 70d3 	biceq.w	r0, r0, r3, lsr #31
 8003aba:	bd70      	pop	{r4, r5, r6, pc}
 8003abc:	f1c4 040c 	rsb	r4, r4, #12
 8003ac0:	f1c4 0520 	rsb	r5, r4, #32
 8003ac4:	fa00 f304 	lsl.w	r3, r0, r4
 8003ac8:	fa20 f005 	lsr.w	r0, r0, r5
 8003acc:	fa01 f204 	lsl.w	r2, r1, r4
 8003ad0:	ea40 0002 	orr.w	r0, r0, r2
 8003ad4:	f001 4100 	and.w	r1, r1, #2147483648	@ 0x80000000
 8003ad8:	eb10 70d3 	adds.w	r0, r0, r3, lsr #31
 8003adc:	f141 0100 	adc.w	r1, r1, #0
 8003ae0:	ea5e 0e43 	orrs.w	lr, lr, r3, lsl #1
 8003ae4:	bf08      	it	eq
 8003ae6:	ea20 70d3 	biceq.w	r0, r0, r3, lsr #31
 8003aea:	bd70      	pop	{r4, r5, r6, pc}
 8003aec:	f1c4 0520 	rsb	r5, r4, #32
 8003af0:	fa00 f205 	lsl.w	r2, r0, r5
 8003af4:	ea4e 0e02 	orr.w	lr, lr, r2
 8003af8:	fa20 f304 	lsr.w	r3, r0, r4
 8003afc:	fa01 f205 	lsl.w	r2, r1, r5
 8003b00:	ea43 0302 	orr.w	r3, r3, r2
 8003b04:	fa21 f004 	lsr.w	r0, r1, r4
 8003b08:	f001 4100 	and.w	r1, r1, #2147483648	@ 0x80000000
 8003b0c:	fa21 f204 	lsr.w	r2, r1, r4
 8003b10:	ea20 0002 	bic.w	r0, r0, r2
 8003b14:	eb00 70d3 	add.w	r0, r0, r3, lsr #31
 8003b18:	ea5e 0e43 	orrs.w	lr, lr, r3, lsl #1
 8003b1c:	bf08      	it	eq
 8003b1e:	ea20 70d3 	biceq.w	r0, r0, r3, lsr #31
 8003b22:	bd70      	pop	{r4, r5, r6, pc}
 8003b24:	f094 0f00 	teq	r4, #0
 8003b28:	d10f      	bne.n	8003b4a <__aeabi_dmul+0x1c2>
 8003b2a:	f001 4600 	and.w	r6, r1, #2147483648	@ 0x80000000
 8003b2e:	0040      	lsls	r0, r0, #1
 8003b30:	eb41 0101 	adc.w	r1, r1, r1
 8003b34:	f411 1f80 	tst.w	r1, #1048576	@ 0x100000
 8003b38:	bf08      	it	eq
 8003b3a:	3c01      	subeq	r4, #1
 8003b3c:	d0f7      	beq.n	8003b2e <__aeabi_dmul+0x1a6>
 8003b3e:	ea41 0106 	orr.w	r1, r1, r6
 8003b42:	f095 0f00 	teq	r5, #0
 8003b46:	bf18      	it	ne
 8003b48:	4770      	bxne	lr
 8003b4a:	f003 4600 	and.w	r6, r3, #2147483648	@ 0x80000000
 8003b4e:	0052      	lsls	r2, r2, #1
 8003b50:	eb43 0303 	adc.w	r3, r3, r3
 8003b54:	f413 1f80 	tst.w	r3, #1048576	@ 0x100000
 8003b58:	bf08      	it	eq
 8003b5a:	3d01      	subeq	r5, #1
 8003b5c:	d0f7      	beq.n	8003b4e <__aeabi_dmul+0x1c6>
 8003b5e:	ea43 0306 	orr.w	r3, r3, r6
 8003b62:	4770      	bx	lr
 8003b64:	ea94 0f0c 	teq	r4, ip
 8003b68:	ea0c 5513 	and.w	r5, ip, r3, lsr #20
 8003b6c:	bf18      	it	ne
 8003b6e:	ea95 0f0c 	teqne	r5, ip
 8003b72:	d00c      	beq.n	8003b8e <__aeabi_dmul+0x206>
 8003b74:	ea50 0641 	orrs.w	r6, r0, r1, lsl #1
 8003b78:	bf18      	it	ne
 8003b7a:	ea52 0643 	orrsne.w	r6, r2, r3, lsl #1
 8003b7e:	d1d1      	bne.n	8003b24 <__aeabi_dmul+0x19c>
 8003b80:	ea81 0103 	eor.w	r1, r1, r3
 8003b84:	f001 4100 	and.w	r1, r1, #2147483648	@ 0x80000000
 8003b88:	f04f 0000 	mov.w	r0, #0
 8003b8c:	bd70      	pop	{r4, r5, r6, pc}
 8003b8e:	ea50 0641 	orrs.w	r6, r0, r1, lsl #1
 8003b92:	bf06      	itte	eq
 8003b94:	4610      	moveq	r0, r2
 8003b96:	4619      	moveq	r1, r3
 8003b98:	ea52 0643 	orrsne.w	r6, r2, r3, lsl #1
 8003b9c:	d019      	beq.n	8003bd2 <__aeabi_dmul+0x24a>
 8003b9e:	ea94 0f0c 	teq	r4, ip
 8003ba2:	d102      	bne.n	8003baa <__aeabi_dmul+0x222>
 8003ba4:	ea50 3601 	orrs.w	r6, r0, r1, lsl #12
 8003ba8:	d113      	bne.n	8003bd2 <__aeabi_dmul+0x24a>
 8003baa:	ea95 0f0c 	teq	r5, ip
 8003bae:	d105      	bne.n	8003bbc <__aeabi_dmul+0x234>
 8003bb0:	ea52 3603 	orrs.w	r6, r2, r3, lsl #12
 8003bb4:	bf1c      	itt	ne
 8003bb6:	4610      	movne	r0, r2
 8003bb8:	4619      	movne	r1, r3
 8003bba:	d10a      	bne.n	8003bd2 <__aeabi_dmul+0x24a>
 8003bbc:	ea81 0103 	eor.w	r1, r1, r3
 8003bc0:	f001 4100 	and.w	r1, r1, #2147483648	@ 0x80000000
 8003bc4:	f041 41fe 	orr.w	r1, r1, #2130706432	@ 0x7f000000
 8003bc8:	f441 0170 	orr.w	r1, r1, #15728640	@ 0xf00000
 8003bcc:	f04f 0000 	mov.w	r0, #0
 8003bd0:	bd70      	pop	{r4, r5, r6, pc}
 8003bd2:	f041 41fe 	orr.w	r1, r1, #2130706432	@ 0x7f000000
 8003bd6:	f441 0178 	orr.w	r1, r1, #16252928	@ 0xf80000
 8003bda:	bd70      	pop	{r4, r5, r6, pc}

08003bdc <__aeabi_ddiv>:
 8003bdc:	b570      	push	{r4, r5, r6, lr}
 8003bde:	f04f 0cff 	mov.w	ip, #255	@ 0xff
 8003be2:	f44c 6ce0 	orr.w	ip, ip, #1792	@ 0x700
 8003be6:	ea1c 5411 	ands.w	r4, ip, r1, lsr #20
 8003bea:	bf1d      	ittte	ne
 8003bec:	ea1c 5513 	andsne.w	r5, ip, r3, lsr #20
 8003bf0:	ea94 0f0c 	teqne	r4, ip
 8003bf4:	ea95 0f0c 	teqne	r5, ip
 8003bf8:	f000 f8a7 	bleq	8003d4a <__aeabi_ddiv+0x16e>
 8003bfc:	eba4 0405 	sub.w	r4, r4, r5
 8003c00:	ea81 0e03 	eor.w	lr, r1, r3
 8003c04:	ea52 3503 	orrs.w	r5, r2, r3, lsl #12
 8003c08:	ea4f 3101 	mov.w	r1, r1, lsl #12
 8003c0c:	f000 8088 	beq.w	8003d20 <__aeabi_ddiv+0x144>
 8003c10:	ea4f 3303 	mov.w	r3, r3, lsl #12
 8003c14:	f04f 5580 	mov.w	r5, #268435456	@ 0x10000000
 8003c18:	ea45 1313 	orr.w	r3, r5, r3, lsr #4
 8003c1c:	ea43 6312 	orr.w	r3, r3, r2, lsr #24
 8003c20:	ea4f 2202 	mov.w	r2, r2, lsl #8
 8003c24:	ea45 1511 	orr.w	r5, r5, r1, lsr #4
 8003c28:	ea45 6510 	orr.w	r5, r5, r0, lsr #24
 8003c2c:	ea4f 2600 	mov.w	r6, r0, lsl #8
 8003c30:	f00e 4100 	and.w	r1, lr, #2147483648	@ 0x80000000
 8003c34:	429d      	cmp	r5, r3
 8003c36:	bf08      	it	eq
 8003c38:	4296      	cmpeq	r6, r2
 8003c3a:	f144 04fd 	adc.w	r4, r4, #253	@ 0xfd
 8003c3e:	f504 7440 	add.w	r4, r4, #768	@ 0x300
 8003c42:	d202      	bcs.n	8003c4a <__aeabi_ddiv+0x6e>
 8003c44:	085b      	lsrs	r3, r3, #1
 8003c46:	ea4f 0232 	mov.w	r2, r2, rrx
 8003c4a:	1ab6      	subs	r6, r6, r2
 8003c4c:	eb65 0503 	sbc.w	r5, r5, r3
 8003c50:	085b      	lsrs	r3, r3, #1
 8003c52:	ea4f 0232 	mov.w	r2, r2, rrx
 8003c56:	f44f 1080 	mov.w	r0, #1048576	@ 0x100000
 8003c5a:	f44f 2c00 	mov.w	ip, #524288	@ 0x80000
 8003c5e:	ebb6 0e02 	subs.w	lr, r6, r2
 8003c62:	eb75 0e03 	sbcs.w	lr, r5, r3
 8003c66:	bf22      	ittt	cs
 8003c68:	1ab6      	subcs	r6, r6, r2
 8003c6a:	4675      	movcs	r5, lr
 8003c6c:	ea40 000c 	orrcs.w	r0, r0, ip
 8003c70:	085b      	lsrs	r3, r3, #1
 8003c72:	ea4f 0232 	mov.w	r2, r2, rrx
 8003c76:	ebb6 0e02 	subs.w	lr, r6, r2
 8003c7a:	eb75 0e03 	sbcs.w	lr, r5, r3
 8003c7e:	bf22      	ittt	cs
 8003c80:	1ab6      	subcs	r6, r6, r2
 8003c82:	4675      	movcs	r5, lr
 8003c84:	ea40 005c 	orrcs.w	r0, r0, ip, lsr #1
 8003c88:	085b      	lsrs	r3, r3, #1
 8003c8a:	ea4f 0232 	mov.w	r2, r2, rrx
 8003c8e:	ebb6 0e02 	subs.w	lr, r6, r2
 8003c92:	eb75 0e03 	sbcs.w	lr, r5, r3
 8003c96:	bf22      	ittt	cs
 8003c98:	1ab6      	subcs	r6, r6, r2
 8003c9a:	4675      	movcs	r5, lr
 8003c9c:	ea40 009c 	orrcs.w	r0, r0, ip, lsr #2
 8003ca0:	085b      	lsrs	r3, r3, #1
 8003ca2:	ea4f 0232 	mov.w	r2, r2, rrx
 8003ca6:	ebb6 0e02 	subs.w	lr, r6, r2
 8003caa:	eb75 0e03 	sbcs.w	lr, r5, r3
 8003cae:	bf22      	ittt	cs
 8003cb0:	1ab6      	subcs	r6, r6, r2
 8003cb2:	4675      	movcs	r5, lr
 8003cb4:	ea40 00dc 	orrcs.w	r0, r0, ip, lsr #3
 8003cb8:	ea55 0e06 	orrs.w	lr, r5, r6
 8003cbc:	d018      	beq.n	8003cf0 <__aeabi_ddiv+0x114>
 8003cbe:	ea4f 1505 	mov.w	r5, r5, lsl #4
 8003cc2:	ea45 7516 	orr.w	r5, r5, r6, lsr #28
 8003cc6:	ea4f 1606 	mov.w	r6, r6, lsl #4
 8003cca:	ea4f 03c3 	mov.w	r3, r3, lsl #3
 8003cce:	ea43 7352 	orr.w	r3, r3, r2, lsr #29
 8003cd2:	ea4f 02c2 	mov.w	r2, r2, lsl #3
 8003cd6:	ea5f 1c1c 	movs.w	ip, ip, lsr #4
 8003cda:	d1c0      	bne.n	8003c5e <__aeabi_ddiv+0x82>
 8003cdc:	f411 1f80 	tst.w	r1, #1048576	@ 0x100000
 8003ce0:	d10b      	bne.n	8003cfa <__aeabi_ddiv+0x11e>
 8003ce2:	ea41 0100 	orr.w	r1, r1, r0
 8003ce6:	f04f 0000 	mov.w	r0, #0
 8003cea:	f04f 4c00 	mov.w	ip, #2147483648	@ 0x80000000
 8003cee:	e7b6      	b.n	8003c5e <__aeabi_ddiv+0x82>
 8003cf0:	f411 1f80 	tst.w	r1, #1048576	@ 0x100000
 8003cf4:	bf04      	itt	eq
 8003cf6:	4301      	orreq	r1, r0
 8003cf8:	2000      	moveq	r0, #0
 8003cfa:	f1b4 0cfd 	subs.w	ip, r4, #253	@ 0xfd
 8003cfe:	bf88      	it	hi
 8003d00:	f5bc 6fe0 	cmphi.w	ip, #1792	@ 0x700
 8003d04:	f63f aeaf 	bhi.w	8003a66 <__aeabi_dmul+0xde>
 8003d08:	ebb5 0c03 	subs.w	ip, r5, r3
 8003d0c:	bf04      	itt	eq
 8003d0e:	ebb6 0c02 	subseq.w	ip, r6, r2
 8003d12:	ea5f 0c50 	movseq.w	ip, r0, lsr #1
 8003d16:	f150 0000 	adcs.w	r0, r0, #0
 8003d1a:	eb41 5104 	adc.w	r1, r1, r4, lsl #20
 8003d1e:	bd70      	pop	{r4, r5, r6, pc}
 8003d20:	f00e 4e00 	and.w	lr, lr, #2147483648	@ 0x80000000
 8003d24:	ea4e 3111 	orr.w	r1, lr, r1, lsr #12
 8003d28:	eb14 045c 	adds.w	r4, r4, ip, lsr #1
 8003d2c:	bfc2      	ittt	gt
 8003d2e:	ebd4 050c 	rsbsgt	r5, r4, ip
 8003d32:	ea41 5104 	orrgt.w	r1, r1, r4, lsl #20
 8003d36:	bd70      	popgt	{r4, r5, r6, pc}
 8003d38:	f441 1180 	orr.w	r1, r1, #1048576	@ 0x100000
 8003d3c:	f04f 0e00 	mov.w	lr, #0
 8003d40:	3c01      	subs	r4, #1
 8003d42:	e690      	b.n	8003a66 <__aeabi_dmul+0xde>
 8003d44:	ea45 0e06 	orr.w	lr, r5, r6
 8003d48:	e68d      	b.n	8003a66 <__aeabi_dmul+0xde>
 8003d4a:	ea0c 5513 	and.w	r5, ip, r3, lsr #20
 8003d4e:	ea94 0f0c 	teq	r4, ip
 8003d52:	bf08      	it	eq
 8003d54:	ea95 0f0c 	teqeq	r5, ip
 8003d58:	f43f af3b 	beq.w	8003bd2 <__aeabi_dmul+0x24a>
 8003d5c:	ea94 0f0c 	teq	r4, ip
 8003d60:	d10a      	bne.n	8003d78 <__aeabi_ddiv+0x19c>
 8003d62:	ea50 3401 	orrs.w	r4, r0, r1, lsl #12
 8003d66:	f47f af34 	bne.w	8003bd2 <__aeabi_dmul+0x24a>
 8003d6a:	ea95 0f0c 	teq	r5, ip
 8003d6e:	f47f af25 	bne.w	8003bbc <__aeabi_dmul+0x234>
 8003d72:	4610      	mov	r0, r2
 8003d74:	4619      	mov	r1, r3
 8003d76:	e72c      	b.n	8003bd2 <__aeabi_dmul+0x24a>
 8003d78:	ea95 0f0c 	teq	r5, ip
 8003d7c:	d106      	bne.n	8003d8c <__aeabi_ddiv+0x1b0>
 8003d7e:	ea52 3503 	orrs.w	r5, r2, r3, lsl #12
 8003d82:	f43f aefd 	beq.w	8003b80 <__aeabi_dmul+0x1f8>
 8003d86:	4610      	mov	r0, r2
 8003d88:	4619      	mov	r1, r3
 8003d8a:	e722      	b.n	8003bd2 <__aeabi_dmul+0x24a>
 8003d8c:	ea50 0641 	orrs.w	r6, r0, r1, lsl #1
 8003d90:	bf18      	it	ne
 8003d92:	ea52 0643 	orrsne.w	r6, r2, r3, lsl #1
 8003d96:	f47f aec5 	bne.w	8003b24 <__aeabi_dmul+0x19c>
 8003d9a:	ea50 0441 	orrs.w	r4, r0, r1, lsl #1
 8003d9e:	f47f af0d 	bne.w	8003bbc <__aeabi_dmul+0x234>
 8003da2:	ea52 0543 	orrs.w	r5, r2, r3, lsl #1
 8003da6:	f47f aeeb 	bne.w	8003b80 <__aeabi_dmul+0x1f8>
 8003daa:	e712      	b.n	8003bd2 <__aeabi_dmul+0x24a>

08003dac <__gedf2>:
 8003dac:	f04f 3cff 	mov.w	ip, #4294967295	@ 0xffffffff
 8003db0:	e006      	b.n	8003dc0 <__cmpdf2+0x4>
 8003db2:	bf00      	nop

08003db4 <__ledf2>:
 8003db4:	f04f 0c01 	mov.w	ip, #1
 8003db8:	e002      	b.n	8003dc0 <__cmpdf2+0x4>
 8003dba:	bf00      	nop

08003dbc <__cmpdf2>:
 8003dbc:	f04f 0c01 	mov.w	ip, #1
 8003dc0:	f84d cd04 	str.w	ip, [sp, #-4]!
 8003dc4:	ea4f 0c41 	mov.w	ip, r1, lsl #1
 8003dc8:	ea7f 5c6c 	mvns.w	ip, ip, asr #21
 8003dcc:	ea4f 0c43 	mov.w	ip, r3, lsl #1
 8003dd0:	bf18      	it	ne
 8003dd2:	ea7f 5c6c 	mvnsne.w	ip, ip, asr #21
 8003dd6:	d01b      	beq.n	8003e10 <__cmpdf2+0x54>
 8003dd8:	b001      	add	sp, #4
 8003dda:	ea50 0c41 	orrs.w	ip, r0, r1, lsl #1
 8003dde:	bf0c      	ite	eq
 8003de0:	ea52 0c43 	orrseq.w	ip, r2, r3, lsl #1
 8003de4:	ea91 0f03 	teqne	r1, r3
 8003de8:	bf02      	ittt	eq
 8003dea:	ea90 0f02 	teqeq	r0, r2
 8003dee:	2000      	moveq	r0, #0
 8003df0:	4770      	bxeq	lr
 8003df2:	f110 0f00 	cmn.w	r0, #0
 8003df6:	ea91 0f03 	teq	r1, r3
 8003dfa:	bf58      	it	pl
 8003dfc:	4299      	cmppl	r1, r3
 8003dfe:	bf08      	it	eq
 8003e00:	4290      	cmpeq	r0, r2
 8003e02:	bf2c      	ite	cs
 8003e04:	17d8      	asrcs	r0, r3, #31
 8003e06:	ea6f 70e3 	mvncc.w	r0, r3, asr #31
 8003e0a:	f040 0001 	orr.w	r0, r0, #1
 8003e0e:	4770      	bx	lr
 8003e10:	ea4f 0c41 	mov.w	ip, r1, lsl #1
 8003e14:	ea7f 5c6c 	mvns.w	ip, ip, asr #21
 8003e18:	d102      	bne.n	8003e20 <__cmpdf2+0x64>
 8003e1a:	ea50 3c01 	orrs.w	ip, r0, r1, lsl #12
 8003e1e:	d107      	bne.n	8003e30 <__cmpdf2+0x74>
 8003e20:	ea4f 0c43 	mov.w	ip, r3, lsl #1
 8003e24:	ea7f 5c6c 	mvns.w	ip, ip, asr #21
 8003e28:	d1d6      	bne.n	8003dd8 <__cmpdf2+0x1c>
 8003e2a:	ea52 3c03 	orrs.w	ip, r2, r3, lsl #12
 8003e2e:	d0d3      	beq.n	8003dd8 <__cmpdf2+0x1c>
 8003e30:	f85d 0b04 	ldr.w	r0, [sp], #4
 8003e34:	4770      	bx	lr
 8003e36:	bf00      	nop

08003e38 <__aeabi_cdrcmple>:
 8003e38:	4684      	mov	ip, r0
 8003e3a:	4610      	mov	r0, r2
 8003e3c:	4662      	mov	r2, ip
 8003e3e:	468c      	mov	ip, r1
 8003e40:	4619      	mov	r1, r3
 8003e42:	4663      	mov	r3, ip
 8003e44:	e000      	b.n	8003e48 <__aeabi_cdcmpeq>
 8003e46:	bf00      	nop

08003e48 <__aeabi_cdcmpeq>:
 8003e48:	b501      	push	{r0, lr}
 8003e4a:	f7ff ffb7 	bl	8003dbc <__cmpdf2>
 8003e4e:	2800      	cmp	r0, #0
 8003e50:	bf48      	it	mi
 8003e52:	f110 0f00 	cmnmi.w	r0, #0
 8003e56:	bd01      	pop	{r0, pc}

08003e58 <__aeabi_dcmpeq>:
 8003e58:	f84d ed08 	str.w	lr, [sp, #-8]!
 8003e5c:	f7ff fff4 	bl	8003e48 <__aeabi_cdcmpeq>
 8003e60:	bf0c      	ite	eq
 8003e62:	2001      	moveq	r0, #1
 8003e64:	2000      	movne	r0, #0
 8003e66:	f85d fb08 	ldr.w	pc, [sp], #8
 8003e6a:	bf00      	nop

08003e6c <__aeabi_dcmplt>:
 8003e6c:	f84d ed08 	str.w	lr, [sp, #-8]!
 8003e70:	f7ff ffea 	bl	8003e48 <__aeabi_cdcmpeq>
 8003e74:	bf34      	ite	cc
 8003e76:	2001      	movcc	r0, #1
 8003e78:	2000      	movcs	r0, #0
 8003e7a:	f85d fb08 	ldr.w	pc, [sp], #8
 8003e7e:	bf00      	nop

08003e80 <__aeabi_dcmple>:
 8003e80:	f84d ed08 	str.w	lr, [sp, #-8]!
 8003e84:	f7ff ffe0 	bl	8003e48 <__aeabi_cdcmpeq>
 8003e88:	bf94      	ite	ls
 8003e8a:	2001      	movls	r0, #1
 8003e8c:	2000      	movhi	r0, #0
 8003e8e:	f85d fb08 	ldr.w	pc, [sp], #8
 8003e92:	bf00      	nop

08003e94 <__aeabi_dcmpge>:
 8003e94:	f84d ed08 	str.w	lr, [sp, #-8]!
 8003e98:	f7ff ffce 	bl	8003e38 <__aeabi_cdrcmple>
 8003e9c:	bf94      	ite	ls
 8003e9e:	2001      	movls	r0, #1
 8003ea0:	2000      	movhi	r0, #0
 8003ea2:	f85d fb08 	ldr.w	pc, [sp], #8
 8003ea6:	bf00      	nop

08003ea8 <__aeabi_dcmpgt>:
 8003ea8:	f84d ed08 	str.w	lr, [sp, #-8]!
 8003eac:	f7ff ffc4 	bl	8003e38 <__aeabi_cdrcmple>
 8003eb0:	bf34      	ite	cc
 8003eb2:	2001      	movcc	r0, #1
 8003eb4:	2000      	movcs	r0, #0
 8003eb6:	f85d fb08 	ldr.w	pc, [sp], #8
 8003eba:	bf00      	nop

08003ebc <__aeabi_dcmpun>:
 8003ebc:	ea4f 0c41 	mov.w	ip, r1, lsl #1
 8003ec0:	ea7f 5c6c 	mvns.w	ip, ip, asr #21
 8003ec4:	d102      	bne.n	8003ecc <__aeabi_dcmpun+0x10>
 8003ec6:	ea50 3c01 	orrs.w	ip, r0, r1, lsl #12
 8003eca:	d10a      	bne.n	8003ee2 <__aeabi_dcmpun+0x26>
 8003ecc:	ea4f 0c43 	mov.w	ip, r3, lsl #1
 8003ed0:	ea7f 5c6c 	mvns.w	ip, ip, asr #21
 8003ed4:	d102      	bne.n	8003edc <__aeabi_dcmpun+0x20>
 8003ed6:	ea52 3c03 	orrs.w	ip, r2, r3, lsl #12
 8003eda:	d102      	bne.n	8003ee2 <__aeabi_dcmpun+0x26>
 8003edc:	f04f 0000 	mov.w	r0, #0
 8003ee0:	4770      	bx	lr
 8003ee2:	f04f 0001 	mov.w	r0, #1
 8003ee6:	4770      	bx	lr

08003ee8 <__aeabi_d2iz>:
 8003ee8:	ea4f 0241 	mov.w	r2, r1, lsl #1
 8003eec:	f512 1200 	adds.w	r2, r2, #2097152	@ 0x200000
 8003ef0:	d215      	bcs.n	8003f1e <__aeabi_d2iz+0x36>
 8003ef2:	d511      	bpl.n	8003f18 <__aeabi_d2iz+0x30>
 8003ef4:	f46f 7378 	mvn.w	r3, #992	@ 0x3e0
 8003ef8:	ebb3 5262 	subs.w	r2, r3, r2, asr #21
 8003efc:	d912      	bls.n	8003f24 <__aeabi_d2iz+0x3c>
 8003efe:	ea4f 23c1 	mov.w	r3, r1, lsl #11
 8003f02:	f043 4300 	orr.w	r3, r3, #2147483648	@ 0x80000000
 8003f06:	ea43 5350 	orr.w	r3, r3, r0, lsr #21
 8003f0a:	f011 4f00 	tst.w	r1, #2147483648	@ 0x80000000
 8003f0e:	fa23 f002 	lsr.w	r0, r3, r2
 8003f12:	bf18      	it	ne
 8003f14:	4240      	negne	r0, r0
 8003f16:	4770      	bx	lr
 8003f18:	f04f 0000 	mov.w	r0, #0
 8003f1c:	4770      	bx	lr
 8003f1e:	ea50 3001 	orrs.w	r0, r0, r1, lsl #12
 8003f22:	d105      	bne.n	8003f30 <__aeabi_d2iz+0x48>
 8003f24:	f011 4000 	ands.w	r0, r1, #2147483648	@ 0x80000000
 8003f28:	bf08      	it	eq
 8003f2a:	f06f 4000 	mvneq.w	r0, #2147483648	@ 0x80000000
 8003f2e:	4770      	bx	lr
 8003f30:	f04f 0000 	mov.w	r0, #0
 8003f34:	4770      	bx	lr
 8003f36:	bf00      	nop

08003f38 <deregister_tm_clones>:
 8003f38:	4803      	ldr	r0, [pc, #12]	@ (8003f48 <deregister_tm_clones+0x10>)
 8003f3a:	4b04      	ldr	r3, [pc, #16]	@ (8003f4c <deregister_tm_clones+0x14>)
 8003f3c:	4283      	cmp	r3, r0
 8003f3e:	d002      	beq.n	8003f46 <deregister_tm_clones+0xe>
 8003f40:	4b03      	ldr	r3, [pc, #12]	@ (8003f50 <deregister_tm_clones+0x18>)
 8003f42:	b103      	cbz	r3, 8003f46 <deregister_tm_clones+0xe>
 8003f44:	4718      	bx	r3
 8003f46:	4770      	bx	lr
 8003f48:	200001cc 	.word	0x200001cc
 8003f4c:	200001cc 	.word	0x200001cc
 8003f50:	00000000 	.word	0x00000000

08003f54 <register_tm_clones>:
 8003f54:	4805      	ldr	r0, [pc, #20]	@ (8003f6c <register_tm_clones+0x18>)
 8003f56:	4b06      	ldr	r3, [pc, #24]	@ (8003f70 <register_tm_clones+0x1c>)
 8003f58:	1a1b      	subs	r3, r3, r0
 8003f5a:	0fd9      	lsrs	r1, r3, #31
 8003f5c:	eb01 01a3 	add.w	r1, r1, r3, asr #2
 8003f60:	1049      	asrs	r1, r1, #1
 8003f62:	d002      	beq.n	8003f6a <register_tm_clones+0x16>
 8003f64:	4b03      	ldr	r3, [pc, #12]	@ (8003f74 <register_tm_clones+0x20>)
 8003f66:	b103      	cbz	r3, 8003f6a <register_tm_clones+0x16>
 8003f68:	4718      	bx	r3
 8003f6a:	4770      	bx	lr
 8003f6c:	200001cc 	.word	0x200001cc
 8003f70:	200001cc 	.word	0x200001cc
 8003f74:	00000000 	.word	0x00000000

08003f78 <__do_global_dtors_aux>:
 8003f78:	b510      	push	{r4, lr}
 8003f7a:	4c06      	ldr	r4, [pc, #24]	@ (8003f94 <__do_global_dtors_aux+0x1c>)
 8003f7c:	7823      	ldrb	r3, [r4, #0]
 8003f7e:	b943      	cbnz	r3, 8003f92 <__do_global_dtors_aux+0x1a>
 8003f80:	f7ff ffda 	bl	8003f38 <deregister_tm_clones>
 8003f84:	4b04      	ldr	r3, [pc, #16]	@ (8003f98 <__do_global_dtors_aux+0x20>)
 8003f86:	b113      	cbz	r3, 8003f8e <__do_global_dtors_aux+0x16>
 8003f88:	4804      	ldr	r0, [pc, #16]	@ (8003f9c <__do_global_dtors_aux+0x24>)
 8003f8a:	f3af 8000 	nop.w
 8003f8e:	2301      	movs	r3, #1
 8003f90:	7023      	strb	r3, [r4, #0]
 8003f92:	bd10      	pop	{r4, pc}
 8003f94:	20001e58 	.word	0x20001e58
 8003f98:	00000000 	.word	0x00000000
 8003f9c:	08006a30 	.word	0x08006a30

08003fa0 <frame_dummy>:
 8003fa0:	b508      	push	{r3, lr}
 8003fa2:	4b05      	ldr	r3, [pc, #20]	@ (8003fb8 <frame_dummy+0x18>)
 8003fa4:	b11b      	cbz	r3, 8003fae <frame_dummy+0xe>
 8003fa6:	4905      	ldr	r1, [pc, #20]	@ (8003fbc <frame_dummy+0x1c>)
 8003fa8:	4805      	ldr	r0, [pc, #20]	@ (8003fc0 <frame_dummy+0x20>)
 8003faa:	f3af 8000 	nop.w
 8003fae:	e8bd 4008 	ldmia.w	sp!, {r3, lr}
 8003fb2:	f7ff bfcf 	b.w	8003f54 <register_tm_clones>
 8003fb6:	bf00      	nop
 8003fb8:	00000000 	.word	0x00000000
 8003fbc:	20001e5c 	.word	0x20001e5c
 8003fc0:	08006a30 	.word	0x08006a30

08003fc4 <Reset_Handler>:
 8003fc4:	f8df d034 	ldr.w	sp, [pc, #52]	@ 8003ffc <LoopFillZerobss+0x12>
 8003fc8:	480d      	ldr	r0, [pc, #52]	@ (8004000 <LoopFillZerobss+0x16>)
 8003fca:	490e      	ldr	r1, [pc, #56]	@ (8004004 <LoopFillZerobss+0x1a>)
 8003fcc:	4a0e      	ldr	r2, [pc, #56]	@ (8004008 <LoopFillZerobss+0x1e>)
 8003fce:	2300      	movs	r3, #0
 8003fd0:	e002      	b.n	8003fd8 <LoopCopyDataInit>

08003fd2 <CopyDataInit>:
 8003fd2:	58d4      	ldr	r4, [r2, r3]
 8003fd4:	50c4      	str	r4, [r0, r3]
 8003fd6:	3304      	adds	r3, #4

08003fd8 <LoopCopyDataInit>:
 8003fd8:	18c4      	adds	r4, r0, r3
 8003fda:	428c      	cmp	r4, r1
 8003fdc:	d3f9      	bcc.n	8003fd2 <CopyDataInit>
 8003fde:	4a0b      	ldr	r2, [pc, #44]	@ (800400c <LoopFillZerobss+0x22>)
 8003fe0:	4c0b      	ldr	r4, [pc, #44]	@ (8004010 <LoopFillZerobss+0x26>)
 8003fe2:	2300      	movs	r3, #0
 8003fe4:	e001      	b.n	8003fea <LoopFillZerobss>

08003fe6 <FillZerobss>:
 8003fe6:	6013      	str	r3, [r2, #0]
 8003fe8:	3204      	adds	r2, #4

08003fea <LoopFillZerobss>:
 8003fea:	42a2      	cmp	r2, r4
 8003fec:	d3fb      	bcc.n	8003fe6 <FillZerobss>
 8003fee:	f7ff fa59 	bl	80034a4 <SystemInit>
 8003ff2:	f000 fe73 	bl	8004cdc <__libc_init_array>
 8003ff6:	f7fe ff8b 	bl	8002f10 <main>
 8003ffa:	4770      	bx	lr
 8003ffc:	20040000 	.word	0x20040000
 8004000:	20000000 	.word	0x20000000
 8004004:	200001cc 	.word	0x200001cc
 8004008:	0800756c 	.word	0x0800756c
 800400c:	200001d0 	.word	0x200001d0
 8004010:	20001fc0 	.word	0x20001fc0

08004014 <CAN1_RX0_IRQHandler>:
 8004014:	e7fe      	b.n	8004014 <CAN1_RX0_IRQHandler>

08004016 <__cvt>:
 8004016:	e92d 47ff 	stmdb	sp!, {r0, r1, r2, r3, r4, r5, r6, r7, r8, r9, sl, lr}
 800401a:	ec57 6b10 	vmov	r6, r7, d0
 800401e:	2f00      	cmp	r7, #0
 8004020:	460c      	mov	r4, r1
 8004022:	4691      	mov	r9, r2
 8004024:	f8dd a030 	ldr.w	sl, [sp, #48]	@ 0x30
 8004028:	4619      	mov	r1, r3
 800402a:	f04f 0200 	mov.w	r2, #0
 800402e:	da03      	bge.n	8004038 <__cvt+0x22>
 8004030:	f107 4300 	add.w	r3, r7, #2147483648	@ 0x80000000
 8004034:	461f      	mov	r7, r3
 8004036:	222d      	movs	r2, #45	@ 0x2d
 8004038:	9d0d      	ldr	r5, [sp, #52]	@ 0x34
 800403a:	700a      	strb	r2, [r1, #0]
 800403c:	f025 0520 	bic.w	r5, r5, #32
 8004040:	2d46      	cmp	r5, #70	@ 0x46
 8004042:	d004      	beq.n	800404e <__cvt+0x38>
 8004044:	2d45      	cmp	r5, #69	@ 0x45
 8004046:	d100      	bne.n	800404a <__cvt+0x34>
 8004048:	3401      	adds	r4, #1
 800404a:	2102      	movs	r1, #2
 800404c:	e000      	b.n	8004050 <__cvt+0x3a>
 800404e:	2103      	movs	r1, #3
 8004050:	ab03      	add	r3, sp, #12
 8004052:	9301      	str	r3, [sp, #4]
 8004054:	ab02      	add	r3, sp, #8
 8004056:	9300      	str	r3, [sp, #0]
 8004058:	ec47 6b10 	vmov	d0, r6, r7
 800405c:	4653      	mov	r3, sl
 800405e:	4622      	mov	r2, r4
 8004060:	f000 fefe 	bl	8004e60 <_dtoa_r>
 8004064:	2d47      	cmp	r5, #71	@ 0x47
 8004066:	4680      	mov	r8, r0
 8004068:	d11a      	bne.n	80040a0 <__cvt+0x8a>
 800406a:	f019 0f01 	tst.w	r9, #1
 800406e:	d00e      	beq.n	800408e <__cvt+0x78>
 8004070:	eb00 0904 	add.w	r9, r0, r4
 8004074:	2200      	movs	r2, #0
 8004076:	2300      	movs	r3, #0
 8004078:	4630      	mov	r0, r6
 800407a:	4639      	mov	r1, r7
 800407c:	f7ff feec 	bl	8003e58 <__aeabi_dcmpeq>
 8004080:	b108      	cbz	r0, 8004086 <__cvt+0x70>
 8004082:	f8cd 900c 	str.w	r9, [sp, #12]
 8004086:	2230      	movs	r2, #48	@ 0x30
 8004088:	9b03      	ldr	r3, [sp, #12]
 800408a:	454b      	cmp	r3, r9
 800408c:	d31e      	bcc.n	80040cc <__cvt+0xb6>
 800408e:	9b03      	ldr	r3, [sp, #12]
 8004090:	9a0e      	ldr	r2, [sp, #56]	@ 0x38
 8004092:	eba3 0308 	sub.w	r3, r3, r8
 8004096:	4640      	mov	r0, r8
 8004098:	6013      	str	r3, [r2, #0]
 800409a:	b004      	add	sp, #16
 800409c:	e8bd 87f0 	ldmia.w	sp!, {r4, r5, r6, r7, r8, r9, sl, pc}
 80040a0:	2d46      	cmp	r5, #70	@ 0x46
 80040a2:	eb00 0904 	add.w	r9, r0, r4
 80040a6:	d1e5      	bne.n	8004074 <__cvt+0x5e>
 80040a8:	7803      	ldrb	r3, [r0, #0]
 80040aa:	2b30      	cmp	r3, #48	@ 0x30
 80040ac:	d10a      	bne.n	80040c4 <__cvt+0xae>
 80040ae:	2200      	movs	r2, #0
 80040b0:	2300      	movs	r3, #0
 80040b2:	4630      	mov	r0, r6
 80040b4:	4639      	mov	r1, r7
 80040b6:	f7ff fecf 	bl	8003e58 <__aeabi_dcmpeq>
 80040ba:	b918      	cbnz	r0, 80040c4 <__cvt+0xae>
 80040bc:	f1c4 0401 	rsb	r4, r4, #1
 80040c0:	f8ca 4000 	str.w	r4, [sl]
 80040c4:	f8da 3000 	ldr.w	r3, [sl]
 80040c8:	4499      	add	r9, r3
 80040ca:	e7d3      	b.n	8004074 <__cvt+0x5e>
 80040cc:	1c59      	adds	r1, r3, #1
 80040ce:	9103      	str	r1, [sp, #12]
 80040d0:	701a      	strb	r2, [r3, #0]
 80040d2:	e7d9      	b.n	8004088 <__cvt+0x72>

080040d4 <__exponent>:
 80040d4:	b5f7      	push	{r0, r1, r2, r4, r5, r6, r7, lr}
 80040d6:	2900      	cmp	r1, #0
 80040d8:	bfba      	itte	lt
 80040da:	4249      	neglt	r1, r1
 80040dc:	232d      	movlt	r3, #45	@ 0x2d
 80040de:	232b      	movge	r3, #43	@ 0x2b
 80040e0:	2909      	cmp	r1, #9
 80040e2:	7002      	strb	r2, [r0, #0]
 80040e4:	7043      	strb	r3, [r0, #1]
 80040e6:	dd2a      	ble.n	800413e <__exponent+0x6a>
 80040e8:	f10d 0407 	add.w	r4, sp, #7
 80040ec:	1c87      	adds	r7, r0, #2
 80040ee:	46a6      	mov	lr, r4
 80040f0:	260a      	movs	r6, #10
 80040f2:	46a4      	mov	ip, r4
 80040f4:	fbb1 f5f6 	udiv	r5, r1, r6
 80040f8:	fb06 1215 	mls	r2, r6, r5, r1
 80040fc:	3230      	adds	r2, #48	@ 0x30
 80040fe:	2963      	cmp	r1, #99	@ 0x63
 8004100:	f104 34ff 	add.w	r4, r4, #4294967295	@ 0xffffffff
 8004104:	f80c 2c01 	strb.w	r2, [ip, #-1]
 8004108:	4629      	mov	r1, r5
 800410a:	dcf2      	bgt.n	80040f2 <__exponent+0x1e>
 800410c:	3130      	adds	r1, #48	@ 0x30
 800410e:	f1ac 0202 	sub.w	r2, ip, #2
 8004112:	f804 1c01 	strb.w	r1, [r4, #-1]
 8004116:	1c41      	adds	r1, r0, #1
 8004118:	4614      	mov	r4, r2
 800411a:	4572      	cmp	r2, lr
 800411c:	d30a      	bcc.n	8004134 <__exponent+0x60>
 800411e:	f10d 0309 	add.w	r3, sp, #9
 8004122:	eba3 030c 	sub.w	r3, r3, ip
 8004126:	45a6      	cmp	lr, r4
 8004128:	bf38      	it	cc
 800412a:	2300      	movcc	r3, #0
 800412c:	443b      	add	r3, r7
 800412e:	1a18      	subs	r0, r3, r0
 8004130:	b003      	add	sp, #12
 8004132:	bdf0      	pop	{r4, r5, r6, r7, pc}
 8004134:	f812 3b01 	ldrb.w	r3, [r2], #1
 8004138:	f801 3f01 	strb.w	r3, [r1, #1]!
 800413c:	e7ed      	b.n	800411a <__exponent+0x46>
 800413e:	2330      	movs	r3, #48	@ 0x30
 8004140:	3130      	adds	r1, #48	@ 0x30
 8004142:	7083      	strb	r3, [r0, #2]
 8004144:	70c1      	strb	r1, [r0, #3]
 8004146:	1d03      	adds	r3, r0, #4
 8004148:	e7f1      	b.n	800412e <__exponent+0x5a>
	...

0800414c <_printf_float>:
 800414c:	e92d 4ff0 	stmdb	sp!, {r4, r5, r6, r7, r8, r9, sl, fp, lr}
 8004150:	b08f      	sub	sp, #60	@ 0x3c
 8004152:	460c      	mov	r4, r1
 8004154:	f8dd 8060 	ldr.w	r8, [sp, #96]	@ 0x60
 8004158:	4616      	mov	r6, r2
 800415a:	461f      	mov	r7, r3
 800415c:	4605      	mov	r5, r0
 800415e:	f000 fde5 	bl	8004d2c <_localeconv_r>
 8004162:	6803      	ldr	r3, [r0, #0]
 8004164:	9307      	str	r3, [sp, #28]
 8004166:	4618      	mov	r0, r3
 8004168:	f7ff fa4a 	bl	8003600 <strlen>
 800416c:	2300      	movs	r3, #0
 800416e:	930c      	str	r3, [sp, #48]	@ 0x30
 8004170:	f8d8 3000 	ldr.w	r3, [r8]
 8004174:	f894 a018 	ldrb.w	sl, [r4, #24]
 8004178:	f8d4 b000 	ldr.w	fp, [r4]
 800417c:	9008      	str	r0, [sp, #32]
 800417e:	3307      	adds	r3, #7
 8004180:	f023 0307 	bic.w	r3, r3, #7
 8004184:	ecb3 7b02 	vldmia	r3!, {d7}
 8004188:	ed8d 7b04 	vstr	d7, [sp, #16]
 800418c:	f8c8 3000 	str.w	r3, [r8]
 8004190:	e9dd 8304 	ldrd	r8, r3, [sp, #16]
 8004194:	f023 4900 	bic.w	r9, r3, #2147483648	@ 0x80000000
 8004198:	ed84 7b12 	vstr	d7, [r4, #72]	@ 0x48
 800419c:	4b9a      	ldr	r3, [pc, #616]	@ (8004408 <_printf_float+0x2bc>)
 800419e:	f04f 32ff 	mov.w	r2, #4294967295	@ 0xffffffff
 80041a2:	4640      	mov	r0, r8
 80041a4:	4649      	mov	r1, r9
 80041a6:	f7ff fe89 	bl	8003ebc <__aeabi_dcmpun>
 80041aa:	bb70      	cbnz	r0, 800420a <_printf_float+0xbe>
 80041ac:	4b96      	ldr	r3, [pc, #600]	@ (8004408 <_printf_float+0x2bc>)
 80041ae:	f04f 32ff 	mov.w	r2, #4294967295	@ 0xffffffff
 80041b2:	4640      	mov	r0, r8
 80041b4:	4649      	mov	r1, r9
 80041b6:	f7ff fe63 	bl	8003e80 <__aeabi_dcmple>
 80041ba:	bb30      	cbnz	r0, 800420a <_printf_float+0xbe>
 80041bc:	e9dd 0104 	ldrd	r0, r1, [sp, #16]
 80041c0:	2200      	movs	r2, #0
 80041c2:	2300      	movs	r3, #0
 80041c4:	f7ff fe52 	bl	8003e6c <__aeabi_dcmplt>
 80041c8:	b110      	cbz	r0, 80041d0 <_printf_float+0x84>
 80041ca:	232d      	movs	r3, #45	@ 0x2d
 80041cc:	f884 3043 	strb.w	r3, [r4, #67]	@ 0x43
 80041d0:	4a8e      	ldr	r2, [pc, #568]	@ (800440c <_printf_float+0x2c0>)
 80041d2:	4b8f      	ldr	r3, [pc, #572]	@ (8004410 <_printf_float+0x2c4>)
 80041d4:	f1ba 0f47 	cmp.w	sl, #71	@ 0x47
 80041d8:	bf8c      	ite	hi
 80041da:	4690      	movhi	r8, r2
 80041dc:	4698      	movls	r8, r3
 80041de:	2303      	movs	r3, #3
 80041e0:	6123      	str	r3, [r4, #16]
 80041e2:	f02b 0304 	bic.w	r3, fp, #4
 80041e6:	6023      	str	r3, [r4, #0]
 80041e8:	f04f 0900 	mov.w	r9, #0
 80041ec:	9700      	str	r7, [sp, #0]
 80041ee:	4633      	mov	r3, r6
 80041f0:	aa0d      	add	r2, sp, #52	@ 0x34
 80041f2:	4621      	mov	r1, r4
 80041f4:	4628      	mov	r0, r5
 80041f6:	f000 fa73 	bl	80046e0 <_printf_common>
 80041fa:	3001      	adds	r0, #1
 80041fc:	f040 808c 	bne.w	8004318 <_printf_float+0x1cc>
 8004200:	f04f 30ff 	mov.w	r0, #4294967295	@ 0xffffffff
 8004204:	b00f      	add	sp, #60	@ 0x3c
 8004206:	e8bd 8ff0 	ldmia.w	sp!, {r4, r5, r6, r7, r8, r9, sl, fp, pc}
 800420a:	e9dd 2304 	ldrd	r2, r3, [sp, #16]
 800420e:	4610      	mov	r0, r2
 8004210:	4619      	mov	r1, r3
 8004212:	f7ff fe53 	bl	8003ebc <__aeabi_dcmpun>
 8004216:	b140      	cbz	r0, 800422a <_printf_float+0xde>
 8004218:	9b05      	ldr	r3, [sp, #20]
 800421a:	4a7e      	ldr	r2, [pc, #504]	@ (8004414 <_printf_float+0x2c8>)
 800421c:	2b00      	cmp	r3, #0
 800421e:	bfbc      	itt	lt
 8004220:	232d      	movlt	r3, #45	@ 0x2d
 8004222:	f884 3043 	strblt.w	r3, [r4, #67]	@ 0x43
 8004226:	4b7c      	ldr	r3, [pc, #496]	@ (8004418 <_printf_float+0x2cc>)
 8004228:	e7d4      	b.n	80041d4 <_printf_float+0x88>
 800422a:	6863      	ldr	r3, [r4, #4]
 800422c:	1c5a      	adds	r2, r3, #1
 800422e:	f00a 09df 	and.w	r9, sl, #223	@ 0xdf
 8004232:	d13b      	bne.n	80042ac <_printf_float+0x160>
 8004234:	2306      	movs	r3, #6
 8004236:	6063      	str	r3, [r4, #4]
 8004238:	f44b 6280 	orr.w	r2, fp, #1024	@ 0x400
 800423c:	2300      	movs	r3, #0
 800423e:	6022      	str	r2, [r4, #0]
 8004240:	9303      	str	r3, [sp, #12]
 8004242:	ab0c      	add	r3, sp, #48	@ 0x30
 8004244:	e9cd a301 	strd	sl, r3, [sp, #4]
 8004248:	ab0b      	add	r3, sp, #44	@ 0x2c
 800424a:	9300      	str	r3, [sp, #0]
 800424c:	6861      	ldr	r1, [r4, #4]
 800424e:	ed9d 0b04 	vldr	d0, [sp, #16]
 8004252:	f10d 032b 	add.w	r3, sp, #43	@ 0x2b
 8004256:	4628      	mov	r0, r5
 8004258:	f7ff fedd 	bl	8004016 <__cvt>
 800425c:	f1b9 0f47 	cmp.w	r9, #71	@ 0x47
 8004260:	990b      	ldr	r1, [sp, #44]	@ 0x2c
 8004262:	4680      	mov	r8, r0
 8004264:	d129      	bne.n	80042ba <_printf_float+0x16e>
 8004266:	1cc8      	adds	r0, r1, #3
 8004268:	db02      	blt.n	8004270 <_printf_float+0x124>
 800426a:	6863      	ldr	r3, [r4, #4]
 800426c:	428b      	cmp	r3, r1
 800426e:	da41      	bge.n	80042f4 <_printf_float+0x1a8>
 8004270:	f1aa 0a02 	sub.w	sl, sl, #2
 8004274:	fa5f fa8a 	uxtb.w	sl, sl
 8004278:	3901      	subs	r1, #1
 800427a:	4652      	mov	r2, sl
 800427c:	f104 0050 	add.w	r0, r4, #80	@ 0x50
 8004280:	910b      	str	r1, [sp, #44]	@ 0x2c
 8004282:	f7ff ff27 	bl	80040d4 <__exponent>
 8004286:	9a0c      	ldr	r2, [sp, #48]	@ 0x30
 8004288:	1813      	adds	r3, r2, r0
 800428a:	2a01      	cmp	r2, #1
 800428c:	4681      	mov	r9, r0
 800428e:	6123      	str	r3, [r4, #16]
 8004290:	dc02      	bgt.n	8004298 <_printf_float+0x14c>
 8004292:	6822      	ldr	r2, [r4, #0]
 8004294:	07d2      	lsls	r2, r2, #31
 8004296:	d501      	bpl.n	800429c <_printf_float+0x150>
 8004298:	3301      	adds	r3, #1
 800429a:	6123      	str	r3, [r4, #16]
 800429c:	f89d 302b 	ldrb.w	r3, [sp, #43]	@ 0x2b
 80042a0:	2b00      	cmp	r3, #0
 80042a2:	d0a3      	beq.n	80041ec <_printf_float+0xa0>
 80042a4:	232d      	movs	r3, #45	@ 0x2d
 80042a6:	f884 3043 	strb.w	r3, [r4, #67]	@ 0x43
 80042aa:	e79f      	b.n	80041ec <_printf_float+0xa0>
 80042ac:	f1b9 0f47 	cmp.w	r9, #71	@ 0x47
 80042b0:	d1c2      	bne.n	8004238 <_printf_float+0xec>
 80042b2:	2b00      	cmp	r3, #0
 80042b4:	d1c0      	bne.n	8004238 <_printf_float+0xec>
 80042b6:	2301      	movs	r3, #1
 80042b8:	e7bd      	b.n	8004236 <_printf_float+0xea>
 80042ba:	f1ba 0f65 	cmp.w	sl, #101	@ 0x65
 80042be:	d9db      	bls.n	8004278 <_printf_float+0x12c>
 80042c0:	f1ba 0f66 	cmp.w	sl, #102	@ 0x66
 80042c4:	d118      	bne.n	80042f8 <_printf_float+0x1ac>
 80042c6:	2900      	cmp	r1, #0
 80042c8:	6863      	ldr	r3, [r4, #4]
 80042ca:	dd0b      	ble.n	80042e4 <_printf_float+0x198>
 80042cc:	6121      	str	r1, [r4, #16]
 80042ce:	b913      	cbnz	r3, 80042d6 <_printf_float+0x18a>
 80042d0:	6822      	ldr	r2, [r4, #0]
 80042d2:	07d0      	lsls	r0, r2, #31
 80042d4:	d502      	bpl.n	80042dc <_printf_float+0x190>
 80042d6:	3301      	adds	r3, #1
 80042d8:	440b      	add	r3, r1
 80042da:	6123      	str	r3, [r4, #16]
 80042dc:	65a1      	str	r1, [r4, #88]	@ 0x58
 80042de:	f04f 0900 	mov.w	r9, #0
 80042e2:	e7db      	b.n	800429c <_printf_float+0x150>
 80042e4:	b913      	cbnz	r3, 80042ec <_printf_float+0x1a0>
 80042e6:	6822      	ldr	r2, [r4, #0]
 80042e8:	07d2      	lsls	r2, r2, #31
 80042ea:	d501      	bpl.n	80042f0 <_printf_float+0x1a4>
 80042ec:	3302      	adds	r3, #2
 80042ee:	e7f4      	b.n	80042da <_printf_float+0x18e>
 80042f0:	2301      	movs	r3, #1
 80042f2:	e7f2      	b.n	80042da <_printf_float+0x18e>
 80042f4:	f04f 0a67 	mov.w	sl, #103	@ 0x67
 80042f8:	9b0c      	ldr	r3, [sp, #48]	@ 0x30
 80042fa:	428b      	cmp	r3, r1
 80042fc:	dc05      	bgt.n	800430a <_printf_float+0x1be>
 80042fe:	6823      	ldr	r3, [r4, #0]
 8004300:	6121      	str	r1, [r4, #16]
 8004302:	07d8      	lsls	r0, r3, #31
 8004304:	d5ea      	bpl.n	80042dc <_printf_float+0x190>
 8004306:	1c4b      	adds	r3, r1, #1
 8004308:	e7e7      	b.n	80042da <_printf_float+0x18e>
 800430a:	2900      	cmp	r1, #0
 800430c:	bfd4      	ite	le
 800430e:	f1c1 0202 	rsble	r2, r1, #2
 8004312:	2201      	movgt	r2, #1
 8004314:	4413      	add	r3, r2
 8004316:	e7e0      	b.n	80042da <_printf_float+0x18e>
 8004318:	6823      	ldr	r3, [r4, #0]
 800431a:	055a      	lsls	r2, r3, #21
 800431c:	d407      	bmi.n	800432e <_printf_float+0x1e2>
 800431e:	6923      	ldr	r3, [r4, #16]
 8004320:	4642      	mov	r2, r8
 8004322:	4631      	mov	r1, r6
 8004324:	4628      	mov	r0, r5
 8004326:	47b8      	blx	r7
 8004328:	3001      	adds	r0, #1
 800432a:	d128      	bne.n	800437e <_printf_float+0x232>
 800432c:	e768      	b.n	8004200 <_printf_float+0xb4>
 800432e:	f1ba 0f65 	cmp.w	sl, #101	@ 0x65
 8004332:	f240 80db 	bls.w	80044ec <_printf_float+0x3a0>
 8004336:	e9d4 0112 	ldrd	r0, r1, [r4, #72]	@ 0x48
 800433a:	2200      	movs	r2, #0
 800433c:	2300      	movs	r3, #0
 800433e:	f7ff fd8b 	bl	8003e58 <__aeabi_dcmpeq>
 8004342:	b390      	cbz	r0, 80043aa <_printf_float+0x25e>
 8004344:	4a35      	ldr	r2, [pc, #212]	@ (800441c <_printf_float+0x2d0>)
 8004346:	2301      	movs	r3, #1
 8004348:	4631      	mov	r1, r6
 800434a:	4628      	mov	r0, r5
 800434c:	47b8      	blx	r7
 800434e:	3001      	adds	r0, #1
 8004350:	f43f af56 	beq.w	8004200 <_printf_float+0xb4>
 8004354:	e9dd 380b 	ldrd	r3, r8, [sp, #44]	@ 0x2c
 8004358:	4543      	cmp	r3, r8
 800435a:	db02      	blt.n	8004362 <_printf_float+0x216>
 800435c:	6823      	ldr	r3, [r4, #0]
 800435e:	07d8      	lsls	r0, r3, #31
 8004360:	d50d      	bpl.n	800437e <_printf_float+0x232>
 8004362:	e9dd 2307 	ldrd	r2, r3, [sp, #28]
 8004366:	4631      	mov	r1, r6
 8004368:	4628      	mov	r0, r5
 800436a:	47b8      	blx	r7
 800436c:	3001      	adds	r0, #1
 800436e:	f43f af47 	beq.w	8004200 <_printf_float+0xb4>
 8004372:	f04f 0900 	mov.w	r9, #0
 8004376:	f108 38ff 	add.w	r8, r8, #4294967295	@ 0xffffffff
 800437a:	45c8      	cmp	r8, r9
 800437c:	dc09      	bgt.n	8004392 <_printf_float+0x246>
 800437e:	6823      	ldr	r3, [r4, #0]
 8004380:	079b      	lsls	r3, r3, #30
 8004382:	f100 8104 	bmi.w	800458e <_printf_float+0x442>
 8004386:	68e0      	ldr	r0, [r4, #12]
 8004388:	9b0d      	ldr	r3, [sp, #52]	@ 0x34
 800438a:	4298      	cmp	r0, r3
 800438c:	bfb8      	it	lt
 800438e:	4618      	movlt	r0, r3
 8004390:	e738      	b.n	8004204 <_printf_float+0xb8>
 8004392:	2301      	movs	r3, #1
 8004394:	f104 021a 	add.w	r2, r4, #26
 8004398:	4631      	mov	r1, r6
 800439a:	4628      	mov	r0, r5
 800439c:	47b8      	blx	r7
 800439e:	3001      	adds	r0, #1
 80043a0:	f43f af2e 	beq.w	8004200 <_printf_float+0xb4>
 80043a4:	f109 0901 	add.w	r9, r9, #1
 80043a8:	e7e7      	b.n	800437a <_printf_float+0x22e>
 80043aa:	9b0b      	ldr	r3, [sp, #44]	@ 0x2c
 80043ac:	4283      	cmp	r3, r0
 80043ae:	dc37      	bgt.n	8004420 <_printf_float+0x2d4>
 80043b0:	4a1a      	ldr	r2, [pc, #104]	@ (800441c <_printf_float+0x2d0>)
 80043b2:	2301      	movs	r3, #1
 80043b4:	4631      	mov	r1, r6
 80043b6:	4628      	mov	r0, r5
 80043b8:	47b8      	blx	r7
 80043ba:	3001      	adds	r0, #1
 80043bc:	f43f af20 	beq.w	8004200 <_printf_float+0xb4>
 80043c0:	e9dd 390b 	ldrd	r3, r9, [sp, #44]	@ 0x2c
 80043c4:	ea59 0303 	orrs.w	r3, r9, r3
 80043c8:	d102      	bne.n	80043d0 <_printf_float+0x284>
 80043ca:	6823      	ldr	r3, [r4, #0]
 80043cc:	07d9      	lsls	r1, r3, #31
 80043ce:	d5d6      	bpl.n	800437e <_printf_float+0x232>
 80043d0:	e9dd 2307 	ldrd	r2, r3, [sp, #28]
 80043d4:	4631      	mov	r1, r6
 80043d6:	4628      	mov	r0, r5
 80043d8:	47b8      	blx	r7
 80043da:	3001      	adds	r0, #1
 80043dc:	f43f af10 	beq.w	8004200 <_printf_float+0xb4>
 80043e0:	f04f 0a00 	mov.w	sl, #0
 80043e4:	9b0b      	ldr	r3, [sp, #44]	@ 0x2c
 80043e6:	425b      	negs	r3, r3
 80043e8:	4553      	cmp	r3, sl
 80043ea:	dc01      	bgt.n	80043f0 <_printf_float+0x2a4>
 80043ec:	464b      	mov	r3, r9
 80043ee:	e797      	b.n	8004320 <_printf_float+0x1d4>
 80043f0:	2301      	movs	r3, #1
 80043f2:	f104 021a 	add.w	r2, r4, #26
 80043f6:	4631      	mov	r1, r6
 80043f8:	4628      	mov	r0, r5
 80043fa:	47b8      	blx	r7
 80043fc:	3001      	adds	r0, #1
 80043fe:	f43f aeff 	beq.w	8004200 <_printf_float+0xb4>
 8004402:	f10a 0a01 	add.w	sl, sl, #1
 8004406:	e7ed      	b.n	80043e4 <_printf_float+0x298>
 8004408:	7fefffff 	.word	0x7fefffff
 800440c:	080071c3 	.word	0x080071c3
 8004410:	080071bf 	.word	0x080071bf
 8004414:	080071cb 	.word	0x080071cb
 8004418:	080071c7 	.word	0x080071c7
 800441c:	080071cf 	.word	0x080071cf
 8004420:	6da3      	ldr	r3, [r4, #88]	@ 0x58
 8004422:	f8dd b030 	ldr.w	fp, [sp, #48]	@ 0x30
 8004426:	455b      	cmp	r3, fp
 8004428:	bfa8      	it	ge
 800442a:	465b      	movge	r3, fp
 800442c:	2b00      	cmp	r3, #0
 800442e:	9304      	str	r3, [sp, #16]
 8004430:	dc37      	bgt.n	80044a2 <_printf_float+0x356>
 8004432:	f04f 0900 	mov.w	r9, #0
 8004436:	f104 021a 	add.w	r2, r4, #26
 800443a:	9b04      	ldr	r3, [sp, #16]
 800443c:	f8d4 a058 	ldr.w	sl, [r4, #88]	@ 0x58
 8004440:	2b00      	cmp	r3, #0
 8004442:	bfac      	ite	ge
 8004444:	ebaa 0303 	subge.w	r3, sl, r3
 8004448:	4653      	movlt	r3, sl
 800444a:	454b      	cmp	r3, r9
 800444c:	dc31      	bgt.n	80044b2 <_printf_float+0x366>
 800444e:	9b0b      	ldr	r3, [sp, #44]	@ 0x2c
 8004450:	459b      	cmp	fp, r3
 8004452:	dc3a      	bgt.n	80044ca <_printf_float+0x37e>
 8004454:	6823      	ldr	r3, [r4, #0]
 8004456:	07da      	lsls	r2, r3, #31
 8004458:	d437      	bmi.n	80044ca <_printf_float+0x37e>
 800445a:	9b0b      	ldr	r3, [sp, #44]	@ 0x2c
 800445c:	ebab 0903 	sub.w	r9, fp, r3
 8004460:	ebab 030a 	sub.w	r3, fp, sl
 8004464:	4599      	cmp	r9, r3
 8004466:	bfa8      	it	ge
 8004468:	4699      	movge	r9, r3
 800446a:	f1b9 0f00 	cmp.w	r9, #0
 800446e:	dc34      	bgt.n	80044da <_printf_float+0x38e>
 8004470:	f04f 0800 	mov.w	r8, #0
 8004474:	9b0b      	ldr	r3, [sp, #44]	@ 0x2c
 8004476:	f1b9 0f00 	cmp.w	r9, #0
 800447a:	ebab 0303 	sub.w	r3, fp, r3
 800447e:	bfa8      	it	ge
 8004480:	eba3 0309 	subge.w	r3, r3, r9
 8004484:	4543      	cmp	r3, r8
 8004486:	f77f af7a 	ble.w	800437e <_printf_float+0x232>
 800448a:	2301      	movs	r3, #1
 800448c:	f104 021a 	add.w	r2, r4, #26
 8004490:	4631      	mov	r1, r6
 8004492:	4628      	mov	r0, r5
 8004494:	47b8      	blx	r7
 8004496:	3001      	adds	r0, #1
 8004498:	f43f aeb2 	beq.w	8004200 <_printf_float+0xb4>
 800449c:	f108 0801 	add.w	r8, r8, #1
 80044a0:	e7e8      	b.n	8004474 <_printf_float+0x328>
 80044a2:	9b04      	ldr	r3, [sp, #16]
 80044a4:	4642      	mov	r2, r8
 80044a6:	4631      	mov	r1, r6
 80044a8:	4628      	mov	r0, r5
 80044aa:	47b8      	blx	r7
 80044ac:	3001      	adds	r0, #1
 80044ae:	d1c0      	bne.n	8004432 <_printf_float+0x2e6>
 80044b0:	e6a6      	b.n	8004200 <_printf_float+0xb4>
 80044b2:	2301      	movs	r3, #1
 80044b4:	4631      	mov	r1, r6
 80044b6:	4628      	mov	r0, r5
 80044b8:	9209      	str	r2, [sp, #36]	@ 0x24
 80044ba:	47b8      	blx	r7
 80044bc:	3001      	adds	r0, #1
 80044be:	f43f ae9f 	beq.w	8004200 <_printf_float+0xb4>
 80044c2:	9a09      	ldr	r2, [sp, #36]	@ 0x24
 80044c4:	f109 0901 	add.w	r9, r9, #1
 80044c8:	e7b7      	b.n	800443a <_printf_float+0x2ee>
 80044ca:	e9dd 2307 	ldrd	r2, r3, [sp, #28]
 80044ce:	4631      	mov	r1, r6
 80044d0:	4628      	mov	r0, r5
 80044d2:	47b8      	blx	r7
 80044d4:	3001      	adds	r0, #1
 80044d6:	d1c0      	bne.n	800445a <_printf_float+0x30e>
 80044d8:	e692      	b.n	8004200 <_printf_float+0xb4>
 80044da:	464b      	mov	r3, r9
 80044dc:	eb08 020a 	add.w	r2, r8, sl
 80044e0:	4631      	mov	r1, r6
 80044e2:	4628      	mov	r0, r5
 80044e4:	47b8      	blx	r7
 80044e6:	3001      	adds	r0, #1
 80044e8:	d1c2      	bne.n	8004470 <_printf_float+0x324>
 80044ea:	e689      	b.n	8004200 <_printf_float+0xb4>
 80044ec:	f8dd a030 	ldr.w	sl, [sp, #48]	@ 0x30
 80044f0:	f1ba 0f01 	cmp.w	sl, #1
 80044f4:	dc01      	bgt.n	80044fa <_printf_float+0x3ae>
 80044f6:	07db      	lsls	r3, r3, #31
 80044f8:	d535      	bpl.n	8004566 <_printf_float+0x41a>
 80044fa:	2301      	movs	r3, #1
 80044fc:	4642      	mov	r2, r8
 80044fe:	4631      	mov	r1, r6
 8004500:	4628      	mov	r0, r5
 8004502:	47b8      	blx	r7
 8004504:	3001      	adds	r0, #1
 8004506:	f43f ae7b 	beq.w	8004200 <_printf_float+0xb4>
 800450a:	e9dd 2307 	ldrd	r2, r3, [sp, #28]
 800450e:	4631      	mov	r1, r6
 8004510:	4628      	mov	r0, r5
 8004512:	47b8      	blx	r7
 8004514:	3001      	adds	r0, #1
 8004516:	f43f ae73 	beq.w	8004200 <_printf_float+0xb4>
 800451a:	e9d4 0112 	ldrd	r0, r1, [r4, #72]	@ 0x48
 800451e:	2200      	movs	r2, #0
 8004520:	2300      	movs	r3, #0
 8004522:	f10a 3aff 	add.w	sl, sl, #4294967295	@ 0xffffffff
 8004526:	f7ff fc97 	bl	8003e58 <__aeabi_dcmpeq>
 800452a:	b9c8      	cbnz	r0, 8004560 <_printf_float+0x414>
 800452c:	4653      	mov	r3, sl
 800452e:	f108 0201 	add.w	r2, r8, #1
 8004532:	4631      	mov	r1, r6
 8004534:	4628      	mov	r0, r5
 8004536:	47b8      	blx	r7
 8004538:	3001      	adds	r0, #1
 800453a:	d10d      	bne.n	8004558 <_printf_float+0x40c>
 800453c:	e660      	b.n	8004200 <_printf_float+0xb4>
 800453e:	2301      	movs	r3, #1
 8004540:	f104 021a 	add.w	r2, r4, #26
 8004544:	4631      	mov	r1, r6
 8004546:	4628      	mov	r0, r5
 8004548:	47b8      	blx	r7
 800454a:	3001      	adds	r0, #1
 800454c:	f43f ae58 	beq.w	8004200 <_printf_float+0xb4>
 8004550:	f108 0801 	add.w	r8, r8, #1
 8004554:	45d0      	cmp	r8, sl
 8004556:	dbf2      	blt.n	800453e <_printf_float+0x3f2>
 8004558:	464b      	mov	r3, r9
 800455a:	f104 0250 	add.w	r2, r4, #80	@ 0x50
 800455e:	e6e0      	b.n	8004322 <_printf_float+0x1d6>
 8004560:	f04f 0800 	mov.w	r8, #0
 8004564:	e7f6      	b.n	8004554 <_printf_float+0x408>
 8004566:	2301      	movs	r3, #1
 8004568:	4642      	mov	r2, r8
 800456a:	e7e2      	b.n	8004532 <_printf_float+0x3e6>
 800456c:	2301      	movs	r3, #1
 800456e:	f104 0219 	add.w	r2, r4, #25
 8004572:	4631      	mov	r1, r6
 8004574:	4628      	mov	r0, r5
 8004576:	47b8      	blx	r7
 8004578:	3001      	adds	r0, #1
 800457a:	f43f ae41 	beq.w	8004200 <_printf_float+0xb4>
 800457e:	f108 0801 	add.w	r8, r8, #1
 8004582:	68e3      	ldr	r3, [r4, #12]
 8004584:	990d      	ldr	r1, [sp, #52]	@ 0x34
 8004586:	1a5b      	subs	r3, r3, r1
 8004588:	4543      	cmp	r3, r8
 800458a:	dcef      	bgt.n	800456c <_printf_float+0x420>
 800458c:	e6fb      	b.n	8004386 <_printf_float+0x23a>
 800458e:	f04f 0800 	mov.w	r8, #0
 8004592:	e7f6      	b.n	8004582 <_printf_float+0x436>

08004594 <malloc>:
 8004594:	4b02      	ldr	r3, [pc, #8]	@ (80045a0 <malloc+0xc>)
 8004596:	4601      	mov	r1, r0
 8004598:	6818      	ldr	r0, [r3, #0]
 800459a:	f000 b825 	b.w	80045e8 <_malloc_r>
 800459e:	bf00      	nop
 80045a0:	20000010 	.word	0x20000010

080045a4 <sbrk_aligned>:
 80045a4:	b570      	push	{r4, r5, r6, lr}
 80045a6:	4c0f      	ldr	r4, [pc, #60]	@ (80045e4 <sbrk_aligned+0x40>)
 80045a8:	460e      	mov	r6, r1
 80045aa:	6821      	ldr	r1, [r4, #0]
 80045ac:	4605      	mov	r5, r0
 80045ae:	b911      	cbnz	r1, 80045b6 <sbrk_aligned+0x12>
 80045b0:	f000 fb7e 	bl	8004cb0 <_sbrk_r>
 80045b4:	6020      	str	r0, [r4, #0]
 80045b6:	4631      	mov	r1, r6
 80045b8:	4628      	mov	r0, r5
 80045ba:	f000 fb79 	bl	8004cb0 <_sbrk_r>
 80045be:	1c43      	adds	r3, r0, #1
 80045c0:	d103      	bne.n	80045ca <sbrk_aligned+0x26>
 80045c2:	f04f 34ff 	mov.w	r4, #4294967295	@ 0xffffffff
 80045c6:	4620      	mov	r0, r4
 80045c8:	bd70      	pop	{r4, r5, r6, pc}
 80045ca:	1cc4      	adds	r4, r0, #3
 80045cc:	f024 0403 	bic.w	r4, r4, #3
 80045d0:	42a0      	cmp	r0, r4
 80045d2:	d0f8      	beq.n	80045c6 <sbrk_aligned+0x22>
 80045d4:	1a21      	subs	r1, r4, r0
 80045d6:	4628      	mov	r0, r5
 80045d8:	f000 fb6a 	bl	8004cb0 <_sbrk_r>
 80045dc:	3001      	adds	r0, #1
 80045de:	d1f2      	bne.n	80045c6 <sbrk_aligned+0x22>
 80045e0:	e7ef      	b.n	80045c2 <sbrk_aligned+0x1e>
 80045e2:	bf00      	nop
 80045e4:	20001e74 	.word	0x20001e74

080045e8 <_malloc_r>:
 80045e8:	e92d 43f8 	stmdb	sp!, {r3, r4, r5, r6, r7, r8, r9, lr}
 80045ec:	1ccd      	adds	r5, r1, #3
 80045ee:	f025 0503 	bic.w	r5, r5, #3
 80045f2:	3508      	adds	r5, #8
 80045f4:	2d0c      	cmp	r5, #12
 80045f6:	bf38      	it	cc
 80045f8:	250c      	movcc	r5, #12
 80045fa:	2d00      	cmp	r5, #0
 80045fc:	4606      	mov	r6, r0
 80045fe:	db01      	blt.n	8004604 <_malloc_r+0x1c>
 8004600:	42a9      	cmp	r1, r5
 8004602:	d904      	bls.n	800460e <_malloc_r+0x26>
 8004604:	230c      	movs	r3, #12
 8004606:	6033      	str	r3, [r6, #0]
 8004608:	2000      	movs	r0, #0
 800460a:	e8bd 83f8 	ldmia.w	sp!, {r3, r4, r5, r6, r7, r8, r9, pc}
 800460e:	4f33      	ldr	r7, [pc, #204]	@ (80046dc <_malloc_r+0xf4>)
 8004610:	f000 fa06 	bl	8004a20 <__malloc_lock>
 8004614:	683b      	ldr	r3, [r7, #0]
 8004616:	461c      	mov	r4, r3
 8004618:	bb3c      	cbnz	r4, 800466a <_malloc_r+0x82>
 800461a:	4629      	mov	r1, r5
 800461c:	4630      	mov	r0, r6
 800461e:	f7ff ffc1 	bl	80045a4 <sbrk_aligned>
 8004622:	1c43      	adds	r3, r0, #1
 8004624:	4604      	mov	r4, r0
 8004626:	d156      	bne.n	80046d6 <_malloc_r+0xee>
 8004628:	683c      	ldr	r4, [r7, #0]
 800462a:	46a0      	mov	r8, r4
 800462c:	f1b8 0f00 	cmp.w	r8, #0
 8004630:	d140      	bne.n	80046b4 <_malloc_r+0xcc>
 8004632:	2c00      	cmp	r4, #0
 8004634:	d049      	beq.n	80046ca <_malloc_r+0xe2>
 8004636:	6823      	ldr	r3, [r4, #0]
 8004638:	4641      	mov	r1, r8
 800463a:	4630      	mov	r0, r6
 800463c:	eb04 0903 	add.w	r9, r4, r3
 8004640:	f000 fb36 	bl	8004cb0 <_sbrk_r>
 8004644:	4581      	cmp	r9, r0
 8004646:	d140      	bne.n	80046ca <_malloc_r+0xe2>
 8004648:	6821      	ldr	r1, [r4, #0]
 800464a:	1a6d      	subs	r5, r5, r1
 800464c:	4629      	mov	r1, r5
 800464e:	4630      	mov	r0, r6
 8004650:	f7ff ffa8 	bl	80045a4 <sbrk_aligned>
 8004654:	3001      	adds	r0, #1
 8004656:	d038      	beq.n	80046ca <_malloc_r+0xe2>
 8004658:	6823      	ldr	r3, [r4, #0]
 800465a:	442b      	add	r3, r5
 800465c:	6023      	str	r3, [r4, #0]
 800465e:	683b      	ldr	r3, [r7, #0]
 8004660:	685a      	ldr	r2, [r3, #4]
 8004662:	bb5a      	cbnz	r2, 80046bc <_malloc_r+0xd4>
 8004664:	f8c7 8000 	str.w	r8, [r7]
 8004668:	e00e      	b.n	8004688 <_malloc_r+0xa0>
 800466a:	6822      	ldr	r2, [r4, #0]
 800466c:	1b52      	subs	r2, r2, r5
 800466e:	d41e      	bmi.n	80046ae <_malloc_r+0xc6>
 8004670:	2a0b      	cmp	r2, #11
 8004672:	d916      	bls.n	80046a2 <_malloc_r+0xba>
 8004674:	1961      	adds	r1, r4, r5
 8004676:	42a3      	cmp	r3, r4
 8004678:	6025      	str	r5, [r4, #0]
 800467a:	bf18      	it	ne
 800467c:	6059      	strne	r1, [r3, #4]
 800467e:	6863      	ldr	r3, [r4, #4]
 8004680:	bf08      	it	eq
 8004682:	6039      	streq	r1, [r7, #0]
 8004684:	5162      	str	r2, [r4, r5]
 8004686:	604b      	str	r3, [r1, #4]
 8004688:	4630      	mov	r0, r6
 800468a:	f000 f9cf 	bl	8004a2c <__malloc_unlock>
 800468e:	f104 000b 	add.w	r0, r4, #11
 8004692:	1d23      	adds	r3, r4, #4
 8004694:	f020 0007 	bic.w	r0, r0, #7
 8004698:	1ac2      	subs	r2, r0, r3
 800469a:	bf1c      	itt	ne
 800469c:	1a1b      	subne	r3, r3, r0
 800469e:	50a3      	strne	r3, [r4, r2]
 80046a0:	e7b3      	b.n	800460a <_malloc_r+0x22>
 80046a2:	6862      	ldr	r2, [r4, #4]
 80046a4:	42a3      	cmp	r3, r4
 80046a6:	bf0c      	ite	eq
 80046a8:	603a      	streq	r2, [r7, #0]
 80046aa:	605a      	strne	r2, [r3, #4]
 80046ac:	e7ec      	b.n	8004688 <_malloc_r+0xa0>
 80046ae:	4623      	mov	r3, r4
 80046b0:	6864      	ldr	r4, [r4, #4]
 80046b2:	e7b1      	b.n	8004618 <_malloc_r+0x30>
 80046b4:	4644      	mov	r4, r8
 80046b6:	f8d8 8004 	ldr.w	r8, [r8, #4]
 80046ba:	e7b7      	b.n	800462c <_malloc_r+0x44>
 80046bc:	461a      	mov	r2, r3
 80046be:	685b      	ldr	r3, [r3, #4]
 80046c0:	42a3      	cmp	r3, r4
 80046c2:	d1fb      	bne.n	80046bc <_malloc_r+0xd4>
 80046c4:	2300      	movs	r3, #0
 80046c6:	6053      	str	r3, [r2, #4]
 80046c8:	e7de      	b.n	8004688 <_malloc_r+0xa0>
 80046ca:	230c      	movs	r3, #12
 80046cc:	6033      	str	r3, [r6, #0]
 80046ce:	4630      	mov	r0, r6
 80046d0:	f000 f9ac 	bl	8004a2c <__malloc_unlock>
 80046d4:	e798      	b.n	8004608 <_malloc_r+0x20>
 80046d6:	6005      	str	r5, [r0, #0]
 80046d8:	e7d6      	b.n	8004688 <_malloc_r+0xa0>
 80046da:	bf00      	nop
 80046dc:	20001e78 	.word	0x20001e78

080046e0 <_printf_common>:
 80046e0:	e92d 47f0 	stmdb	sp!, {r4, r5, r6, r7, r8, r9, sl, lr}
 80046e4:	4691      	mov	r9, r2
 80046e6:	4698      	mov	r8, r3
 80046e8:	688a      	ldr	r2, [r1, #8]
 80046ea:	690b      	ldr	r3, [r1, #16]
 80046ec:	9e08      	ldr	r6, [sp, #32]
 80046ee:	4293      	cmp	r3, r2
 80046f0:	bfb8      	it	lt
 80046f2:	4613      	movlt	r3, r2
 80046f4:	f8c9 3000 	str.w	r3, [r9]
 80046f8:	f891 2043 	ldrb.w	r2, [r1, #67]	@ 0x43
 80046fc:	4607      	mov	r7, r0
 80046fe:	460c      	mov	r4, r1
 8004700:	b112      	cbz	r2, 8004708 <_printf_common+0x28>
 8004702:	3301      	adds	r3, #1
 8004704:	f8c9 3000 	str.w	r3, [r9]
 8004708:	6823      	ldr	r3, [r4, #0]
 800470a:	0699      	lsls	r1, r3, #26
 800470c:	bf42      	ittt	mi
 800470e:	f8d9 3000 	ldrmi.w	r3, [r9]
 8004712:	3302      	addmi	r3, #2
 8004714:	f8c9 3000 	strmi.w	r3, [r9]
 8004718:	6825      	ldr	r5, [r4, #0]
 800471a:	f015 0506 	ands.w	r5, r5, #6
 800471e:	d107      	bne.n	8004730 <_printf_common+0x50>
 8004720:	f104 0a19 	add.w	sl, r4, #25
 8004724:	68e3      	ldr	r3, [r4, #12]
 8004726:	f8d9 2000 	ldr.w	r2, [r9]
 800472a:	1a9b      	subs	r3, r3, r2
 800472c:	42ab      	cmp	r3, r5
 800472e:	dc29      	bgt.n	8004784 <_printf_common+0xa4>
 8004730:	f894 3043 	ldrb.w	r3, [r4, #67]	@ 0x43
 8004734:	6822      	ldr	r2, [r4, #0]
 8004736:	3b00      	subs	r3, #0
 8004738:	bf18      	it	ne
 800473a:	2301      	movne	r3, #1
 800473c:	0692      	lsls	r2, r2, #26
 800473e:	d42e      	bmi.n	800479e <_printf_common+0xbe>
 8004740:	f104 0243 	add.w	r2, r4, #67	@ 0x43
 8004744:	4641      	mov	r1, r8
 8004746:	4638      	mov	r0, r7
 8004748:	47b0      	blx	r6
 800474a:	3001      	adds	r0, #1
 800474c:	d021      	beq.n	8004792 <_printf_common+0xb2>
 800474e:	6823      	ldr	r3, [r4, #0]
 8004750:	68a1      	ldr	r1, [r4, #8]
 8004752:	6922      	ldr	r2, [r4, #16]
 8004754:	f003 0306 	and.w	r3, r3, #6
 8004758:	2b04      	cmp	r3, #4
 800475a:	bf01      	itttt	eq
 800475c:	68e5      	ldreq	r5, [r4, #12]
 800475e:	f8d9 3000 	ldreq.w	r3, [r9]
 8004762:	1aed      	subeq	r5, r5, r3
 8004764:	ea25 75e5 	biceq.w	r5, r5, r5, asr #31
 8004768:	bf18      	it	ne
 800476a:	2500      	movne	r5, #0
 800476c:	1a8b      	subs	r3, r1, r2
 800476e:	442b      	add	r3, r5
 8004770:	4291      	cmp	r1, r2
 8004772:	bfc8      	it	gt
 8004774:	461d      	movgt	r5, r3
 8004776:	f04f 0900 	mov.w	r9, #0
 800477a:	341a      	adds	r4, #26
 800477c:	454d      	cmp	r5, r9
 800477e:	d11a      	bne.n	80047b6 <_printf_common+0xd6>
 8004780:	2000      	movs	r0, #0
 8004782:	e008      	b.n	8004796 <_printf_common+0xb6>
 8004784:	2301      	movs	r3, #1
 8004786:	4652      	mov	r2, sl
 8004788:	4641      	mov	r1, r8
 800478a:	4638      	mov	r0, r7
 800478c:	47b0      	blx	r6
 800478e:	3001      	adds	r0, #1
 8004790:	d103      	bne.n	800479a <_printf_common+0xba>
 8004792:	f04f 30ff 	mov.w	r0, #4294967295	@ 0xffffffff
 8004796:	e8bd 87f0 	ldmia.w	sp!, {r4, r5, r6, r7, r8, r9, sl, pc}
 800479a:	3501      	adds	r5, #1
 800479c:	e7c2      	b.n	8004724 <_printf_common+0x44>
 800479e:	18e1      	adds	r1, r4, r3
 80047a0:	1c5a      	adds	r2, r3, #1
 80047a2:	2030      	movs	r0, #48	@ 0x30
 80047a4:	f881 0043 	strb.w	r0, [r1, #67]	@ 0x43
 80047a8:	4422      	add	r2, r4
 80047aa:	f894 1045 	ldrb.w	r1, [r4, #69]	@ 0x45
 80047ae:	f882 1043 	strb.w	r1, [r2, #67]	@ 0x43
 80047b2:	3302      	adds	r3, #2
 80047b4:	e7c4      	b.n	8004740 <_printf_common+0x60>
 80047b6:	2301      	movs	r3, #1
 80047b8:	4622      	mov	r2, r4
 80047ba:	4641      	mov	r1, r8
 80047bc:	4638      	mov	r0, r7
 80047be:	47b0      	blx	r6
 80047c0:	3001      	adds	r0, #1
 80047c2:	d0e6      	beq.n	8004792 <_printf_common+0xb2>
 80047c4:	f109 0901 	add.w	r9, r9, #1
 80047c8:	e7d8      	b.n	800477c <_printf_common+0x9c>
	...

080047cc <_printf_i>:
 80047cc:	e92d 43f0 	stmdb	sp!, {r4, r5, r6, r7, r8, r9, lr}
 80047d0:	4698      	mov	r8, r3
 80047d2:	7e0b      	ldrb	r3, [r1, #24]
 80047d4:	b085      	sub	sp, #20
 80047d6:	2b78      	cmp	r3, #120	@ 0x78
 80047d8:	4617      	mov	r7, r2
 80047da:	4606      	mov	r6, r0
 80047dc:	9a0c      	ldr	r2, [sp, #48]	@ 0x30
 80047de:	460c      	mov	r4, r1
 80047e0:	d809      	bhi.n	80047f6 <_printf_i+0x2a>
 80047e2:	2b62      	cmp	r3, #98	@ 0x62
 80047e4:	f101 0143 	add.w	r1, r1, #67	@ 0x43
 80047e8:	d808      	bhi.n	80047fc <_printf_i+0x30>
 80047ea:	2b00      	cmp	r3, #0
 80047ec:	f000 80dc 	beq.w	80049a8 <_printf_i+0x1dc>
 80047f0:	2b58      	cmp	r3, #88	@ 0x58
 80047f2:	f000 80bd 	beq.w	8004970 <_printf_i+0x1a4>
 80047f6:	f104 0542 	add.w	r5, r4, #66	@ 0x42
 80047fa:	e039      	b.n	8004870 <_printf_i+0xa4>
 80047fc:	f1a3 0063 	sub.w	r0, r3, #99	@ 0x63
 8004800:	2815      	cmp	r0, #21
 8004802:	d8f8      	bhi.n	80047f6 <_printf_i+0x2a>
 8004804:	a501      	add	r5, pc, #4	@ (adr r5, 800480c <_printf_i+0x40>)
 8004806:	f855 f020 	ldr.w	pc, [r5, r0, lsl #2]
 800480a:	bf00      	nop
 800480c:	08004865 	.word	0x08004865
 8004810:	08004879 	.word	0x08004879
 8004814:	080047f7 	.word	0x080047f7
 8004818:	080047f7 	.word	0x080047f7
 800481c:	080047f7 	.word	0x080047f7
 8004820:	080047f7 	.word	0x080047f7
 8004824:	08004879 	.word	0x08004879
 8004828:	080047f7 	.word	0x080047f7
 800482c:	080047f7 	.word	0x080047f7
 8004830:	080047f7 	.word	0x080047f7
 8004834:	080047f7 	.word	0x080047f7
 8004838:	08004989 	.word	0x08004989
 800483c:	080048a5 	.word	0x080048a5
 8004840:	08004937 	.word	0x08004937
 8004844:	080047f7 	.word	0x080047f7
 8004848:	080047f7 	.word	0x080047f7
 800484c:	080049b1 	.word	0x080049b1
 8004850:	080047f7 	.word	0x080047f7
 8004854:	080048a5 	.word	0x080048a5
 8004858:	080047f7 	.word	0x080047f7
 800485c:	080047f7 	.word	0x080047f7
 8004860:	0800493f 	.word	0x0800493f
 8004864:	6813      	ldr	r3, [r2, #0]
 8004866:	1d19      	adds	r1, r3, #4
 8004868:	681b      	ldr	r3, [r3, #0]
 800486a:	6011      	str	r1, [r2, #0]
 800486c:	f104 0542 	add.w	r5, r4, #66	@ 0x42
 8004870:	f884 3042 	strb.w	r3, [r4, #66]	@ 0x42
 8004874:	2301      	movs	r3, #1
 8004876:	e0a8      	b.n	80049ca <_printf_i+0x1fe>
 8004878:	6813      	ldr	r3, [r2, #0]
 800487a:	6825      	ldr	r5, [r4, #0]
 800487c:	1d18      	adds	r0, r3, #4
 800487e:	6010      	str	r0, [r2, #0]
 8004880:	0628      	lsls	r0, r5, #24
 8004882:	d501      	bpl.n	8004888 <_printf_i+0xbc>
 8004884:	681b      	ldr	r3, [r3, #0]
 8004886:	e003      	b.n	8004890 <_printf_i+0xc4>
 8004888:	066a      	lsls	r2, r5, #25
 800488a:	d5fb      	bpl.n	8004884 <_printf_i+0xb8>
 800488c:	f9b3 3000 	ldrsh.w	r3, [r3]
 8004890:	2b00      	cmp	r3, #0
 8004892:	da03      	bge.n	800489c <_printf_i+0xd0>
 8004894:	222d      	movs	r2, #45	@ 0x2d
 8004896:	425b      	negs	r3, r3
 8004898:	f884 2043 	strb.w	r2, [r4, #67]	@ 0x43
 800489c:	f8df c178 	ldr.w	ip, [pc, #376]	@ 8004a18 <_printf_i+0x24c>
 80048a0:	220a      	movs	r2, #10
 80048a2:	e013      	b.n	80048cc <_printf_i+0x100>
 80048a4:	6825      	ldr	r5, [r4, #0]
 80048a6:	6810      	ldr	r0, [r2, #0]
 80048a8:	f015 0f80 	tst.w	r5, #128	@ 0x80
 80048ac:	f850 3b04 	ldr.w	r3, [r0], #4
 80048b0:	d102      	bne.n	80048b8 <_printf_i+0xec>
 80048b2:	066d      	lsls	r5, r5, #25
 80048b4:	bf48      	it	mi
 80048b6:	b29b      	uxthmi	r3, r3
 80048b8:	6010      	str	r0, [r2, #0]
 80048ba:	7e22      	ldrb	r2, [r4, #24]
 80048bc:	f8df c158 	ldr.w	ip, [pc, #344]	@ 8004a18 <_printf_i+0x24c>
 80048c0:	2a6f      	cmp	r2, #111	@ 0x6f
 80048c2:	d15d      	bne.n	8004980 <_printf_i+0x1b4>
 80048c4:	2208      	movs	r2, #8
 80048c6:	2000      	movs	r0, #0
 80048c8:	f884 0043 	strb.w	r0, [r4, #67]	@ 0x43
 80048cc:	6865      	ldr	r5, [r4, #4]
 80048ce:	60a5      	str	r5, [r4, #8]
 80048d0:	2d00      	cmp	r5, #0
 80048d2:	db05      	blt.n	80048e0 <_printf_i+0x114>
 80048d4:	6820      	ldr	r0, [r4, #0]
 80048d6:	431d      	orrs	r5, r3
 80048d8:	f020 0004 	bic.w	r0, r0, #4
 80048dc:	6020      	str	r0, [r4, #0]
 80048de:	d051      	beq.n	8004984 <_printf_i+0x1b8>
 80048e0:	460d      	mov	r5, r1
 80048e2:	fbb3 f0f2 	udiv	r0, r3, r2
 80048e6:	fb02 3e10 	mls	lr, r2, r0, r3
 80048ea:	429a      	cmp	r2, r3
 80048ec:	f81c e00e 	ldrb.w	lr, [ip, lr]
 80048f0:	f805 ed01 	strb.w	lr, [r5, #-1]!
 80048f4:	4603      	mov	r3, r0
 80048f6:	d9f4      	bls.n	80048e2 <_printf_i+0x116>
 80048f8:	2a08      	cmp	r2, #8
 80048fa:	d10b      	bne.n	8004914 <_printf_i+0x148>
 80048fc:	6823      	ldr	r3, [r4, #0]
 80048fe:	07da      	lsls	r2, r3, #31
 8004900:	d508      	bpl.n	8004914 <_printf_i+0x148>
 8004902:	6923      	ldr	r3, [r4, #16]
 8004904:	6862      	ldr	r2, [r4, #4]
 8004906:	429a      	cmp	r2, r3
 8004908:	bfde      	ittt	le
 800490a:	2330      	movle	r3, #48	@ 0x30
 800490c:	f805 3c01 	strble.w	r3, [r5, #-1]
 8004910:	f105 35ff 	addle.w	r5, r5, #4294967295	@ 0xffffffff
 8004914:	1b49      	subs	r1, r1, r5
 8004916:	6121      	str	r1, [r4, #16]
 8004918:	f8cd 8000 	str.w	r8, [sp]
 800491c:	463b      	mov	r3, r7
 800491e:	aa03      	add	r2, sp, #12
 8004920:	4621      	mov	r1, r4
 8004922:	4630      	mov	r0, r6
 8004924:	f7ff fedc 	bl	80046e0 <_printf_common>
 8004928:	3001      	adds	r0, #1
 800492a:	d153      	bne.n	80049d4 <_printf_i+0x208>
 800492c:	f04f 30ff 	mov.w	r0, #4294967295	@ 0xffffffff
 8004930:	b005      	add	sp, #20
 8004932:	e8bd 83f0 	ldmia.w	sp!, {r4, r5, r6, r7, r8, r9, pc}
 8004936:	6823      	ldr	r3, [r4, #0]
 8004938:	f043 0320 	orr.w	r3, r3, #32
 800493c:	6023      	str	r3, [r4, #0]
 800493e:	f8df c0dc 	ldr.w	ip, [pc, #220]	@ 8004a1c <_printf_i+0x250>
 8004942:	2378      	movs	r3, #120	@ 0x78
 8004944:	f884 3045 	strb.w	r3, [r4, #69]	@ 0x45
 8004948:	6820      	ldr	r0, [r4, #0]
 800494a:	6815      	ldr	r5, [r2, #0]
 800494c:	f010 0f80 	tst.w	r0, #128	@ 0x80
 8004950:	f855 3b04 	ldr.w	r3, [r5], #4
 8004954:	d103      	bne.n	800495e <_printf_i+0x192>
 8004956:	f010 0f40 	tst.w	r0, #64	@ 0x40
 800495a:	bf18      	it	ne
 800495c:	b29b      	uxthne	r3, r3
 800495e:	6015      	str	r5, [r2, #0]
 8004960:	07c5      	lsls	r5, r0, #31
 8004962:	bf44      	itt	mi
 8004964:	f040 0020 	orrmi.w	r0, r0, #32
 8004968:	6020      	strmi	r0, [r4, #0]
 800496a:	b123      	cbz	r3, 8004976 <_printf_i+0x1aa>
 800496c:	2210      	movs	r2, #16
 800496e:	e7aa      	b.n	80048c6 <_printf_i+0xfa>
 8004970:	f8df c0a4 	ldr.w	ip, [pc, #164]	@ 8004a18 <_printf_i+0x24c>
 8004974:	e7e6      	b.n	8004944 <_printf_i+0x178>
 8004976:	6822      	ldr	r2, [r4, #0]
 8004978:	f022 0220 	bic.w	r2, r2, #32
 800497c:	6022      	str	r2, [r4, #0]
 800497e:	e7f5      	b.n	800496c <_printf_i+0x1a0>
 8004980:	220a      	movs	r2, #10
 8004982:	e7a0      	b.n	80048c6 <_printf_i+0xfa>
 8004984:	460d      	mov	r5, r1
 8004986:	e7b7      	b.n	80048f8 <_printf_i+0x12c>
 8004988:	6813      	ldr	r3, [r2, #0]
 800498a:	f8d4 c000 	ldr.w	ip, [r4]
 800498e:	6960      	ldr	r0, [r4, #20]
 8004990:	1d1d      	adds	r5, r3, #4
 8004992:	6015      	str	r5, [r2, #0]
 8004994:	f01c 0f80 	tst.w	ip, #128	@ 0x80
 8004998:	681b      	ldr	r3, [r3, #0]
 800499a:	d001      	beq.n	80049a0 <_printf_i+0x1d4>
 800499c:	6018      	str	r0, [r3, #0]
 800499e:	e003      	b.n	80049a8 <_printf_i+0x1dc>
 80049a0:	f01c 0f40 	tst.w	ip, #64	@ 0x40
 80049a4:	d0fa      	beq.n	800499c <_printf_i+0x1d0>
 80049a6:	8018      	strh	r0, [r3, #0]
 80049a8:	2300      	movs	r3, #0
 80049aa:	6123      	str	r3, [r4, #16]
 80049ac:	460d      	mov	r5, r1
 80049ae:	e7b3      	b.n	8004918 <_printf_i+0x14c>
 80049b0:	6813      	ldr	r3, [r2, #0]
 80049b2:	1d19      	adds	r1, r3, #4
 80049b4:	6011      	str	r1, [r2, #0]
 80049b6:	681d      	ldr	r5, [r3, #0]
 80049b8:	6862      	ldr	r2, [r4, #4]
 80049ba:	2100      	movs	r1, #0
 80049bc:	4628      	mov	r0, r5
 80049be:	f7fe fdcf 	bl	8003560 <memchr>
 80049c2:	b108      	cbz	r0, 80049c8 <_printf_i+0x1fc>
 80049c4:	1b40      	subs	r0, r0, r5
 80049c6:	6060      	str	r0, [r4, #4]
 80049c8:	6863      	ldr	r3, [r4, #4]
 80049ca:	6123      	str	r3, [r4, #16]
 80049cc:	2300      	movs	r3, #0
 80049ce:	f884 3043 	strb.w	r3, [r4, #67]	@ 0x43
 80049d2:	e7a1      	b.n	8004918 <_printf_i+0x14c>
 80049d4:	6923      	ldr	r3, [r4, #16]
 80049d6:	462a      	mov	r2, r5
 80049d8:	4639      	mov	r1, r7
 80049da:	4630      	mov	r0, r6
 80049dc:	47c0      	blx	r8
 80049de:	3001      	adds	r0, #1
 80049e0:	d0a4      	beq.n	800492c <_printf_i+0x160>
 80049e2:	6823      	ldr	r3, [r4, #0]
 80049e4:	079b      	lsls	r3, r3, #30
 80049e6:	d414      	bmi.n	8004a12 <_printf_i+0x246>
 80049e8:	68e0      	ldr	r0, [r4, #12]
 80049ea:	9b03      	ldr	r3, [sp, #12]
 80049ec:	4298      	cmp	r0, r3
 80049ee:	bfb8      	it	lt
 80049f0:	4618      	movlt	r0, r3
 80049f2:	e79d      	b.n	8004930 <_printf_i+0x164>
 80049f4:	2301      	movs	r3, #1
 80049f6:	f104 0219 	add.w	r2, r4, #25
 80049fa:	4639      	mov	r1, r7
 80049fc:	4630      	mov	r0, r6
 80049fe:	47c0      	blx	r8
 8004a00:	3001      	adds	r0, #1
 8004a02:	d093      	beq.n	800492c <_printf_i+0x160>
 8004a04:	3501      	adds	r5, #1
 8004a06:	68e3      	ldr	r3, [r4, #12]
 8004a08:	9903      	ldr	r1, [sp, #12]
 8004a0a:	1a5b      	subs	r3, r3, r1
 8004a0c:	42ab      	cmp	r3, r5
 8004a0e:	dcf1      	bgt.n	80049f4 <_printf_i+0x228>
 8004a10:	e7ea      	b.n	80049e8 <_printf_i+0x21c>
 8004a12:	2500      	movs	r5, #0
 8004a14:	e7f7      	b.n	8004a06 <_printf_i+0x23a>
 8004a16:	bf00      	nop
 8004a18:	080071d1 	.word	0x080071d1
 8004a1c:	080071e2 	.word	0x080071e2

08004a20 <__malloc_lock>:
 8004a20:	4801      	ldr	r0, [pc, #4]	@ (8004a28 <__malloc_lock+0x8>)
 8004a22:	f000 b980 	b.w	8004d26 <__retarget_lock_acquire_recursive>
 8004a26:	bf00      	nop
 8004a28:	20001fb8 	.word	0x20001fb8

08004a2c <__malloc_unlock>:
 8004a2c:	4801      	ldr	r0, [pc, #4]	@ (8004a34 <__malloc_unlock+0x8>)
 8004a2e:	f000 b97b 	b.w	8004d28 <__retarget_lock_release_recursive>
 8004a32:	bf00      	nop
 8004a34:	20001fb8 	.word	0x20001fb8

08004a38 <std>:
 8004a38:	2300      	movs	r3, #0
 8004a3a:	b510      	push	{r4, lr}
 8004a3c:	4604      	mov	r4, r0
 8004a3e:	e9c0 3300 	strd	r3, r3, [r0]
 8004a42:	e9c0 3304 	strd	r3, r3, [r0, #16]
 8004a46:	6083      	str	r3, [r0, #8]
 8004a48:	8181      	strh	r1, [r0, #12]
 8004a4a:	6643      	str	r3, [r0, #100]	@ 0x64
 8004a4c:	81c2      	strh	r2, [r0, #14]
 8004a4e:	6183      	str	r3, [r0, #24]
 8004a50:	4619      	mov	r1, r3
 8004a52:	2208      	movs	r2, #8
 8004a54:	305c      	adds	r0, #92	@ 0x5c
 8004a56:	f000 f923 	bl	8004ca0 <memset>
 8004a5a:	4b0d      	ldr	r3, [pc, #52]	@ (8004a90 <std+0x58>)
 8004a5c:	6263      	str	r3, [r4, #36]	@ 0x24
 8004a5e:	4b0d      	ldr	r3, [pc, #52]	@ (8004a94 <std+0x5c>)
 8004a60:	62a3      	str	r3, [r4, #40]	@ 0x28
 8004a62:	4b0d      	ldr	r3, [pc, #52]	@ (8004a98 <std+0x60>)
 8004a64:	62e3      	str	r3, [r4, #44]	@ 0x2c
 8004a66:	4b0d      	ldr	r3, [pc, #52]	@ (8004a9c <std+0x64>)
 8004a68:	6323      	str	r3, [r4, #48]	@ 0x30
 8004a6a:	4b0d      	ldr	r3, [pc, #52]	@ (8004aa0 <std+0x68>)
 8004a6c:	6224      	str	r4, [r4, #32]
 8004a6e:	429c      	cmp	r4, r3
 8004a70:	d006      	beq.n	8004a80 <std+0x48>
 8004a72:	f103 0268 	add.w	r2, r3, #104	@ 0x68
 8004a76:	4294      	cmp	r4, r2
 8004a78:	d002      	beq.n	8004a80 <std+0x48>
 8004a7a:	33d0      	adds	r3, #208	@ 0xd0
 8004a7c:	429c      	cmp	r4, r3
 8004a7e:	d105      	bne.n	8004a8c <std+0x54>
 8004a80:	f104 0058 	add.w	r0, r4, #88	@ 0x58
 8004a84:	e8bd 4010 	ldmia.w	sp!, {r4, lr}
 8004a88:	f000 b94c 	b.w	8004d24 <__retarget_lock_init_recursive>
 8004a8c:	bd10      	pop	{r4, pc}
 8004a8e:	bf00      	nop
 8004a90:	0800644d 	.word	0x0800644d
 8004a94:	0800646f 	.word	0x0800646f
 8004a98:	080064a7 	.word	0x080064a7
 8004a9c:	080064cd 	.word	0x080064cd
 8004aa0:	20001e7c 	.word	0x20001e7c

08004aa4 <stdio_exit_handler>:
 8004aa4:	4a02      	ldr	r2, [pc, #8]	@ (8004ab0 <stdio_exit_handler+0xc>)
 8004aa6:	4903      	ldr	r1, [pc, #12]	@ (8004ab4 <stdio_exit_handler+0x10>)
 8004aa8:	4803      	ldr	r0, [pc, #12]	@ (8004ab8 <stdio_exit_handler+0x14>)
 8004aaa:	f000 b86b 	b.w	8004b84 <_fwalk_sglue>
 8004aae:	bf00      	nop
 8004ab0:	20000004 	.word	0x20000004
 8004ab4:	080065d5 	.word	0x080065d5
 8004ab8:	20000014 	.word	0x20000014

08004abc <cleanup_stdio>:
 8004abc:	6841      	ldr	r1, [r0, #4]
 8004abe:	4b0c      	ldr	r3, [pc, #48]	@ (8004af0 <cleanup_stdio+0x34>)
 8004ac0:	4299      	cmp	r1, r3
 8004ac2:	b510      	push	{r4, lr}
 8004ac4:	4604      	mov	r4, r0
 8004ac6:	d001      	beq.n	8004acc <cleanup_stdio+0x10>
 8004ac8:	f001 fd84 	bl	80065d4 <_fflush_r>
 8004acc:	68a1      	ldr	r1, [r4, #8]
 8004ace:	4b09      	ldr	r3, [pc, #36]	@ (8004af4 <cleanup_stdio+0x38>)
 8004ad0:	4299      	cmp	r1, r3
 8004ad2:	d002      	beq.n	8004ada <cleanup_stdio+0x1e>
 8004ad4:	4620      	mov	r0, r4
 8004ad6:	f001 fd7d 	bl	80065d4 <_fflush_r>
 8004ada:	68e1      	ldr	r1, [r4, #12]
 8004adc:	4b06      	ldr	r3, [pc, #24]	@ (8004af8 <cleanup_stdio+0x3c>)
 8004ade:	4299      	cmp	r1, r3
 8004ae0:	d004      	beq.n	8004aec <cleanup_stdio+0x30>
 8004ae2:	4620      	mov	r0, r4
 8004ae4:	e8bd 4010 	ldmia.w	sp!, {r4, lr}
 8004ae8:	f001 bd74 	b.w	80065d4 <_fflush_r>
 8004aec:	bd10      	pop	{r4, pc}
 8004aee:	bf00      	nop
 8004af0:	20001e7c 	.word	0x20001e7c
 8004af4:	20001ee4 	.word	0x20001ee4
 8004af8:	20001f4c 	.word	0x20001f4c

08004afc <global_stdio_init.part.0>:
 8004afc:	b510      	push	{r4, lr}
 8004afe:	4b0a      	ldr	r3, [pc, #40]	@ (8004b28 <global_stdio_init.part.0+0x2c>)
 8004b00:	4a0a      	ldr	r2, [pc, #40]	@ (8004b2c <global_stdio_init.part.0+0x30>)
 8004b02:	601a      	str	r2, [r3, #0]
 8004b04:	480a      	ldr	r0, [pc, #40]	@ (8004b30 <global_stdio_init.part.0+0x34>)
 8004b06:	2200      	movs	r2, #0
 8004b08:	2104      	movs	r1, #4
 8004b0a:	f7ff ff95 	bl	8004a38 <std>
 8004b0e:	4809      	ldr	r0, [pc, #36]	@ (8004b34 <global_stdio_init.part.0+0x38>)
 8004b10:	2201      	movs	r2, #1
 8004b12:	2109      	movs	r1, #9
 8004b14:	f7ff ff90 	bl	8004a38 <std>
 8004b18:	e8bd 4010 	ldmia.w	sp!, {r4, lr}
 8004b1c:	4806      	ldr	r0, [pc, #24]	@ (8004b38 <global_stdio_init.part.0+0x3c>)
 8004b1e:	2202      	movs	r2, #2
 8004b20:	2112      	movs	r1, #18
 8004b22:	f7ff bf89 	b.w	8004a38 <std>
 8004b26:	bf00      	nop
 8004b28:	20001fb4 	.word	0x20001fb4
 8004b2c:	08004aa5 	.word	0x08004aa5
 8004b30:	20001e7c 	.word	0x20001e7c
 8004b34:	20001ee4 	.word	0x20001ee4
 8004b38:	20001f4c 	.word	0x20001f4c

08004b3c <__sfp_lock_acquire>:
 8004b3c:	4801      	ldr	r0, [pc, #4]	@ (8004b44 <__sfp_lock_acquire+0x8>)
 8004b3e:	f000 b8f2 	b.w	8004d26 <__retarget_lock_acquire_recursive>
 8004b42:	bf00      	nop
 8004b44:	20001fb9 	.word	0x20001fb9

08004b48 <__sfp_lock_release>:
 8004b48:	4801      	ldr	r0, [pc, #4]	@ (8004b50 <__sfp_lock_release+0x8>)
 8004b4a:	f000 b8ed 	b.w	8004d28 <__retarget_lock_release_recursive>
 8004b4e:	bf00      	nop
 8004b50:	20001fb9 	.word	0x20001fb9

08004b54 <__sinit>:
 8004b54:	b510      	push	{r4, lr}
 8004b56:	4604      	mov	r4, r0
 8004b58:	f7ff fff0 	bl	8004b3c <__sfp_lock_acquire>
 8004b5c:	6a23      	ldr	r3, [r4, #32]
 8004b5e:	b11b      	cbz	r3, 8004b68 <__sinit+0x14>
 8004b60:	e8bd 4010 	ldmia.w	sp!, {r4, lr}
 8004b64:	f7ff bff0 	b.w	8004b48 <__sfp_lock_release>
 8004b68:	4b04      	ldr	r3, [pc, #16]	@ (8004b7c <__sinit+0x28>)
 8004b6a:	6223      	str	r3, [r4, #32]
 8004b6c:	4b04      	ldr	r3, [pc, #16]	@ (8004b80 <__sinit+0x2c>)
 8004b6e:	681b      	ldr	r3, [r3, #0]
 8004b70:	2b00      	cmp	r3, #0
 8004b72:	d1f5      	bne.n	8004b60 <__sinit+0xc>
 8004b74:	f7ff ffc2 	bl	8004afc <global_stdio_init.part.0>
 8004b78:	e7f2      	b.n	8004b60 <__sinit+0xc>
 8004b7a:	bf00      	nop
 8004b7c:	08004abd 	.word	0x08004abd
 8004b80:	20001fb4 	.word	0x20001fb4

08004b84 <_fwalk_sglue>:
 8004b84:	e92d 43f8 	stmdb	sp!, {r3, r4, r5, r6, r7, r8, r9, lr}
 8004b88:	4680      	mov	r8, r0
 8004b8a:	4689      	mov	r9, r1
 8004b8c:	4614      	mov	r4, r2
 8004b8e:	2600      	movs	r6, #0
 8004b90:	e9d4 7501 	ldrd	r7, r5, [r4, #4]
 8004b94:	3f01      	subs	r7, #1
 8004b96:	d505      	bpl.n	8004ba4 <_fwalk_sglue+0x20>
 8004b98:	6824      	ldr	r4, [r4, #0]
 8004b9a:	2c00      	cmp	r4, #0
 8004b9c:	d1f8      	bne.n	8004b90 <_fwalk_sglue+0xc>
 8004b9e:	4630      	mov	r0, r6
 8004ba0:	e8bd 83f8 	ldmia.w	sp!, {r3, r4, r5, r6, r7, r8, r9, pc}
 8004ba4:	89ab      	ldrh	r3, [r5, #12]
 8004ba6:	2b01      	cmp	r3, #1
 8004ba8:	d907      	bls.n	8004bba <_fwalk_sglue+0x36>
 8004baa:	f9b5 300e 	ldrsh.w	r3, [r5, #14]
 8004bae:	3301      	adds	r3, #1
 8004bb0:	d003      	beq.n	8004bba <_fwalk_sglue+0x36>
 8004bb2:	4629      	mov	r1, r5
 8004bb4:	4640      	mov	r0, r8
 8004bb6:	47c8      	blx	r9
 8004bb8:	4306      	orrs	r6, r0
 8004bba:	3568      	adds	r5, #104	@ 0x68
 8004bbc:	e7ea      	b.n	8004b94 <_fwalk_sglue+0x10>
	...

08004bc0 <iprintf>:
 8004bc0:	b40f      	push	{r0, r1, r2, r3}
 8004bc2:	b507      	push	{r0, r1, r2, lr}
 8004bc4:	4906      	ldr	r1, [pc, #24]	@ (8004be0 <iprintf+0x20>)
 8004bc6:	ab04      	add	r3, sp, #16
 8004bc8:	6808      	ldr	r0, [r1, #0]
 8004bca:	f853 2b04 	ldr.w	r2, [r3], #4
 8004bce:	6881      	ldr	r1, [r0, #8]
 8004bd0:	9301      	str	r3, [sp, #4]
 8004bd2:	f000 ff8f 	bl	8005af4 <_vfiprintf_r>
 8004bd6:	b003      	add	sp, #12
 8004bd8:	f85d eb04 	ldr.w	lr, [sp], #4
 8004bdc:	b004      	add	sp, #16
 8004bde:	4770      	bx	lr
 8004be0:	20000010 	.word	0x20000010

08004be4 <_puts_r>:
 8004be4:	6a03      	ldr	r3, [r0, #32]
 8004be6:	b570      	push	{r4, r5, r6, lr}
 8004be8:	6884      	ldr	r4, [r0, #8]
 8004bea:	4605      	mov	r5, r0
 8004bec:	460e      	mov	r6, r1
 8004bee:	b90b      	cbnz	r3, 8004bf4 <_puts_r+0x10>
 8004bf0:	f7ff ffb0 	bl	8004b54 <__sinit>
 8004bf4:	6e63      	ldr	r3, [r4, #100]	@ 0x64
 8004bf6:	07db      	lsls	r3, r3, #31
 8004bf8:	d405      	bmi.n	8004c06 <_puts_r+0x22>
 8004bfa:	89a3      	ldrh	r3, [r4, #12]
 8004bfc:	0598      	lsls	r0, r3, #22
 8004bfe:	d402      	bmi.n	8004c06 <_puts_r+0x22>
 8004c00:	6da0      	ldr	r0, [r4, #88]	@ 0x58
 8004c02:	f000 f890 	bl	8004d26 <__retarget_lock_acquire_recursive>
 8004c06:	89a3      	ldrh	r3, [r4, #12]
 8004c08:	0719      	lsls	r1, r3, #28
 8004c0a:	d502      	bpl.n	8004c12 <_puts_r+0x2e>
 8004c0c:	6923      	ldr	r3, [r4, #16]
 8004c0e:	2b00      	cmp	r3, #0
 8004c10:	d135      	bne.n	8004c7e <_puts_r+0x9a>
 8004c12:	4621      	mov	r1, r4
 8004c14:	4628      	mov	r0, r5
 8004c16:	f001 fd43 	bl	80066a0 <__swsetup_r>
 8004c1a:	b380      	cbz	r0, 8004c7e <_puts_r+0x9a>
 8004c1c:	f04f 35ff 	mov.w	r5, #4294967295	@ 0xffffffff
 8004c20:	6e63      	ldr	r3, [r4, #100]	@ 0x64
 8004c22:	07da      	lsls	r2, r3, #31
 8004c24:	d405      	bmi.n	8004c32 <_puts_r+0x4e>
 8004c26:	89a3      	ldrh	r3, [r4, #12]
 8004c28:	059b      	lsls	r3, r3, #22
 8004c2a:	d402      	bmi.n	8004c32 <_puts_r+0x4e>
 8004c2c:	6da0      	ldr	r0, [r4, #88]	@ 0x58
 8004c2e:	f000 f87b 	bl	8004d28 <__retarget_lock_release_recursive>
 8004c32:	4628      	mov	r0, r5
 8004c34:	bd70      	pop	{r4, r5, r6, pc}
 8004c36:	2b00      	cmp	r3, #0
 8004c38:	da04      	bge.n	8004c44 <_puts_r+0x60>
 8004c3a:	69a2      	ldr	r2, [r4, #24]
 8004c3c:	4293      	cmp	r3, r2
 8004c3e:	db17      	blt.n	8004c70 <_puts_r+0x8c>
 8004c40:	290a      	cmp	r1, #10
 8004c42:	d015      	beq.n	8004c70 <_puts_r+0x8c>
 8004c44:	6823      	ldr	r3, [r4, #0]
 8004c46:	1c5a      	adds	r2, r3, #1
 8004c48:	6022      	str	r2, [r4, #0]
 8004c4a:	7019      	strb	r1, [r3, #0]
 8004c4c:	68a3      	ldr	r3, [r4, #8]
 8004c4e:	f816 1f01 	ldrb.w	r1, [r6, #1]!
 8004c52:	3b01      	subs	r3, #1
 8004c54:	60a3      	str	r3, [r4, #8]
 8004c56:	2900      	cmp	r1, #0
 8004c58:	d1ed      	bne.n	8004c36 <_puts_r+0x52>
 8004c5a:	428b      	cmp	r3, r1
 8004c5c:	da11      	bge.n	8004c82 <_puts_r+0x9e>
 8004c5e:	4622      	mov	r2, r4
 8004c60:	210a      	movs	r1, #10
 8004c62:	4628      	mov	r0, r5
 8004c64:	f001 fcde 	bl	8006624 <__swbuf_r>
 8004c68:	3001      	adds	r0, #1
 8004c6a:	d0d7      	beq.n	8004c1c <_puts_r+0x38>
 8004c6c:	250a      	movs	r5, #10
 8004c6e:	e7d7      	b.n	8004c20 <_puts_r+0x3c>
 8004c70:	4622      	mov	r2, r4
 8004c72:	4628      	mov	r0, r5
 8004c74:	f001 fcd6 	bl	8006624 <__swbuf_r>
 8004c78:	3001      	adds	r0, #1
 8004c7a:	d1e7      	bne.n	8004c4c <_puts_r+0x68>
 8004c7c:	e7ce      	b.n	8004c1c <_puts_r+0x38>
 8004c7e:	3e01      	subs	r6, #1
 8004c80:	e7e4      	b.n	8004c4c <_puts_r+0x68>
 8004c82:	6823      	ldr	r3, [r4, #0]
 8004c84:	1c5a      	adds	r2, r3, #1
 8004c86:	6022      	str	r2, [r4, #0]
 8004c88:	220a      	movs	r2, #10
 8004c8a:	701a      	strb	r2, [r3, #0]
 8004c8c:	e7ee      	b.n	8004c6c <_puts_r+0x88>
	...

08004c90 <puts>:
 8004c90:	4b02      	ldr	r3, [pc, #8]	@ (8004c9c <puts+0xc>)
 8004c92:	4601      	mov	r1, r0
 8004c94:	6818      	ldr	r0, [r3, #0]
 8004c96:	f7ff bfa5 	b.w	8004be4 <_puts_r>
 8004c9a:	bf00      	nop
 8004c9c:	20000010 	.word	0x20000010

08004ca0 <memset>:
 8004ca0:	4402      	add	r2, r0
 8004ca2:	4603      	mov	r3, r0
 8004ca4:	4293      	cmp	r3, r2
 8004ca6:	d100      	bne.n	8004caa <memset+0xa>
 8004ca8:	4770      	bx	lr
 8004caa:	f803 1b01 	strb.w	r1, [r3], #1
 8004cae:	e7f9      	b.n	8004ca4 <memset+0x4>

08004cb0 <_sbrk_r>:
 8004cb0:	b538      	push	{r3, r4, r5, lr}
 8004cb2:	4c06      	ldr	r4, [pc, #24]	@ (8004ccc <_sbrk_r+0x1c>)
 8004cb4:	2300      	movs	r3, #0
 8004cb6:	4605      	mov	r5, r0
 8004cb8:	4608      	mov	r0, r1
 8004cba:	6023      	str	r3, [r4, #0]
 8004cbc:	f7fe fbcc 	bl	8003458 <_sbrk>
 8004cc0:	1c43      	adds	r3, r0, #1
 8004cc2:	d102      	bne.n	8004cca <_sbrk_r+0x1a>
 8004cc4:	6823      	ldr	r3, [r4, #0]
 8004cc6:	b103      	cbz	r3, 8004cca <_sbrk_r+0x1a>
 8004cc8:	602b      	str	r3, [r5, #0]
 8004cca:	bd38      	pop	{r3, r4, r5, pc}
 8004ccc:	20001fbc 	.word	0x20001fbc

08004cd0 <__errno>:
 8004cd0:	4b01      	ldr	r3, [pc, #4]	@ (8004cd8 <__errno+0x8>)
 8004cd2:	6818      	ldr	r0, [r3, #0]
 8004cd4:	4770      	bx	lr
 8004cd6:	bf00      	nop
 8004cd8:	20000010 	.word	0x20000010

08004cdc <__libc_init_array>:
 8004cdc:	b570      	push	{r4, r5, r6, lr}
 8004cde:	4b0d      	ldr	r3, [pc, #52]	@ (8004d14 <__libc_init_array+0x38>)
 8004ce0:	4c0d      	ldr	r4, [pc, #52]	@ (8004d18 <__libc_init_array+0x3c>)
 8004ce2:	2600      	movs	r6, #0
 8004ce4:	1b1d      	subs	r5, r3, r4
 8004ce6:	ebb6 0fa5 	cmp.w	r6, r5, asr #2
 8004cea:	d109      	bne.n	8004d00 <__libc_init_array+0x24>
 8004cec:	f001 fea0 	bl	8006a30 <_init>
 8004cf0:	4c0a      	ldr	r4, [pc, #40]	@ (8004d1c <__libc_init_array+0x40>)
 8004cf2:	4b0b      	ldr	r3, [pc, #44]	@ (8004d20 <__libc_init_array+0x44>)
 8004cf4:	2600      	movs	r6, #0
 8004cf6:	1b1d      	subs	r5, r3, r4
 8004cf8:	ebb6 0fa5 	cmp.w	r6, r5, asr #2
 8004cfc:	d105      	bne.n	8004d0a <__libc_init_array+0x2e>
 8004cfe:	bd70      	pop	{r4, r5, r6, pc}
 8004d00:	f854 3b04 	ldr.w	r3, [r4], #4
 8004d04:	4798      	blx	r3
 8004d06:	3601      	adds	r6, #1
 8004d08:	e7ed      	b.n	8004ce6 <__libc_init_array+0xa>
 8004d0a:	f854 3b04 	ldr.w	r3, [r4], #4
 8004d0e:	4798      	blx	r3
 8004d10:	3601      	adds	r6, #1
 8004d12:	e7f1      	b.n	8004cf8 <__libc_init_array+0x1c>
 8004d14:	08007564 	.word	0x08007564
 8004d18:	08007564 	.word	0x08007564
 8004d1c:	08007564 	.word	0x08007564
 8004d20:	08007568 	.word	0x08007568

08004d24 <__retarget_lock_init_recursive>:
 8004d24:	4770      	bx	lr

08004d26 <__retarget_lock_acquire_recursive>:
 8004d26:	4770      	bx	lr

08004d28 <__retarget_lock_release_recursive>:
 8004d28:	4770      	bx	lr
	...

08004d2c <_localeconv_r>:
 8004d2c:	4800      	ldr	r0, [pc, #0]	@ (8004d30 <_localeconv_r+0x4>)
 8004d2e:	4770      	bx	lr
 8004d30:	20000150 	.word	0x20000150

08004d34 <memcpy>:
 8004d34:	440a      	add	r2, r1
 8004d36:	4291      	cmp	r1, r2
 8004d38:	f100 33ff 	add.w	r3, r0, #4294967295	@ 0xffffffff
 8004d3c:	d100      	bne.n	8004d40 <memcpy+0xc>
 8004d3e:	4770      	bx	lr
 8004d40:	b510      	push	{r4, lr}
 8004d42:	f811 4b01 	ldrb.w	r4, [r1], #1
 8004d46:	f803 4f01 	strb.w	r4, [r3, #1]!
 8004d4a:	4291      	cmp	r1, r2
 8004d4c:	d1f9      	bne.n	8004d42 <memcpy+0xe>
 8004d4e:	bd10      	pop	{r4, pc}

08004d50 <quorem>:
 8004d50:	e92d 4ff7 	stmdb	sp!, {r0, r1, r2, r4, r5, r6, r7, r8, r9, sl, fp, lr}
 8004d54:	6903      	ldr	r3, [r0, #16]
 8004d56:	690c      	ldr	r4, [r1, #16]
 8004d58:	42a3      	cmp	r3, r4
 8004d5a:	4680      	mov	r8, r0
 8004d5c:	db7e      	blt.n	8004e5c <quorem+0x10c>
 8004d5e:	3c01      	subs	r4, #1
 8004d60:	f101 0714 	add.w	r7, r1, #20
 8004d64:	00a3      	lsls	r3, r4, #2
 8004d66:	f100 0514 	add.w	r5, r0, #20
 8004d6a:	9300      	str	r3, [sp, #0]
 8004d6c:	eb05 0384 	add.w	r3, r5, r4, lsl #2
 8004d70:	9301      	str	r3, [sp, #4]
 8004d72:	f857 3024 	ldr.w	r3, [r7, r4, lsl #2]
 8004d76:	f855 2024 	ldr.w	r2, [r5, r4, lsl #2]
 8004d7a:	3301      	adds	r3, #1
 8004d7c:	429a      	cmp	r2, r3
 8004d7e:	eb07 0984 	add.w	r9, r7, r4, lsl #2
 8004d82:	fbb2 f6f3 	udiv	r6, r2, r3
 8004d86:	d32e      	bcc.n	8004de6 <quorem+0x96>
 8004d88:	f04f 0a00 	mov.w	sl, #0
 8004d8c:	46bc      	mov	ip, r7
 8004d8e:	46ae      	mov	lr, r5
 8004d90:	46d3      	mov	fp, sl
 8004d92:	f85c 3b04 	ldr.w	r3, [ip], #4
 8004d96:	b298      	uxth	r0, r3
 8004d98:	fb06 a000 	mla	r0, r6, r0, sl
 8004d9c:	0c02      	lsrs	r2, r0, #16
 8004d9e:	0c1b      	lsrs	r3, r3, #16
 8004da0:	fb06 2303 	mla	r3, r6, r3, r2
 8004da4:	f8de 2000 	ldr.w	r2, [lr]
 8004da8:	b280      	uxth	r0, r0
 8004daa:	b292      	uxth	r2, r2
 8004dac:	1a12      	subs	r2, r2, r0
 8004dae:	445a      	add	r2, fp
 8004db0:	f8de 0000 	ldr.w	r0, [lr]
 8004db4:	ea4f 4a13 	mov.w	sl, r3, lsr #16
 8004db8:	b29b      	uxth	r3, r3
 8004dba:	ebc3 4322 	rsb	r3, r3, r2, asr #16
 8004dbe:	eb03 4310 	add.w	r3, r3, r0, lsr #16
 8004dc2:	b292      	uxth	r2, r2
 8004dc4:	ea42 4203 	orr.w	r2, r2, r3, lsl #16
 8004dc8:	45e1      	cmp	r9, ip
 8004dca:	f84e 2b04 	str.w	r2, [lr], #4
 8004dce:	ea4f 4b23 	mov.w	fp, r3, asr #16
 8004dd2:	d2de      	bcs.n	8004d92 <quorem+0x42>
 8004dd4:	9b00      	ldr	r3, [sp, #0]
 8004dd6:	58eb      	ldr	r3, [r5, r3]
 8004dd8:	b92b      	cbnz	r3, 8004de6 <quorem+0x96>
 8004dda:	9b01      	ldr	r3, [sp, #4]
 8004ddc:	1f1a      	subs	r2, r3, #4
 8004dde:	4295      	cmp	r5, r2
 8004de0:	d330      	bcc.n	8004e44 <quorem+0xf4>
 8004de2:	f8c8 4010 	str.w	r4, [r8, #16]
 8004de6:	4640      	mov	r0, r8
 8004de8:	f001 fa24 	bl	8006234 <__mcmp>
 8004dec:	2800      	cmp	r0, #0
 8004dee:	db25      	blt.n	8004e3c <quorem+0xec>
 8004df0:	3601      	adds	r6, #1
 8004df2:	4629      	mov	r1, r5
 8004df4:	2000      	movs	r0, #0
 8004df6:	f857 2b04 	ldr.w	r2, [r7], #4
 8004dfa:	f8d1 c000 	ldr.w	ip, [r1]
 8004dfe:	fa1f fe82 	uxth.w	lr, r2
 8004e02:	fa1f f38c 	uxth.w	r3, ip
 8004e06:	eba3 030e 	sub.w	r3, r3, lr
 8004e0a:	4403      	add	r3, r0
 8004e0c:	0c12      	lsrs	r2, r2, #16
 8004e0e:	ebc2 4223 	rsb	r2, r2, r3, asr #16
 8004e12:	eb02 421c 	add.w	r2, r2, ip, lsr #16
 8004e16:	b29b      	uxth	r3, r3
 8004e18:	ea43 4302 	orr.w	r3, r3, r2, lsl #16
 8004e1c:	45b9      	cmp	r9, r7
 8004e1e:	f841 3b04 	str.w	r3, [r1], #4
 8004e22:	ea4f 4022 	mov.w	r0, r2, asr #16
 8004e26:	d2e6      	bcs.n	8004df6 <quorem+0xa6>
 8004e28:	f855 2024 	ldr.w	r2, [r5, r4, lsl #2]
 8004e2c:	eb05 0384 	add.w	r3, r5, r4, lsl #2
 8004e30:	b922      	cbnz	r2, 8004e3c <quorem+0xec>
 8004e32:	3b04      	subs	r3, #4
 8004e34:	429d      	cmp	r5, r3
 8004e36:	d30b      	bcc.n	8004e50 <quorem+0x100>
 8004e38:	f8c8 4010 	str.w	r4, [r8, #16]
 8004e3c:	4630      	mov	r0, r6
 8004e3e:	b003      	add	sp, #12
 8004e40:	e8bd 8ff0 	ldmia.w	sp!, {r4, r5, r6, r7, r8, r9, sl, fp, pc}
 8004e44:	6813      	ldr	r3, [r2, #0]
 8004e46:	2b00      	cmp	r3, #0
 8004e48:	d1cb      	bne.n	8004de2 <quorem+0x92>
 8004e4a:	3a04      	subs	r2, #4
 8004e4c:	3c01      	subs	r4, #1
 8004e4e:	e7c6      	b.n	8004dde <quorem+0x8e>
 8004e50:	681a      	ldr	r2, [r3, #0]
 8004e52:	2a00      	cmp	r2, #0
 8004e54:	d1f0      	bne.n	8004e38 <quorem+0xe8>
 8004e56:	3b04      	subs	r3, #4
 8004e58:	3c01      	subs	r4, #1
 8004e5a:	e7eb      	b.n	8004e34 <quorem+0xe4>
 8004e5c:	2000      	movs	r0, #0
 8004e5e:	e7ee      	b.n	8004e3e <quorem+0xee>

08004e60 <_dtoa_r>:
 8004e60:	e92d 4ff0 	stmdb	sp!, {r4, r5, r6, r7, r8, r9, sl, fp, lr}
 8004e64:	b099      	sub	sp, #100	@ 0x64
 8004e66:	ed8d 0b0e 	vstr	d0, [sp, #56]	@ 0x38
 8004e6a:	920c      	str	r2, [sp, #48]	@ 0x30
 8004e6c:	69c2      	ldr	r2, [r0, #28]
 8004e6e:	9c22      	ldr	r4, [sp, #136]	@ 0x88
 8004e70:	910a      	str	r1, [sp, #40]	@ 0x28
 8004e72:	ec57 6b10 	vmov	r6, r7, d0
 8004e76:	4681      	mov	r9, r0
 8004e78:	9313      	str	r3, [sp, #76]	@ 0x4c
 8004e7a:	b982      	cbnz	r2, 8004e9e <_dtoa_r+0x3e>
 8004e7c:	2010      	movs	r0, #16
 8004e7e:	f7ff fb89 	bl	8004594 <malloc>
 8004e82:	4602      	mov	r2, r0
 8004e84:	f8c9 001c 	str.w	r0, [r9, #28]
 8004e88:	b920      	cbnz	r0, 8004e94 <_dtoa_r+0x34>
 8004e8a:	4ba9      	ldr	r3, [pc, #676]	@ (8005130 <_dtoa_r+0x2d0>)
 8004e8c:	21ef      	movs	r1, #239	@ 0xef
 8004e8e:	48a9      	ldr	r0, [pc, #676]	@ (8005134 <_dtoa_r+0x2d4>)
 8004e90:	f001 fd20 	bl	80068d4 <__assert_func>
 8004e94:	2300      	movs	r3, #0
 8004e96:	e9c0 3301 	strd	r3, r3, [r0, #4]
 8004e9a:	6003      	str	r3, [r0, #0]
 8004e9c:	60c3      	str	r3, [r0, #12]
 8004e9e:	6811      	ldr	r1, [r2, #0]
 8004ea0:	b159      	cbz	r1, 8004eba <_dtoa_r+0x5a>
 8004ea2:	6852      	ldr	r2, [r2, #4]
 8004ea4:	604a      	str	r2, [r1, #4]
 8004ea6:	2301      	movs	r3, #1
 8004ea8:	4093      	lsls	r3, r2
 8004eaa:	608b      	str	r3, [r1, #8]
 8004eac:	4648      	mov	r0, r9
 8004eae:	f000 ff73 	bl	8005d98 <_Bfree>
 8004eb2:	f8d9 301c 	ldr.w	r3, [r9, #28]
 8004eb6:	2200      	movs	r2, #0
 8004eb8:	601a      	str	r2, [r3, #0]
 8004eba:	f1b7 0800 	subs.w	r8, r7, #0
 8004ebe:	bfb5      	itete	lt
 8004ec0:	2301      	movlt	r3, #1
 8004ec2:	2300      	movge	r3, #0
 8004ec4:	6023      	strlt	r3, [r4, #0]
 8004ec6:	6023      	strge	r3, [r4, #0]
 8004ec8:	4b9b      	ldr	r3, [pc, #620]	@ (8005138 <_dtoa_r+0x2d8>)
 8004eca:	bfbc      	itt	lt
 8004ecc:	f028 4800 	biclt.w	r8, r8, #2147483648	@ 0x80000000
 8004ed0:	f8cd 803c 	strlt.w	r8, [sp, #60]	@ 0x3c
 8004ed4:	ea33 0308 	bics.w	r3, r3, r8
 8004ed8:	d11a      	bne.n	8004f10 <_dtoa_r+0xb0>
 8004eda:	9a13      	ldr	r2, [sp, #76]	@ 0x4c
 8004edc:	f3c8 0813 	ubfx	r8, r8, #0, #20
 8004ee0:	f242 730f 	movw	r3, #9999	@ 0x270f
 8004ee4:	ea58 0806 	orrs.w	r8, r8, r6
 8004ee8:	6013      	str	r3, [r2, #0]
 8004eea:	f000 8561 	beq.w	80059b0 <_dtoa_r+0xb50>
 8004eee:	9b23      	ldr	r3, [sp, #140]	@ 0x8c
 8004ef0:	b953      	cbnz	r3, 8004f08 <_dtoa_r+0xa8>
 8004ef2:	4b92      	ldr	r3, [pc, #584]	@ (800513c <_dtoa_r+0x2dc>)
 8004ef4:	e021      	b.n	8004f3a <_dtoa_r+0xda>
 8004ef6:	4b92      	ldr	r3, [pc, #584]	@ (8005140 <_dtoa_r+0x2e0>)
 8004ef8:	9300      	str	r3, [sp, #0]
 8004efa:	3308      	adds	r3, #8
 8004efc:	9a23      	ldr	r2, [sp, #140]	@ 0x8c
 8004efe:	6013      	str	r3, [r2, #0]
 8004f00:	9800      	ldr	r0, [sp, #0]
 8004f02:	b019      	add	sp, #100	@ 0x64
 8004f04:	e8bd 8ff0 	ldmia.w	sp!, {r4, r5, r6, r7, r8, r9, sl, fp, pc}
 8004f08:	4b8c      	ldr	r3, [pc, #560]	@ (800513c <_dtoa_r+0x2dc>)
 8004f0a:	9300      	str	r3, [sp, #0]
 8004f0c:	3303      	adds	r3, #3
 8004f0e:	e7f5      	b.n	8004efc <_dtoa_r+0x9c>
 8004f10:	ed9d 7b0e 	vldr	d7, [sp, #56]	@ 0x38
 8004f14:	2200      	movs	r2, #0
 8004f16:	ec51 0b17 	vmov	r0, r1, d7
 8004f1a:	2300      	movs	r3, #0
 8004f1c:	ed8d 7b06 	vstr	d7, [sp, #24]
 8004f20:	f7fe ff9a 	bl	8003e58 <__aeabi_dcmpeq>
 8004f24:	4682      	mov	sl, r0
 8004f26:	b150      	cbz	r0, 8004f3e <_dtoa_r+0xde>
 8004f28:	9a13      	ldr	r2, [sp, #76]	@ 0x4c
 8004f2a:	2301      	movs	r3, #1
 8004f2c:	6013      	str	r3, [r2, #0]
 8004f2e:	9b23      	ldr	r3, [sp, #140]	@ 0x8c
 8004f30:	b113      	cbz	r3, 8004f38 <_dtoa_r+0xd8>
 8004f32:	9a23      	ldr	r2, [sp, #140]	@ 0x8c
 8004f34:	4b83      	ldr	r3, [pc, #524]	@ (8005144 <_dtoa_r+0x2e4>)
 8004f36:	6013      	str	r3, [r2, #0]
 8004f38:	4b83      	ldr	r3, [pc, #524]	@ (8005148 <_dtoa_r+0x2e8>)
 8004f3a:	9300      	str	r3, [sp, #0]
 8004f3c:	e7e0      	b.n	8004f00 <_dtoa_r+0xa0>
 8004f3e:	ed9d 0b06 	vldr	d0, [sp, #24]
 8004f42:	aa16      	add	r2, sp, #88	@ 0x58
 8004f44:	a917      	add	r1, sp, #92	@ 0x5c
 8004f46:	4648      	mov	r0, r9
 8004f48:	f001 fa28 	bl	800639c <__d2b>
 8004f4c:	ea5f 5418 	movs.w	r4, r8, lsr #20
 8004f50:	9d16      	ldr	r5, [sp, #88]	@ 0x58
 8004f52:	9001      	str	r0, [sp, #4]
 8004f54:	d079      	beq.n	800504a <_dtoa_r+0x1ea>
 8004f56:	9b07      	ldr	r3, [sp, #28]
 8004f58:	f8cd a050 	str.w	sl, [sp, #80]	@ 0x50
 8004f5c:	f3c3 0313 	ubfx	r3, r3, #0, #20
 8004f60:	e9dd 0106 	ldrd	r0, r1, [sp, #24]
 8004f64:	f043 537f 	orr.w	r3, r3, #1069547520	@ 0x3fc00000
 8004f68:	f443 1340 	orr.w	r3, r3, #3145728	@ 0x300000
 8004f6c:	f2a4 34ff 	subw	r4, r4, #1023	@ 0x3ff
 8004f70:	4619      	mov	r1, r3
 8004f72:	2200      	movs	r2, #0
 8004f74:	4b75      	ldr	r3, [pc, #468]	@ (800514c <_dtoa_r+0x2ec>)
 8004f76:	f7fe fb4f 	bl	8003618 <__aeabi_dsub>
 8004f7a:	a367      	add	r3, pc, #412	@ (adr r3, 8005118 <_dtoa_r+0x2b8>)
 8004f7c:	e9d3 2300 	ldrd	r2, r3, [r3]
 8004f80:	f7fe fd02 	bl	8003988 <__aeabi_dmul>
 8004f84:	a366      	add	r3, pc, #408	@ (adr r3, 8005120 <_dtoa_r+0x2c0>)
 8004f86:	e9d3 2300 	ldrd	r2, r3, [r3]
 8004f8a:	f7fe fb47 	bl	800361c <__adddf3>
 8004f8e:	4606      	mov	r6, r0
 8004f90:	4620      	mov	r0, r4
 8004f92:	460f      	mov	r7, r1
 8004f94:	f7fe fc8e 	bl	80038b4 <__aeabi_i2d>
 8004f98:	a363      	add	r3, pc, #396	@ (adr r3, 8005128 <_dtoa_r+0x2c8>)
 8004f9a:	e9d3 2300 	ldrd	r2, r3, [r3]
 8004f9e:	f7fe fcf3 	bl	8003988 <__aeabi_dmul>
 8004fa2:	4602      	mov	r2, r0
 8004fa4:	460b      	mov	r3, r1
 8004fa6:	4630      	mov	r0, r6
 8004fa8:	4639      	mov	r1, r7
 8004faa:	f7fe fb37 	bl	800361c <__adddf3>
 8004fae:	4606      	mov	r6, r0
 8004fb0:	460f      	mov	r7, r1
 8004fb2:	f7fe ff99 	bl	8003ee8 <__aeabi_d2iz>
 8004fb6:	2200      	movs	r2, #0
 8004fb8:	4680      	mov	r8, r0
 8004fba:	2300      	movs	r3, #0
 8004fbc:	4630      	mov	r0, r6
 8004fbe:	4639      	mov	r1, r7
 8004fc0:	f7fe ff54 	bl	8003e6c <__aeabi_dcmplt>
 8004fc4:	b148      	cbz	r0, 8004fda <_dtoa_r+0x17a>
 8004fc6:	4640      	mov	r0, r8
 8004fc8:	f7fe fc74 	bl	80038b4 <__aeabi_i2d>
 8004fcc:	4632      	mov	r2, r6
 8004fce:	463b      	mov	r3, r7
 8004fd0:	f7fe ff42 	bl	8003e58 <__aeabi_dcmpeq>
 8004fd4:	b908      	cbnz	r0, 8004fda <_dtoa_r+0x17a>
 8004fd6:	f108 38ff 	add.w	r8, r8, #4294967295	@ 0xffffffff
 8004fda:	f1b8 0f16 	cmp.w	r8, #22
 8004fde:	d851      	bhi.n	8005084 <_dtoa_r+0x224>
 8004fe0:	4b5b      	ldr	r3, [pc, #364]	@ (8005150 <_dtoa_r+0x2f0>)
 8004fe2:	eb03 03c8 	add.w	r3, r3, r8, lsl #3
 8004fe6:	e9d3 2300 	ldrd	r2, r3, [r3]
 8004fea:	e9dd 0106 	ldrd	r0, r1, [sp, #24]
 8004fee:	f7fe ff3d 	bl	8003e6c <__aeabi_dcmplt>
 8004ff2:	2800      	cmp	r0, #0
 8004ff4:	d048      	beq.n	8005088 <_dtoa_r+0x228>
 8004ff6:	f108 38ff 	add.w	r8, r8, #4294967295	@ 0xffffffff
 8004ffa:	2300      	movs	r3, #0
 8004ffc:	9312      	str	r3, [sp, #72]	@ 0x48
 8004ffe:	1b2d      	subs	r5, r5, r4
 8005000:	1e6b      	subs	r3, r5, #1
 8005002:	9308      	str	r3, [sp, #32]
 8005004:	bf43      	ittte	mi
 8005006:	2300      	movmi	r3, #0
 8005008:	f1c5 0701 	rsbmi	r7, r5, #1
 800500c:	9308      	strmi	r3, [sp, #32]
 800500e:	2700      	movpl	r7, #0
 8005010:	f1b8 0f00 	cmp.w	r8, #0
 8005014:	db3a      	blt.n	800508c <_dtoa_r+0x22c>
 8005016:	9b08      	ldr	r3, [sp, #32]
 8005018:	f8cd 8034 	str.w	r8, [sp, #52]	@ 0x34
 800501c:	4443      	add	r3, r8
 800501e:	9308      	str	r3, [sp, #32]
 8005020:	2300      	movs	r3, #0
 8005022:	9309      	str	r3, [sp, #36]	@ 0x24
 8005024:	9b0a      	ldr	r3, [sp, #40]	@ 0x28
 8005026:	2b09      	cmp	r3, #9
 8005028:	d862      	bhi.n	80050f0 <_dtoa_r+0x290>
 800502a:	2b05      	cmp	r3, #5
 800502c:	bfc4      	itt	gt
 800502e:	3b04      	subgt	r3, #4
 8005030:	930a      	strgt	r3, [sp, #40]	@ 0x28
 8005032:	9b0a      	ldr	r3, [sp, #40]	@ 0x28
 8005034:	f1a3 0302 	sub.w	r3, r3, #2
 8005038:	bfcc      	ite	gt
 800503a:	2400      	movgt	r4, #0
 800503c:	2401      	movle	r4, #1
 800503e:	2b03      	cmp	r3, #3
 8005040:	d862      	bhi.n	8005108 <_dtoa_r+0x2a8>
 8005042:	e8df f003 	tbb	[pc, r3]
 8005046:	5351      	.short	0x5351
 8005048:	2b36      	.short	0x2b36
 800504a:	9c17      	ldr	r4, [sp, #92]	@ 0x5c
 800504c:	442c      	add	r4, r5
 800504e:	f204 4332 	addw	r3, r4, #1074	@ 0x432
 8005052:	2b20      	cmp	r3, #32
 8005054:	bfc1      	itttt	gt
 8005056:	f1c3 0340 	rsbgt	r3, r3, #64	@ 0x40
 800505a:	fa08 f803 	lslgt.w	r8, r8, r3
 800505e:	f204 4312 	addwgt	r3, r4, #1042	@ 0x412
 8005062:	fa26 f303 	lsrgt.w	r3, r6, r3
 8005066:	bfd6      	itet	le
 8005068:	f1c3 0320 	rsble	r3, r3, #32
 800506c:	ea48 0003 	orrgt.w	r0, r8, r3
 8005070:	fa06 f003 	lslle.w	r0, r6, r3
 8005074:	f7fe fc0e 	bl	8003894 <__aeabi_ui2d>
 8005078:	2201      	movs	r2, #1
 800507a:	f1a1 73f8 	sub.w	r3, r1, #32505856	@ 0x1f00000
 800507e:	3c01      	subs	r4, #1
 8005080:	9214      	str	r2, [sp, #80]	@ 0x50
 8005082:	e775      	b.n	8004f70 <_dtoa_r+0x110>
 8005084:	2301      	movs	r3, #1
 8005086:	e7b9      	b.n	8004ffc <_dtoa_r+0x19c>
 8005088:	9012      	str	r0, [sp, #72]	@ 0x48
 800508a:	e7b8      	b.n	8004ffe <_dtoa_r+0x19e>
 800508c:	f1c8 0300 	rsb	r3, r8, #0
 8005090:	9309      	str	r3, [sp, #36]	@ 0x24
 8005092:	2300      	movs	r3, #0
 8005094:	eba7 0708 	sub.w	r7, r7, r8
 8005098:	930d      	str	r3, [sp, #52]	@ 0x34
 800509a:	e7c3      	b.n	8005024 <_dtoa_r+0x1c4>
 800509c:	2301      	movs	r3, #1
 800509e:	930b      	str	r3, [sp, #44]	@ 0x2c
 80050a0:	9b0c      	ldr	r3, [sp, #48]	@ 0x30
 80050a2:	4443      	add	r3, r8
 80050a4:	9305      	str	r3, [sp, #20]
 80050a6:	3301      	adds	r3, #1
 80050a8:	2b01      	cmp	r3, #1
 80050aa:	9304      	str	r3, [sp, #16]
 80050ac:	bfb8      	it	lt
 80050ae:	2301      	movlt	r3, #1
 80050b0:	e006      	b.n	80050c0 <_dtoa_r+0x260>
 80050b2:	2301      	movs	r3, #1
 80050b4:	930b      	str	r3, [sp, #44]	@ 0x2c
 80050b6:	9b0c      	ldr	r3, [sp, #48]	@ 0x30
 80050b8:	2b00      	cmp	r3, #0
 80050ba:	dd28      	ble.n	800510e <_dtoa_r+0x2ae>
 80050bc:	e9cd 3304 	strd	r3, r3, [sp, #16]
 80050c0:	f8d9 001c 	ldr.w	r0, [r9, #28]
 80050c4:	2100      	movs	r1, #0
 80050c6:	2204      	movs	r2, #4
 80050c8:	f102 0514 	add.w	r5, r2, #20
 80050cc:	429d      	cmp	r5, r3
 80050ce:	d943      	bls.n	8005158 <_dtoa_r+0x2f8>
 80050d0:	6041      	str	r1, [r0, #4]
 80050d2:	4648      	mov	r0, r9
 80050d4:	f000 fe22 	bl	8005d1c <_Balloc>
 80050d8:	9000      	str	r0, [sp, #0]
 80050da:	2800      	cmp	r0, #0
 80050dc:	d13f      	bne.n	800515e <_dtoa_r+0x2fe>
 80050de:	4b1d      	ldr	r3, [pc, #116]	@ (8005154 <_dtoa_r+0x2f4>)
 80050e0:	4602      	mov	r2, r0
 80050e2:	f240 11af 	movw	r1, #431	@ 0x1af
 80050e6:	e6d2      	b.n	8004e8e <_dtoa_r+0x2e>
 80050e8:	2300      	movs	r3, #0
 80050ea:	e7e3      	b.n	80050b4 <_dtoa_r+0x254>
 80050ec:	2300      	movs	r3, #0
 80050ee:	e7d6      	b.n	800509e <_dtoa_r+0x23e>
 80050f0:	2401      	movs	r4, #1
 80050f2:	2300      	movs	r3, #0
 80050f4:	e9cd 340a 	strd	r3, r4, [sp, #40]	@ 0x28
 80050f8:	f04f 33ff 	mov.w	r3, #4294967295	@ 0xffffffff
 80050fc:	2200      	movs	r2, #0
 80050fe:	e9cd 3304 	strd	r3, r3, [sp, #16]
 8005102:	920c      	str	r2, [sp, #48]	@ 0x30
 8005104:	2312      	movs	r3, #18
 8005106:	e7db      	b.n	80050c0 <_dtoa_r+0x260>
 8005108:	2301      	movs	r3, #1
 800510a:	930b      	str	r3, [sp, #44]	@ 0x2c
 800510c:	e7f4      	b.n	80050f8 <_dtoa_r+0x298>
 800510e:	2301      	movs	r3, #1
 8005110:	e9cd 3304 	strd	r3, r3, [sp, #16]
 8005114:	930c      	str	r3, [sp, #48]	@ 0x30
 8005116:	e7d3      	b.n	80050c0 <_dtoa_r+0x260>
 8005118:	636f4361 	.word	0x636f4361
 800511c:	3fd287a7 	.word	0x3fd287a7
 8005120:	8b60c8b3 	.word	0x8b60c8b3
 8005124:	3fc68a28 	.word	0x3fc68a28
 8005128:	509f79fb 	.word	0x509f79fb
 800512c:	3fd34413 	.word	0x3fd34413
 8005130:	08007200 	.word	0x08007200
 8005134:	08007217 	.word	0x08007217
 8005138:	7ff00000 	.word	0x7ff00000
 800513c:	080071fc 	.word	0x080071fc
 8005140:	080071f3 	.word	0x080071f3
 8005144:	080071d0 	.word	0x080071d0
 8005148:	080071cf 	.word	0x080071cf
 800514c:	3ff80000 	.word	0x3ff80000
 8005150:	08007390 	.word	0x08007390
 8005154:	08007284 	.word	0x08007284
 8005158:	3101      	adds	r1, #1
 800515a:	0052      	lsls	r2, r2, #1
 800515c:	e7b4      	b.n	80050c8 <_dtoa_r+0x268>
 800515e:	f8d9 301c 	ldr.w	r3, [r9, #28]
 8005162:	9a00      	ldr	r2, [sp, #0]
 8005164:	601a      	str	r2, [r3, #0]
 8005166:	9b04      	ldr	r3, [sp, #16]
 8005168:	2b0e      	cmp	r3, #14
 800516a:	d875      	bhi.n	8005258 <_dtoa_r+0x3f8>
 800516c:	2c00      	cmp	r4, #0
 800516e:	d073      	beq.n	8005258 <_dtoa_r+0x3f8>
 8005170:	f1b8 0f00 	cmp.w	r8, #0
 8005174:	f340 80c4 	ble.w	8005300 <_dtoa_r+0x4a0>
 8005178:	4b9f      	ldr	r3, [pc, #636]	@ (80053f8 <_dtoa_r+0x598>)
 800517a:	f008 020f 	and.w	r2, r8, #15
 800517e:	eb03 03c2 	add.w	r3, r3, r2, lsl #3
 8005182:	f418 7f80 	tst.w	r8, #256	@ 0x100
 8005186:	e9d3 ab00 	ldrd	sl, fp, [r3]
 800518a:	ea4f 1528 	mov.w	r5, r8, asr #4
 800518e:	f000 80a3 	beq.w	80052d8 <_dtoa_r+0x478>
 8005192:	4b9a      	ldr	r3, [pc, #616]	@ (80053fc <_dtoa_r+0x59c>)
 8005194:	e9dd 0106 	ldrd	r0, r1, [sp, #24]
 8005198:	e9d3 2308 	ldrd	r2, r3, [r3, #32]
 800519c:	f7fe fd1e 	bl	8003bdc <__aeabi_ddiv>
 80051a0:	e9cd 0102 	strd	r0, r1, [sp, #8]
 80051a4:	f005 050f 	and.w	r5, r5, #15
 80051a8:	2403      	movs	r4, #3
 80051aa:	4e94      	ldr	r6, [pc, #592]	@ (80053fc <_dtoa_r+0x59c>)
 80051ac:	2d00      	cmp	r5, #0
 80051ae:	f040 8099 	bne.w	80052e4 <_dtoa_r+0x484>
 80051b2:	4652      	mov	r2, sl
 80051b4:	465b      	mov	r3, fp
 80051b6:	e9dd 0102 	ldrd	r0, r1, [sp, #8]
 80051ba:	f7fe fd0f 	bl	8003bdc <__aeabi_ddiv>
 80051be:	4682      	mov	sl, r0
 80051c0:	468b      	mov	fp, r1
 80051c2:	9b12      	ldr	r3, [sp, #72]	@ 0x48
 80051c4:	2b00      	cmp	r3, #0
 80051c6:	f000 80c3 	beq.w	8005350 <_dtoa_r+0x4f0>
 80051ca:	4b8d      	ldr	r3, [pc, #564]	@ (8005400 <_dtoa_r+0x5a0>)
 80051cc:	2200      	movs	r2, #0
 80051ce:	4650      	mov	r0, sl
 80051d0:	4659      	mov	r1, fp
 80051d2:	f7fe fe4b 	bl	8003e6c <__aeabi_dcmplt>
 80051d6:	2800      	cmp	r0, #0
 80051d8:	f000 80ba 	beq.w	8005350 <_dtoa_r+0x4f0>
 80051dc:	9b04      	ldr	r3, [sp, #16]
 80051de:	2b00      	cmp	r3, #0
 80051e0:	f000 80b6 	beq.w	8005350 <_dtoa_r+0x4f0>
 80051e4:	9b05      	ldr	r3, [sp, #20]
 80051e6:	2b00      	cmp	r3, #0
 80051e8:	dd36      	ble.n	8005258 <_dtoa_r+0x3f8>
 80051ea:	f108 33ff 	add.w	r3, r8, #4294967295	@ 0xffffffff
 80051ee:	9302      	str	r3, [sp, #8]
 80051f0:	4650      	mov	r0, sl
 80051f2:	4659      	mov	r1, fp
 80051f4:	4b83      	ldr	r3, [pc, #524]	@ (8005404 <_dtoa_r+0x5a4>)
 80051f6:	2200      	movs	r2, #0
 80051f8:	f7fe fbc6 	bl	8003988 <__aeabi_dmul>
 80051fc:	9e05      	ldr	r6, [sp, #20]
 80051fe:	4682      	mov	sl, r0
 8005200:	468b      	mov	fp, r1
 8005202:	3401      	adds	r4, #1
 8005204:	4620      	mov	r0, r4
 8005206:	f7fe fb55 	bl	80038b4 <__aeabi_i2d>
 800520a:	4652      	mov	r2, sl
 800520c:	465b      	mov	r3, fp
 800520e:	f7fe fbbb 	bl	8003988 <__aeabi_dmul>
 8005212:	4b7d      	ldr	r3, [pc, #500]	@ (8005408 <_dtoa_r+0x5a8>)
 8005214:	2200      	movs	r2, #0
 8005216:	f7fe fa01 	bl	800361c <__adddf3>
 800521a:	4604      	mov	r4, r0
 800521c:	f1a1 7550 	sub.w	r5, r1, #54525952	@ 0x3400000
 8005220:	e9cd 4510 	strd	r4, r5, [sp, #64]	@ 0x40
 8005224:	2e00      	cmp	r6, #0
 8005226:	f040 8097 	bne.w	8005358 <_dtoa_r+0x4f8>
 800522a:	4b78      	ldr	r3, [pc, #480]	@ (800540c <_dtoa_r+0x5ac>)
 800522c:	2200      	movs	r2, #0
 800522e:	4650      	mov	r0, sl
 8005230:	4659      	mov	r1, fp
 8005232:	f7fe f9f1 	bl	8003618 <__aeabi_dsub>
 8005236:	4622      	mov	r2, r4
 8005238:	462b      	mov	r3, r5
 800523a:	4682      	mov	sl, r0
 800523c:	468b      	mov	fp, r1
 800523e:	f7fe fe33 	bl	8003ea8 <__aeabi_dcmpgt>
 8005242:	2800      	cmp	r0, #0
 8005244:	f040 82bd 	bne.w	80057c2 <_dtoa_r+0x962>
 8005248:	4622      	mov	r2, r4
 800524a:	f105 4300 	add.w	r3, r5, #2147483648	@ 0x80000000
 800524e:	4650      	mov	r0, sl
 8005250:	4659      	mov	r1, fp
 8005252:	f7fe fe0b 	bl	8003e6c <__aeabi_dcmplt>
 8005256:	bb20      	cbnz	r0, 80052a2 <_dtoa_r+0x442>
 8005258:	9b17      	ldr	r3, [sp, #92]	@ 0x5c
 800525a:	2b00      	cmp	r3, #0
 800525c:	f2c0 818d 	blt.w	800557a <_dtoa_r+0x71a>
 8005260:	f1b8 0f0e 	cmp.w	r8, #14
 8005264:	f300 8189 	bgt.w	800557a <_dtoa_r+0x71a>
 8005268:	4b63      	ldr	r3, [pc, #396]	@ (80053f8 <_dtoa_r+0x598>)
 800526a:	eb03 03c8 	add.w	r3, r3, r8, lsl #3
 800526e:	e9d3 ab00 	ldrd	sl, fp, [r3]
 8005272:	9b0c      	ldr	r3, [sp, #48]	@ 0x30
 8005274:	2b00      	cmp	r3, #0
 8005276:	f280 811b 	bge.w	80054b0 <_dtoa_r+0x650>
 800527a:	9b04      	ldr	r3, [sp, #16]
 800527c:	2b00      	cmp	r3, #0
 800527e:	f300 8117 	bgt.w	80054b0 <_dtoa_r+0x650>
 8005282:	d10e      	bne.n	80052a2 <_dtoa_r+0x442>
 8005284:	4b61      	ldr	r3, [pc, #388]	@ (800540c <_dtoa_r+0x5ac>)
 8005286:	2200      	movs	r2, #0
 8005288:	4650      	mov	r0, sl
 800528a:	4659      	mov	r1, fp
 800528c:	f7fe fb7c 	bl	8003988 <__aeabi_dmul>
 8005290:	4602      	mov	r2, r0
 8005292:	460b      	mov	r3, r1
 8005294:	e9dd 0106 	ldrd	r0, r1, [sp, #24]
 8005298:	f7fe fdf2 	bl	8003e80 <__aeabi_dcmple>
 800529c:	2800      	cmp	r0, #0
 800529e:	f000 8293 	beq.w	80057c8 <_dtoa_r+0x968>
 80052a2:	2500      	movs	r5, #0
 80052a4:	462c      	mov	r4, r5
 80052a6:	9b0c      	ldr	r3, [sp, #48]	@ 0x30
 80052a8:	9e00      	ldr	r6, [sp, #0]
 80052aa:	43db      	mvns	r3, r3
 80052ac:	9302      	str	r3, [sp, #8]
 80052ae:	4627      	mov	r7, r4
 80052b0:	2400      	movs	r4, #0
 80052b2:	4629      	mov	r1, r5
 80052b4:	4648      	mov	r0, r9
 80052b6:	f000 fd6f 	bl	8005d98 <_Bfree>
 80052ba:	2f00      	cmp	r7, #0
 80052bc:	f000 80ee 	beq.w	800549c <_dtoa_r+0x63c>
 80052c0:	b12c      	cbz	r4, 80052ce <_dtoa_r+0x46e>
 80052c2:	42bc      	cmp	r4, r7
 80052c4:	d003      	beq.n	80052ce <_dtoa_r+0x46e>
 80052c6:	4621      	mov	r1, r4
 80052c8:	4648      	mov	r0, r9
 80052ca:	f000 fd65 	bl	8005d98 <_Bfree>
 80052ce:	4639      	mov	r1, r7
 80052d0:	4648      	mov	r0, r9
 80052d2:	f000 fd61 	bl	8005d98 <_Bfree>
 80052d6:	e0e1      	b.n	800549c <_dtoa_r+0x63c>
 80052d8:	ed9d 7b06 	vldr	d7, [sp, #24]
 80052dc:	2402      	movs	r4, #2
 80052de:	ed8d 7b02 	vstr	d7, [sp, #8]
 80052e2:	e762      	b.n	80051aa <_dtoa_r+0x34a>
 80052e4:	07e9      	lsls	r1, r5, #31
 80052e6:	d508      	bpl.n	80052fa <_dtoa_r+0x49a>
 80052e8:	4650      	mov	r0, sl
 80052ea:	4659      	mov	r1, fp
 80052ec:	e9d6 2300 	ldrd	r2, r3, [r6]
 80052f0:	f7fe fb4a 	bl	8003988 <__aeabi_dmul>
 80052f4:	3401      	adds	r4, #1
 80052f6:	4682      	mov	sl, r0
 80052f8:	468b      	mov	fp, r1
 80052fa:	106d      	asrs	r5, r5, #1
 80052fc:	3608      	adds	r6, #8
 80052fe:	e755      	b.n	80051ac <_dtoa_r+0x34c>
 8005300:	d022      	beq.n	8005348 <_dtoa_r+0x4e8>
 8005302:	f1c8 0500 	rsb	r5, r8, #0
 8005306:	4b3c      	ldr	r3, [pc, #240]	@ (80053f8 <_dtoa_r+0x598>)
 8005308:	4e3c      	ldr	r6, [pc, #240]	@ (80053fc <_dtoa_r+0x59c>)
 800530a:	f005 020f 	and.w	r2, r5, #15
 800530e:	eb03 03c2 	add.w	r3, r3, r2, lsl #3
 8005312:	e9d3 2300 	ldrd	r2, r3, [r3]
 8005316:	e9dd 0106 	ldrd	r0, r1, [sp, #24]
 800531a:	f7fe fb35 	bl	8003988 <__aeabi_dmul>
 800531e:	112d      	asrs	r5, r5, #4
 8005320:	4682      	mov	sl, r0
 8005322:	468b      	mov	fp, r1
 8005324:	2402      	movs	r4, #2
 8005326:	2d00      	cmp	r5, #0
 8005328:	f43f af4b 	beq.w	80051c2 <_dtoa_r+0x362>
 800532c:	07ea      	lsls	r2, r5, #31
 800532e:	d508      	bpl.n	8005342 <_dtoa_r+0x4e2>
 8005330:	4650      	mov	r0, sl
 8005332:	4659      	mov	r1, fp
 8005334:	e9d6 2300 	ldrd	r2, r3, [r6]
 8005338:	f7fe fb26 	bl	8003988 <__aeabi_dmul>
 800533c:	3401      	adds	r4, #1
 800533e:	4682      	mov	sl, r0
 8005340:	468b      	mov	fp, r1
 8005342:	106d      	asrs	r5, r5, #1
 8005344:	3608      	adds	r6, #8
 8005346:	e7ee      	b.n	8005326 <_dtoa_r+0x4c6>
 8005348:	e9dd ab06 	ldrd	sl, fp, [sp, #24]
 800534c:	2402      	movs	r4, #2
 800534e:	e738      	b.n	80051c2 <_dtoa_r+0x362>
 8005350:	9e04      	ldr	r6, [sp, #16]
 8005352:	f8cd 8008 	str.w	r8, [sp, #8]
 8005356:	e755      	b.n	8005204 <_dtoa_r+0x3a4>
 8005358:	4b27      	ldr	r3, [pc, #156]	@ (80053f8 <_dtoa_r+0x598>)
 800535a:	eb03 03c6 	add.w	r3, r3, r6, lsl #3
 800535e:	e953 0102 	ldrd	r0, r1, [r3, #-8]
 8005362:	9b0b      	ldr	r3, [sp, #44]	@ 0x2c
 8005364:	2b00      	cmp	r3, #0
 8005366:	d055      	beq.n	8005414 <_dtoa_r+0x5b4>
 8005368:	4602      	mov	r2, r0
 800536a:	460b      	mov	r3, r1
 800536c:	2000      	movs	r0, #0
 800536e:	4928      	ldr	r1, [pc, #160]	@ (8005410 <_dtoa_r+0x5b0>)
 8005370:	f7fe fc34 	bl	8003bdc <__aeabi_ddiv>
 8005374:	e9dd 2310 	ldrd	r2, r3, [sp, #64]	@ 0x40
 8005378:	f7fe f94e 	bl	8003618 <__aeabi_dsub>
 800537c:	9b00      	ldr	r3, [sp, #0]
 800537e:	e9cd 0110 	strd	r0, r1, [sp, #64]	@ 0x40
 8005382:	199d      	adds	r5, r3, r6
 8005384:	461e      	mov	r6, r3
 8005386:	4659      	mov	r1, fp
 8005388:	4650      	mov	r0, sl
 800538a:	f7fe fdad 	bl	8003ee8 <__aeabi_d2iz>
 800538e:	f100 0430 	add.w	r4, r0, #48	@ 0x30
 8005392:	f7fe fa8f 	bl	80038b4 <__aeabi_i2d>
 8005396:	4602      	mov	r2, r0
 8005398:	460b      	mov	r3, r1
 800539a:	4650      	mov	r0, sl
 800539c:	4659      	mov	r1, fp
 800539e:	f7fe f93b 	bl	8003618 <__aeabi_dsub>
 80053a2:	e9dd 2310 	ldrd	r2, r3, [sp, #64]	@ 0x40
 80053a6:	f806 4b01 	strb.w	r4, [r6], #1
 80053aa:	4682      	mov	sl, r0
 80053ac:	468b      	mov	fp, r1
 80053ae:	f7fe fd5d 	bl	8003e6c <__aeabi_dcmplt>
 80053b2:	2800      	cmp	r0, #0
 80053b4:	d172      	bne.n	800549c <_dtoa_r+0x63c>
 80053b6:	4652      	mov	r2, sl
 80053b8:	465b      	mov	r3, fp
 80053ba:	4911      	ldr	r1, [pc, #68]	@ (8005400 <_dtoa_r+0x5a0>)
 80053bc:	2000      	movs	r0, #0
 80053be:	f7fe f92b 	bl	8003618 <__aeabi_dsub>
 80053c2:	e9dd 2310 	ldrd	r2, r3, [sp, #64]	@ 0x40
 80053c6:	f7fe fd51 	bl	8003e6c <__aeabi_dcmplt>
 80053ca:	2800      	cmp	r0, #0
 80053cc:	f040 80b6 	bne.w	800553c <_dtoa_r+0x6dc>
 80053d0:	42ae      	cmp	r6, r5
 80053d2:	f43f af41 	beq.w	8005258 <_dtoa_r+0x3f8>
 80053d6:	e9dd 0110 	ldrd	r0, r1, [sp, #64]	@ 0x40
 80053da:	4b0a      	ldr	r3, [pc, #40]	@ (8005404 <_dtoa_r+0x5a4>)
 80053dc:	2200      	movs	r2, #0
 80053de:	f7fe fad3 	bl	8003988 <__aeabi_dmul>
 80053e2:	4b08      	ldr	r3, [pc, #32]	@ (8005404 <_dtoa_r+0x5a4>)
 80053e4:	e9cd 0110 	strd	r0, r1, [sp, #64]	@ 0x40
 80053e8:	2200      	movs	r2, #0
 80053ea:	4650      	mov	r0, sl
 80053ec:	4659      	mov	r1, fp
 80053ee:	f7fe facb 	bl	8003988 <__aeabi_dmul>
 80053f2:	4682      	mov	sl, r0
 80053f4:	468b      	mov	fp, r1
 80053f6:	e7c6      	b.n	8005386 <_dtoa_r+0x526>
 80053f8:	08007390 	.word	0x08007390
 80053fc:	08007368 	.word	0x08007368
 8005400:	3ff00000 	.word	0x3ff00000
 8005404:	40240000 	.word	0x40240000
 8005408:	401c0000 	.word	0x401c0000
 800540c:	40140000 	.word	0x40140000
 8005410:	3fe00000 	.word	0x3fe00000
 8005414:	e9dd 2310 	ldrd	r2, r3, [sp, #64]	@ 0x40
 8005418:	f7fe fab6 	bl	8003988 <__aeabi_dmul>
 800541c:	9b00      	ldr	r3, [sp, #0]
 800541e:	9c00      	ldr	r4, [sp, #0]
 8005420:	e9cd 0110 	strd	r0, r1, [sp, #64]	@ 0x40
 8005424:	4433      	add	r3, r6
 8005426:	9315      	str	r3, [sp, #84]	@ 0x54
 8005428:	4659      	mov	r1, fp
 800542a:	4650      	mov	r0, sl
 800542c:	f7fe fd5c 	bl	8003ee8 <__aeabi_d2iz>
 8005430:	f100 0530 	add.w	r5, r0, #48	@ 0x30
 8005434:	f7fe fa3e 	bl	80038b4 <__aeabi_i2d>
 8005438:	460b      	mov	r3, r1
 800543a:	4602      	mov	r2, r0
 800543c:	4659      	mov	r1, fp
 800543e:	4650      	mov	r0, sl
 8005440:	f7fe f8ea 	bl	8003618 <__aeabi_dsub>
 8005444:	f804 5b01 	strb.w	r5, [r4], #1
 8005448:	9b15      	ldr	r3, [sp, #84]	@ 0x54
 800544a:	429c      	cmp	r4, r3
 800544c:	4682      	mov	sl, r0
 800544e:	468b      	mov	fp, r1
 8005450:	d127      	bne.n	80054a2 <_dtoa_r+0x642>
 8005452:	9b00      	ldr	r3, [sp, #0]
 8005454:	2200      	movs	r2, #0
 8005456:	e9dd 0110 	ldrd	r0, r1, [sp, #64]	@ 0x40
 800545a:	441e      	add	r6, r3
 800545c:	4baa      	ldr	r3, [pc, #680]	@ (8005708 <_dtoa_r+0x8a8>)
 800545e:	f7fe f8dd 	bl	800361c <__adddf3>
 8005462:	4602      	mov	r2, r0
 8005464:	460b      	mov	r3, r1
 8005466:	4650      	mov	r0, sl
 8005468:	4659      	mov	r1, fp
 800546a:	f7fe fd1d 	bl	8003ea8 <__aeabi_dcmpgt>
 800546e:	2800      	cmp	r0, #0
 8005470:	d164      	bne.n	800553c <_dtoa_r+0x6dc>
 8005472:	e9dd 2310 	ldrd	r2, r3, [sp, #64]	@ 0x40
 8005476:	49a4      	ldr	r1, [pc, #656]	@ (8005708 <_dtoa_r+0x8a8>)
 8005478:	2000      	movs	r0, #0
 800547a:	f7fe f8cd 	bl	8003618 <__aeabi_dsub>
 800547e:	4602      	mov	r2, r0
 8005480:	460b      	mov	r3, r1
 8005482:	4650      	mov	r0, sl
 8005484:	4659      	mov	r1, fp
 8005486:	f7fe fcf1 	bl	8003e6c <__aeabi_dcmplt>
 800548a:	2800      	cmp	r0, #0
 800548c:	f43f aee4 	beq.w	8005258 <_dtoa_r+0x3f8>
 8005490:	4633      	mov	r3, r6
 8005492:	f816 2d01 	ldrb.w	r2, [r6, #-1]!
 8005496:	2a30      	cmp	r2, #48	@ 0x30
 8005498:	d0fa      	beq.n	8005490 <_dtoa_r+0x630>
 800549a:	461e      	mov	r6, r3
 800549c:	f8dd 8008 	ldr.w	r8, [sp, #8]
 80054a0:	e03a      	b.n	8005518 <_dtoa_r+0x6b8>
 80054a2:	4b9a      	ldr	r3, [pc, #616]	@ (800570c <_dtoa_r+0x8ac>)
 80054a4:	2200      	movs	r2, #0
 80054a6:	f7fe fa6f 	bl	8003988 <__aeabi_dmul>
 80054aa:	4682      	mov	sl, r0
 80054ac:	468b      	mov	fp, r1
 80054ae:	e7bb      	b.n	8005428 <_dtoa_r+0x5c8>
 80054b0:	9e00      	ldr	r6, [sp, #0]
 80054b2:	4652      	mov	r2, sl
 80054b4:	465b      	mov	r3, fp
 80054b6:	e9dd 0106 	ldrd	r0, r1, [sp, #24]
 80054ba:	f7fe fb8f 	bl	8003bdc <__aeabi_ddiv>
 80054be:	f7fe fd13 	bl	8003ee8 <__aeabi_d2iz>
 80054c2:	4607      	mov	r7, r0
 80054c4:	f7fe f9f6 	bl	80038b4 <__aeabi_i2d>
 80054c8:	4652      	mov	r2, sl
 80054ca:	465b      	mov	r3, fp
 80054cc:	f7fe fa5c 	bl	8003988 <__aeabi_dmul>
 80054d0:	4602      	mov	r2, r0
 80054d2:	460b      	mov	r3, r1
 80054d4:	e9dd 0106 	ldrd	r0, r1, [sp, #24]
 80054d8:	f7fe f89e 	bl	8003618 <__aeabi_dsub>
 80054dc:	f107 0c30 	add.w	ip, r7, #48	@ 0x30
 80054e0:	9c00      	ldr	r4, [sp, #0]
 80054e2:	f806 cb01 	strb.w	ip, [r6], #1
 80054e6:	eba6 0c04 	sub.w	ip, r6, r4
 80054ea:	9c04      	ldr	r4, [sp, #16]
 80054ec:	4564      	cmp	r4, ip
 80054ee:	4602      	mov	r2, r0
 80054f0:	460b      	mov	r3, r1
 80054f2:	d133      	bne.n	800555c <_dtoa_r+0x6fc>
 80054f4:	f7fe f892 	bl	800361c <__adddf3>
 80054f8:	4652      	mov	r2, sl
 80054fa:	465b      	mov	r3, fp
 80054fc:	4604      	mov	r4, r0
 80054fe:	460d      	mov	r5, r1
 8005500:	f7fe fcd2 	bl	8003ea8 <__aeabi_dcmpgt>
 8005504:	b9c0      	cbnz	r0, 8005538 <_dtoa_r+0x6d8>
 8005506:	4652      	mov	r2, sl
 8005508:	465b      	mov	r3, fp
 800550a:	4620      	mov	r0, r4
 800550c:	4629      	mov	r1, r5
 800550e:	f7fe fca3 	bl	8003e58 <__aeabi_dcmpeq>
 8005512:	b108      	cbz	r0, 8005518 <_dtoa_r+0x6b8>
 8005514:	07fb      	lsls	r3, r7, #31
 8005516:	d40f      	bmi.n	8005538 <_dtoa_r+0x6d8>
 8005518:	9901      	ldr	r1, [sp, #4]
 800551a:	4648      	mov	r0, r9
 800551c:	f000 fc3c 	bl	8005d98 <_Bfree>
 8005520:	2300      	movs	r3, #0
 8005522:	9a13      	ldr	r2, [sp, #76]	@ 0x4c
 8005524:	7033      	strb	r3, [r6, #0]
 8005526:	f108 0301 	add.w	r3, r8, #1
 800552a:	6013      	str	r3, [r2, #0]
 800552c:	9b23      	ldr	r3, [sp, #140]	@ 0x8c
 800552e:	2b00      	cmp	r3, #0
 8005530:	f43f ace6 	beq.w	8004f00 <_dtoa_r+0xa0>
 8005534:	601e      	str	r6, [r3, #0]
 8005536:	e4e3      	b.n	8004f00 <_dtoa_r+0xa0>
 8005538:	f8cd 8008 	str.w	r8, [sp, #8]
 800553c:	4633      	mov	r3, r6
 800553e:	461e      	mov	r6, r3
 8005540:	f813 2d01 	ldrb.w	r2, [r3, #-1]!
 8005544:	2a39      	cmp	r2, #57	@ 0x39
 8005546:	d106      	bne.n	8005556 <_dtoa_r+0x6f6>
 8005548:	9a00      	ldr	r2, [sp, #0]
 800554a:	429a      	cmp	r2, r3
 800554c:	d1f7      	bne.n	800553e <_dtoa_r+0x6de>
 800554e:	9a02      	ldr	r2, [sp, #8]
 8005550:	3201      	adds	r2, #1
 8005552:	9202      	str	r2, [sp, #8]
 8005554:	2230      	movs	r2, #48	@ 0x30
 8005556:	3201      	adds	r2, #1
 8005558:	701a      	strb	r2, [r3, #0]
 800555a:	e79f      	b.n	800549c <_dtoa_r+0x63c>
 800555c:	4b6b      	ldr	r3, [pc, #428]	@ (800570c <_dtoa_r+0x8ac>)
 800555e:	2200      	movs	r2, #0
 8005560:	f7fe fa12 	bl	8003988 <__aeabi_dmul>
 8005564:	4602      	mov	r2, r0
 8005566:	460b      	mov	r3, r1
 8005568:	e9cd 2306 	strd	r2, r3, [sp, #24]
 800556c:	2200      	movs	r2, #0
 800556e:	2300      	movs	r3, #0
 8005570:	f7fe fc72 	bl	8003e58 <__aeabi_dcmpeq>
 8005574:	2800      	cmp	r0, #0
 8005576:	d09c      	beq.n	80054b2 <_dtoa_r+0x652>
 8005578:	e7ce      	b.n	8005518 <_dtoa_r+0x6b8>
 800557a:	9a0b      	ldr	r2, [sp, #44]	@ 0x2c
 800557c:	2a00      	cmp	r2, #0
 800557e:	f000 80df 	beq.w	8005740 <_dtoa_r+0x8e0>
 8005582:	9a0a      	ldr	r2, [sp, #40]	@ 0x28
 8005584:	2a01      	cmp	r2, #1
 8005586:	f300 80c3 	bgt.w	8005710 <_dtoa_r+0x8b0>
 800558a:	9a14      	ldr	r2, [sp, #80]	@ 0x50
 800558c:	2a00      	cmp	r2, #0
 800558e:	f000 80b7 	beq.w	8005700 <_dtoa_r+0x8a0>
 8005592:	f203 4333 	addw	r3, r3, #1075	@ 0x433
 8005596:	9d09      	ldr	r5, [sp, #36]	@ 0x24
 8005598:	463e      	mov	r6, r7
 800559a:	9a08      	ldr	r2, [sp, #32]
 800559c:	2101      	movs	r1, #1
 800559e:	441a      	add	r2, r3
 80055a0:	4648      	mov	r0, r9
 80055a2:	441f      	add	r7, r3
 80055a4:	9208      	str	r2, [sp, #32]
 80055a6:	f000 fcab 	bl	8005f00 <__i2b>
 80055aa:	4604      	mov	r4, r0
 80055ac:	b156      	cbz	r6, 80055c4 <_dtoa_r+0x764>
 80055ae:	9b08      	ldr	r3, [sp, #32]
 80055b0:	2b00      	cmp	r3, #0
 80055b2:	dd07      	ble.n	80055c4 <_dtoa_r+0x764>
 80055b4:	42b3      	cmp	r3, r6
 80055b6:	9a08      	ldr	r2, [sp, #32]
 80055b8:	bfa8      	it	ge
 80055ba:	4633      	movge	r3, r6
 80055bc:	1aff      	subs	r7, r7, r3
 80055be:	1af6      	subs	r6, r6, r3
 80055c0:	1ad3      	subs	r3, r2, r3
 80055c2:	9308      	str	r3, [sp, #32]
 80055c4:	9b09      	ldr	r3, [sp, #36]	@ 0x24
 80055c6:	b30b      	cbz	r3, 800560c <_dtoa_r+0x7ac>
 80055c8:	9b0b      	ldr	r3, [sp, #44]	@ 0x2c
 80055ca:	2b00      	cmp	r3, #0
 80055cc:	f000 80bf 	beq.w	800574e <_dtoa_r+0x8ee>
 80055d0:	2d00      	cmp	r5, #0
 80055d2:	f000 80b9 	beq.w	8005748 <_dtoa_r+0x8e8>
 80055d6:	4621      	mov	r1, r4
 80055d8:	462a      	mov	r2, r5
 80055da:	4648      	mov	r0, r9
 80055dc:	f000 fd5c 	bl	8006098 <__pow5mult>
 80055e0:	9a01      	ldr	r2, [sp, #4]
 80055e2:	4601      	mov	r1, r0
 80055e4:	4604      	mov	r4, r0
 80055e6:	4648      	mov	r0, r9
 80055e8:	f000 fca0 	bl	8005f2c <__multiply>
 80055ec:	9901      	ldr	r1, [sp, #4]
 80055ee:	4682      	mov	sl, r0
 80055f0:	4648      	mov	r0, r9
 80055f2:	f000 fbd1 	bl	8005d98 <_Bfree>
 80055f6:	9b09      	ldr	r3, [sp, #36]	@ 0x24
 80055f8:	1b5b      	subs	r3, r3, r5
 80055fa:	9309      	str	r3, [sp, #36]	@ 0x24
 80055fc:	f000 80aa 	beq.w	8005754 <_dtoa_r+0x8f4>
 8005600:	9a09      	ldr	r2, [sp, #36]	@ 0x24
 8005602:	4651      	mov	r1, sl
 8005604:	4648      	mov	r0, r9
 8005606:	f000 fd47 	bl	8006098 <__pow5mult>
 800560a:	9001      	str	r0, [sp, #4]
 800560c:	2101      	movs	r1, #1
 800560e:	4648      	mov	r0, r9
 8005610:	f000 fc76 	bl	8005f00 <__i2b>
 8005614:	9b0d      	ldr	r3, [sp, #52]	@ 0x34
 8005616:	4605      	mov	r5, r0
 8005618:	2b00      	cmp	r3, #0
 800561a:	f000 81d0 	beq.w	80059be <_dtoa_r+0xb5e>
 800561e:	461a      	mov	r2, r3
 8005620:	4601      	mov	r1, r0
 8005622:	4648      	mov	r0, r9
 8005624:	f000 fd38 	bl	8006098 <__pow5mult>
 8005628:	9b0a      	ldr	r3, [sp, #40]	@ 0x28
 800562a:	2b01      	cmp	r3, #1
 800562c:	4605      	mov	r5, r0
 800562e:	f300 8099 	bgt.w	8005764 <_dtoa_r+0x904>
 8005632:	9b0e      	ldr	r3, [sp, #56]	@ 0x38
 8005634:	2b00      	cmp	r3, #0
 8005636:	f040 8090 	bne.w	800575a <_dtoa_r+0x8fa>
 800563a:	9b0f      	ldr	r3, [sp, #60]	@ 0x3c
 800563c:	f3c3 0313 	ubfx	r3, r3, #0, #20
 8005640:	2b00      	cmp	r3, #0
 8005642:	f040 808a 	bne.w	800575a <_dtoa_r+0x8fa>
 8005646:	9b0f      	ldr	r3, [sp, #60]	@ 0x3c
 8005648:	f023 4300 	bic.w	r3, r3, #2147483648	@ 0x80000000
 800564c:	0d1b      	lsrs	r3, r3, #20
 800564e:	051b      	lsls	r3, r3, #20
 8005650:	2b00      	cmp	r3, #0
 8005652:	f000 8085 	beq.w	8005760 <_dtoa_r+0x900>
 8005656:	9b08      	ldr	r3, [sp, #32]
 8005658:	3301      	adds	r3, #1
 800565a:	3701      	adds	r7, #1
 800565c:	9308      	str	r3, [sp, #32]
 800565e:	f04f 0a01 	mov.w	sl, #1
 8005662:	9b0d      	ldr	r3, [sp, #52]	@ 0x34
 8005664:	2b00      	cmp	r3, #0
 8005666:	f000 81b0 	beq.w	80059ca <_dtoa_r+0xb6a>
 800566a:	692b      	ldr	r3, [r5, #16]
 800566c:	eb05 0383 	add.w	r3, r5, r3, lsl #2
 8005670:	6918      	ldr	r0, [r3, #16]
 8005672:	f000 fbf9 	bl	8005e68 <__hi0bits>
 8005676:	f1c0 0020 	rsb	r0, r0, #32
 800567a:	9b08      	ldr	r3, [sp, #32]
 800567c:	4418      	add	r0, r3
 800567e:	f010 001f 	ands.w	r0, r0, #31
 8005682:	d076      	beq.n	8005772 <_dtoa_r+0x912>
 8005684:	281b      	cmp	r0, #27
 8005686:	dc70      	bgt.n	800576a <_dtoa_r+0x90a>
 8005688:	f1c0 001c 	rsb	r0, r0, #28
 800568c:	4407      	add	r7, r0
 800568e:	4406      	add	r6, r0
 8005690:	4403      	add	r3, r0
 8005692:	9308      	str	r3, [sp, #32]
 8005694:	2f00      	cmp	r7, #0
 8005696:	dd05      	ble.n	80056a4 <_dtoa_r+0x844>
 8005698:	9901      	ldr	r1, [sp, #4]
 800569a:	463a      	mov	r2, r7
 800569c:	4648      	mov	r0, r9
 800569e:	f000 fd57 	bl	8006150 <__lshift>
 80056a2:	9001      	str	r0, [sp, #4]
 80056a4:	9b08      	ldr	r3, [sp, #32]
 80056a6:	2b00      	cmp	r3, #0
 80056a8:	dd05      	ble.n	80056b6 <_dtoa_r+0x856>
 80056aa:	4629      	mov	r1, r5
 80056ac:	461a      	mov	r2, r3
 80056ae:	4648      	mov	r0, r9
 80056b0:	f000 fd4e 	bl	8006150 <__lshift>
 80056b4:	4605      	mov	r5, r0
 80056b6:	9b12      	ldr	r3, [sp, #72]	@ 0x48
 80056b8:	2b00      	cmp	r3, #0
 80056ba:	d05f      	beq.n	800577c <_dtoa_r+0x91c>
 80056bc:	9801      	ldr	r0, [sp, #4]
 80056be:	4629      	mov	r1, r5
 80056c0:	f000 fdb8 	bl	8006234 <__mcmp>
 80056c4:	2800      	cmp	r0, #0
 80056c6:	da59      	bge.n	800577c <_dtoa_r+0x91c>
 80056c8:	f108 33ff 	add.w	r3, r8, #4294967295	@ 0xffffffff
 80056cc:	9302      	str	r3, [sp, #8]
 80056ce:	9901      	ldr	r1, [sp, #4]
 80056d0:	2300      	movs	r3, #0
 80056d2:	220a      	movs	r2, #10
 80056d4:	4648      	mov	r0, r9
 80056d6:	f000 fb81 	bl	8005ddc <__multadd>
 80056da:	9b0b      	ldr	r3, [sp, #44]	@ 0x2c
 80056dc:	9001      	str	r0, [sp, #4]
 80056de:	2b00      	cmp	r3, #0
 80056e0:	f000 8175 	beq.w	80059ce <_dtoa_r+0xb6e>
 80056e4:	2300      	movs	r3, #0
 80056e6:	4621      	mov	r1, r4
 80056e8:	220a      	movs	r2, #10
 80056ea:	4648      	mov	r0, r9
 80056ec:	f000 fb76 	bl	8005ddc <__multadd>
 80056f0:	9b05      	ldr	r3, [sp, #20]
 80056f2:	2b00      	cmp	r3, #0
 80056f4:	4604      	mov	r4, r0
 80056f6:	dc71      	bgt.n	80057dc <_dtoa_r+0x97c>
 80056f8:	9b0a      	ldr	r3, [sp, #40]	@ 0x28
 80056fa:	2b02      	cmp	r3, #2
 80056fc:	dc47      	bgt.n	800578e <_dtoa_r+0x92e>
 80056fe:	e06d      	b.n	80057dc <_dtoa_r+0x97c>
 8005700:	9b16      	ldr	r3, [sp, #88]	@ 0x58
 8005702:	f1c3 0336 	rsb	r3, r3, #54	@ 0x36
 8005706:	e746      	b.n	8005596 <_dtoa_r+0x736>
 8005708:	3fe00000 	.word	0x3fe00000
 800570c:	40240000 	.word	0x40240000
 8005710:	9b04      	ldr	r3, [sp, #16]
 8005712:	1e5d      	subs	r5, r3, #1
 8005714:	9b09      	ldr	r3, [sp, #36]	@ 0x24
 8005716:	42ab      	cmp	r3, r5
 8005718:	db08      	blt.n	800572c <_dtoa_r+0x8cc>
 800571a:	1b5d      	subs	r5, r3, r5
 800571c:	9b04      	ldr	r3, [sp, #16]
 800571e:	2b00      	cmp	r3, #0
 8005720:	f6bf af3a 	bge.w	8005598 <_dtoa_r+0x738>
 8005724:	9b04      	ldr	r3, [sp, #16]
 8005726:	1afe      	subs	r6, r7, r3
 8005728:	2300      	movs	r3, #0
 800572a:	e736      	b.n	800559a <_dtoa_r+0x73a>
 800572c:	9b09      	ldr	r3, [sp, #36]	@ 0x24
 800572e:	9a0d      	ldr	r2, [sp, #52]	@ 0x34
 8005730:	9509      	str	r5, [sp, #36]	@ 0x24
 8005732:	1aeb      	subs	r3, r5, r3
 8005734:	441a      	add	r2, r3
 8005736:	920d      	str	r2, [sp, #52]	@ 0x34
 8005738:	9b04      	ldr	r3, [sp, #16]
 800573a:	463e      	mov	r6, r7
 800573c:	2500      	movs	r5, #0
 800573e:	e72c      	b.n	800559a <_dtoa_r+0x73a>
 8005740:	9d09      	ldr	r5, [sp, #36]	@ 0x24
 8005742:	9c0b      	ldr	r4, [sp, #44]	@ 0x2c
 8005744:	463e      	mov	r6, r7
 8005746:	e731      	b.n	80055ac <_dtoa_r+0x74c>
 8005748:	f8dd a004 	ldr.w	sl, [sp, #4]
 800574c:	e758      	b.n	8005600 <_dtoa_r+0x7a0>
 800574e:	9a09      	ldr	r2, [sp, #36]	@ 0x24
 8005750:	9901      	ldr	r1, [sp, #4]
 8005752:	e757      	b.n	8005604 <_dtoa_r+0x7a4>
 8005754:	f8cd a004 	str.w	sl, [sp, #4]
 8005758:	e758      	b.n	800560c <_dtoa_r+0x7ac>
 800575a:	f04f 0a00 	mov.w	sl, #0
 800575e:	e780      	b.n	8005662 <_dtoa_r+0x802>
 8005760:	469a      	mov	sl, r3
 8005762:	e77e      	b.n	8005662 <_dtoa_r+0x802>
 8005764:	f04f 0a00 	mov.w	sl, #0
 8005768:	e77f      	b.n	800566a <_dtoa_r+0x80a>
 800576a:	281c      	cmp	r0, #28
 800576c:	d092      	beq.n	8005694 <_dtoa_r+0x834>
 800576e:	f1c0 0020 	rsb	r0, r0, #32
 8005772:	301c      	adds	r0, #28
 8005774:	9b08      	ldr	r3, [sp, #32]
 8005776:	4407      	add	r7, r0
 8005778:	4406      	add	r6, r0
 800577a:	e789      	b.n	8005690 <_dtoa_r+0x830>
 800577c:	9b04      	ldr	r3, [sp, #16]
 800577e:	f8cd 8008 	str.w	r8, [sp, #8]
 8005782:	2b00      	cmp	r3, #0
 8005784:	dc24      	bgt.n	80057d0 <_dtoa_r+0x970>
 8005786:	9305      	str	r3, [sp, #20]
 8005788:	9b0a      	ldr	r3, [sp, #40]	@ 0x28
 800578a:	2b02      	cmp	r3, #2
 800578c:	dd22      	ble.n	80057d4 <_dtoa_r+0x974>
 800578e:	9b05      	ldr	r3, [sp, #20]
 8005790:	2b00      	cmp	r3, #0
 8005792:	f47f ad88 	bne.w	80052a6 <_dtoa_r+0x446>
 8005796:	4629      	mov	r1, r5
 8005798:	9b05      	ldr	r3, [sp, #20]
 800579a:	2205      	movs	r2, #5
 800579c:	4648      	mov	r0, r9
 800579e:	f000 fb1d 	bl	8005ddc <__multadd>
 80057a2:	4601      	mov	r1, r0
 80057a4:	4605      	mov	r5, r0
 80057a6:	9801      	ldr	r0, [sp, #4]
 80057a8:	f000 fd44 	bl	8006234 <__mcmp>
 80057ac:	2800      	cmp	r0, #0
 80057ae:	f77f ad7a 	ble.w	80052a6 <_dtoa_r+0x446>
 80057b2:	9e00      	ldr	r6, [sp, #0]
 80057b4:	2331      	movs	r3, #49	@ 0x31
 80057b6:	f806 3b01 	strb.w	r3, [r6], #1
 80057ba:	9b02      	ldr	r3, [sp, #8]
 80057bc:	3301      	adds	r3, #1
 80057be:	9302      	str	r3, [sp, #8]
 80057c0:	e575      	b.n	80052ae <_dtoa_r+0x44e>
 80057c2:	4635      	mov	r5, r6
 80057c4:	462c      	mov	r4, r5
 80057c6:	e7f4      	b.n	80057b2 <_dtoa_r+0x952>
 80057c8:	9d04      	ldr	r5, [sp, #16]
 80057ca:	f8cd 8008 	str.w	r8, [sp, #8]
 80057ce:	e7f9      	b.n	80057c4 <_dtoa_r+0x964>
 80057d0:	9b04      	ldr	r3, [sp, #16]
 80057d2:	9305      	str	r3, [sp, #20]
 80057d4:	9b0b      	ldr	r3, [sp, #44]	@ 0x2c
 80057d6:	2b00      	cmp	r3, #0
 80057d8:	f000 80fd 	beq.w	80059d6 <_dtoa_r+0xb76>
 80057dc:	2e00      	cmp	r6, #0
 80057de:	dd05      	ble.n	80057ec <_dtoa_r+0x98c>
 80057e0:	4621      	mov	r1, r4
 80057e2:	4632      	mov	r2, r6
 80057e4:	4648      	mov	r0, r9
 80057e6:	f000 fcb3 	bl	8006150 <__lshift>
 80057ea:	4604      	mov	r4, r0
 80057ec:	f1ba 0f00 	cmp.w	sl, #0
 80057f0:	d058      	beq.n	80058a4 <_dtoa_r+0xa44>
 80057f2:	6861      	ldr	r1, [r4, #4]
 80057f4:	4648      	mov	r0, r9
 80057f6:	f000 fa91 	bl	8005d1c <_Balloc>
 80057fa:	4606      	mov	r6, r0
 80057fc:	b928      	cbnz	r0, 800580a <_dtoa_r+0x9aa>
 80057fe:	4b81      	ldr	r3, [pc, #516]	@ (8005a04 <_dtoa_r+0xba4>)
 8005800:	4602      	mov	r2, r0
 8005802:	f240 21ef 	movw	r1, #751	@ 0x2ef
 8005806:	f7ff bb42 	b.w	8004e8e <_dtoa_r+0x2e>
 800580a:	6922      	ldr	r2, [r4, #16]
 800580c:	3202      	adds	r2, #2
 800580e:	0092      	lsls	r2, r2, #2
 8005810:	f104 010c 	add.w	r1, r4, #12
 8005814:	300c      	adds	r0, #12
 8005816:	f7ff fa8d 	bl	8004d34 <memcpy>
 800581a:	2201      	movs	r2, #1
 800581c:	4631      	mov	r1, r6
 800581e:	4648      	mov	r0, r9
 8005820:	f000 fc96 	bl	8006150 <__lshift>
 8005824:	4607      	mov	r7, r0
 8005826:	9b00      	ldr	r3, [sp, #0]
 8005828:	9a00      	ldr	r2, [sp, #0]
 800582a:	f103 0801 	add.w	r8, r3, #1
 800582e:	9b05      	ldr	r3, [sp, #20]
 8005830:	4413      	add	r3, r2
 8005832:	9306      	str	r3, [sp, #24]
 8005834:	9b0e      	ldr	r3, [sp, #56]	@ 0x38
 8005836:	f003 0301 	and.w	r3, r3, #1
 800583a:	9308      	str	r3, [sp, #32]
 800583c:	4629      	mov	r1, r5
 800583e:	9801      	ldr	r0, [sp, #4]
 8005840:	f7ff fa86 	bl	8004d50 <quorem>
 8005844:	4621      	mov	r1, r4
 8005846:	9004      	str	r0, [sp, #16]
 8005848:	f100 0b30 	add.w	fp, r0, #48	@ 0x30
 800584c:	9801      	ldr	r0, [sp, #4]
 800584e:	f000 fcf1 	bl	8006234 <__mcmp>
 8005852:	463a      	mov	r2, r7
 8005854:	9005      	str	r0, [sp, #20]
 8005856:	4629      	mov	r1, r5
 8005858:	4648      	mov	r0, r9
 800585a:	f000 fd07 	bl	800626c <__mdiff>
 800585e:	68c2      	ldr	r2, [r0, #12]
 8005860:	f108 3aff 	add.w	sl, r8, #4294967295	@ 0xffffffff
 8005864:	4606      	mov	r6, r0
 8005866:	b9fa      	cbnz	r2, 80058a8 <_dtoa_r+0xa48>
 8005868:	4601      	mov	r1, r0
 800586a:	9801      	ldr	r0, [sp, #4]
 800586c:	f000 fce2 	bl	8006234 <__mcmp>
 8005870:	4602      	mov	r2, r0
 8005872:	4631      	mov	r1, r6
 8005874:	4648      	mov	r0, r9
 8005876:	9209      	str	r2, [sp, #36]	@ 0x24
 8005878:	f000 fa8e 	bl	8005d98 <_Bfree>
 800587c:	e9dd 2309 	ldrd	r2, r3, [sp, #36]	@ 0x24
 8005880:	ea42 0103 	orr.w	r1, r2, r3
 8005884:	9b08      	ldr	r3, [sp, #32]
 8005886:	4319      	orrs	r1, r3
 8005888:	4646      	mov	r6, r8
 800588a:	d10f      	bne.n	80058ac <_dtoa_r+0xa4c>
 800588c:	f1bb 0f39 	cmp.w	fp, #57	@ 0x39
 8005890:	d028      	beq.n	80058e4 <_dtoa_r+0xa84>
 8005892:	9b05      	ldr	r3, [sp, #20]
 8005894:	2b00      	cmp	r3, #0
 8005896:	dd02      	ble.n	800589e <_dtoa_r+0xa3e>
 8005898:	9b04      	ldr	r3, [sp, #16]
 800589a:	f103 0b31 	add.w	fp, r3, #49	@ 0x31
 800589e:	f88a b000 	strb.w	fp, [sl]
 80058a2:	e506      	b.n	80052b2 <_dtoa_r+0x452>
 80058a4:	4627      	mov	r7, r4
 80058a6:	e7be      	b.n	8005826 <_dtoa_r+0x9c6>
 80058a8:	2201      	movs	r2, #1
 80058aa:	e7e2      	b.n	8005872 <_dtoa_r+0xa12>
 80058ac:	9b05      	ldr	r3, [sp, #20]
 80058ae:	2b00      	cmp	r3, #0
 80058b0:	db04      	blt.n	80058bc <_dtoa_r+0xa5c>
 80058b2:	990a      	ldr	r1, [sp, #40]	@ 0x28
 80058b4:	430b      	orrs	r3, r1
 80058b6:	9908      	ldr	r1, [sp, #32]
 80058b8:	430b      	orrs	r3, r1
 80058ba:	d120      	bne.n	80058fe <_dtoa_r+0xa9e>
 80058bc:	2a00      	cmp	r2, #0
 80058be:	ddee      	ble.n	800589e <_dtoa_r+0xa3e>
 80058c0:	9901      	ldr	r1, [sp, #4]
 80058c2:	2201      	movs	r2, #1
 80058c4:	4648      	mov	r0, r9
 80058c6:	f000 fc43 	bl	8006150 <__lshift>
 80058ca:	4629      	mov	r1, r5
 80058cc:	9001      	str	r0, [sp, #4]
 80058ce:	f000 fcb1 	bl	8006234 <__mcmp>
 80058d2:	2800      	cmp	r0, #0
 80058d4:	dc03      	bgt.n	80058de <_dtoa_r+0xa7e>
 80058d6:	d1e2      	bne.n	800589e <_dtoa_r+0xa3e>
 80058d8:	f01b 0f01 	tst.w	fp, #1
 80058dc:	d0df      	beq.n	800589e <_dtoa_r+0xa3e>
 80058de:	f1bb 0f39 	cmp.w	fp, #57	@ 0x39
 80058e2:	d1d9      	bne.n	8005898 <_dtoa_r+0xa38>
 80058e4:	2339      	movs	r3, #57	@ 0x39
 80058e6:	f88a 3000 	strb.w	r3, [sl]
 80058ea:	4633      	mov	r3, r6
 80058ec:	461e      	mov	r6, r3
 80058ee:	3b01      	subs	r3, #1
 80058f0:	f816 2c01 	ldrb.w	r2, [r6, #-1]
 80058f4:	2a39      	cmp	r2, #57	@ 0x39
 80058f6:	d052      	beq.n	800599e <_dtoa_r+0xb3e>
 80058f8:	3201      	adds	r2, #1
 80058fa:	701a      	strb	r2, [r3, #0]
 80058fc:	e4d9      	b.n	80052b2 <_dtoa_r+0x452>
 80058fe:	2a00      	cmp	r2, #0
 8005900:	dd07      	ble.n	8005912 <_dtoa_r+0xab2>
 8005902:	f1bb 0f39 	cmp.w	fp, #57	@ 0x39
 8005906:	d0ed      	beq.n	80058e4 <_dtoa_r+0xa84>
 8005908:	f10b 0301 	add.w	r3, fp, #1
 800590c:	f88a 3000 	strb.w	r3, [sl]
 8005910:	e4cf      	b.n	80052b2 <_dtoa_r+0x452>
 8005912:	9b06      	ldr	r3, [sp, #24]
 8005914:	f808 bc01 	strb.w	fp, [r8, #-1]
 8005918:	4543      	cmp	r3, r8
 800591a:	d02a      	beq.n	8005972 <_dtoa_r+0xb12>
 800591c:	9901      	ldr	r1, [sp, #4]
 800591e:	2300      	movs	r3, #0
 8005920:	220a      	movs	r2, #10
 8005922:	4648      	mov	r0, r9
 8005924:	f000 fa5a 	bl	8005ddc <__multadd>
 8005928:	42bc      	cmp	r4, r7
 800592a:	9001      	str	r0, [sp, #4]
 800592c:	f04f 0300 	mov.w	r3, #0
 8005930:	f04f 020a 	mov.w	r2, #10
 8005934:	4621      	mov	r1, r4
 8005936:	4648      	mov	r0, r9
 8005938:	d106      	bne.n	8005948 <_dtoa_r+0xae8>
 800593a:	f000 fa4f 	bl	8005ddc <__multadd>
 800593e:	4604      	mov	r4, r0
 8005940:	4607      	mov	r7, r0
 8005942:	f108 0801 	add.w	r8, r8, #1
 8005946:	e779      	b.n	800583c <_dtoa_r+0x9dc>
 8005948:	f000 fa48 	bl	8005ddc <__multadd>
 800594c:	4639      	mov	r1, r7
 800594e:	4604      	mov	r4, r0
 8005950:	2300      	movs	r3, #0
 8005952:	220a      	movs	r2, #10
 8005954:	4648      	mov	r0, r9
 8005956:	f000 fa41 	bl	8005ddc <__multadd>
 800595a:	4607      	mov	r7, r0
 800595c:	e7f1      	b.n	8005942 <_dtoa_r+0xae2>
 800595e:	9b05      	ldr	r3, [sp, #20]
 8005960:	1e5e      	subs	r6, r3, #1
 8005962:	2b00      	cmp	r3, #0
 8005964:	9b00      	ldr	r3, [sp, #0]
 8005966:	bfd8      	it	le
 8005968:	2600      	movle	r6, #0
 800596a:	1c5a      	adds	r2, r3, #1
 800596c:	4627      	mov	r7, r4
 800596e:	4416      	add	r6, r2
 8005970:	2400      	movs	r4, #0
 8005972:	9901      	ldr	r1, [sp, #4]
 8005974:	2201      	movs	r2, #1
 8005976:	4648      	mov	r0, r9
 8005978:	f000 fbea 	bl	8006150 <__lshift>
 800597c:	4629      	mov	r1, r5
 800597e:	9001      	str	r0, [sp, #4]
 8005980:	f000 fc58 	bl	8006234 <__mcmp>
 8005984:	2800      	cmp	r0, #0
 8005986:	dcb0      	bgt.n	80058ea <_dtoa_r+0xa8a>
 8005988:	d102      	bne.n	8005990 <_dtoa_r+0xb30>
 800598a:	f01b 0f01 	tst.w	fp, #1
 800598e:	d1ac      	bne.n	80058ea <_dtoa_r+0xa8a>
 8005990:	4633      	mov	r3, r6
 8005992:	461e      	mov	r6, r3
 8005994:	f813 2d01 	ldrb.w	r2, [r3, #-1]!
 8005998:	2a30      	cmp	r2, #48	@ 0x30
 800599a:	d0fa      	beq.n	8005992 <_dtoa_r+0xb32>
 800599c:	e489      	b.n	80052b2 <_dtoa_r+0x452>
 800599e:	9a00      	ldr	r2, [sp, #0]
 80059a0:	429a      	cmp	r2, r3
 80059a2:	d1a3      	bne.n	80058ec <_dtoa_r+0xa8c>
 80059a4:	9b02      	ldr	r3, [sp, #8]
 80059a6:	3301      	adds	r3, #1
 80059a8:	9302      	str	r3, [sp, #8]
 80059aa:	2331      	movs	r3, #49	@ 0x31
 80059ac:	7013      	strb	r3, [r2, #0]
 80059ae:	e480      	b.n	80052b2 <_dtoa_r+0x452>
 80059b0:	9b23      	ldr	r3, [sp, #140]	@ 0x8c
 80059b2:	2b00      	cmp	r3, #0
 80059b4:	f47f aa9f 	bne.w	8004ef6 <_dtoa_r+0x96>
 80059b8:	4b13      	ldr	r3, [pc, #76]	@ (8005a08 <_dtoa_r+0xba8>)
 80059ba:	f7ff babe 	b.w	8004f3a <_dtoa_r+0xda>
 80059be:	9b0a      	ldr	r3, [sp, #40]	@ 0x28
 80059c0:	2b01      	cmp	r3, #1
 80059c2:	f77f ae36 	ble.w	8005632 <_dtoa_r+0x7d2>
 80059c6:	f8dd a034 	ldr.w	sl, [sp, #52]	@ 0x34
 80059ca:	2001      	movs	r0, #1
 80059cc:	e655      	b.n	800567a <_dtoa_r+0x81a>
 80059ce:	9b05      	ldr	r3, [sp, #20]
 80059d0:	2b00      	cmp	r3, #0
 80059d2:	f77f aed9 	ble.w	8005788 <_dtoa_r+0x928>
 80059d6:	9e00      	ldr	r6, [sp, #0]
 80059d8:	9801      	ldr	r0, [sp, #4]
 80059da:	4629      	mov	r1, r5
 80059dc:	f7ff f9b8 	bl	8004d50 <quorem>
 80059e0:	f100 0b30 	add.w	fp, r0, #48	@ 0x30
 80059e4:	9b00      	ldr	r3, [sp, #0]
 80059e6:	f806 bb01 	strb.w	fp, [r6], #1
 80059ea:	1af2      	subs	r2, r6, r3
 80059ec:	9b05      	ldr	r3, [sp, #20]
 80059ee:	4293      	cmp	r3, r2
 80059f0:	ddb5      	ble.n	800595e <_dtoa_r+0xafe>
 80059f2:	9901      	ldr	r1, [sp, #4]
 80059f4:	2300      	movs	r3, #0
 80059f6:	220a      	movs	r2, #10
 80059f8:	4648      	mov	r0, r9
 80059fa:	f000 f9ef 	bl	8005ddc <__multadd>
 80059fe:	9001      	str	r0, [sp, #4]
 8005a00:	e7ea      	b.n	80059d8 <_dtoa_r+0xb78>
 8005a02:	bf00      	nop
 8005a04:	08007284 	.word	0x08007284
 8005a08:	080071f3 	.word	0x080071f3

08005a0c <_free_r>:
 8005a0c:	b537      	push	{r0, r1, r2, r4, r5, lr}
 8005a0e:	2900      	cmp	r1, #0
 8005a10:	d044      	beq.n	8005a9c <_free_r+0x90>
 8005a12:	f851 3c04 	ldr.w	r3, [r1, #-4]
 8005a16:	9001      	str	r0, [sp, #4]
 8005a18:	2b00      	cmp	r3, #0
 8005a1a:	f1a1 0404 	sub.w	r4, r1, #4
 8005a1e:	bfb8      	it	lt
 8005a20:	18e4      	addlt	r4, r4, r3
 8005a22:	f7fe fffd 	bl	8004a20 <__malloc_lock>
 8005a26:	4a1e      	ldr	r2, [pc, #120]	@ (8005aa0 <_free_r+0x94>)
 8005a28:	9801      	ldr	r0, [sp, #4]
 8005a2a:	6813      	ldr	r3, [r2, #0]
 8005a2c:	b933      	cbnz	r3, 8005a3c <_free_r+0x30>
 8005a2e:	6063      	str	r3, [r4, #4]
 8005a30:	6014      	str	r4, [r2, #0]
 8005a32:	b003      	add	sp, #12
 8005a34:	e8bd 4030 	ldmia.w	sp!, {r4, r5, lr}
 8005a38:	f7fe bff8 	b.w	8004a2c <__malloc_unlock>
 8005a3c:	42a3      	cmp	r3, r4
 8005a3e:	d908      	bls.n	8005a52 <_free_r+0x46>
 8005a40:	6825      	ldr	r5, [r4, #0]
 8005a42:	1961      	adds	r1, r4, r5
 8005a44:	428b      	cmp	r3, r1
 8005a46:	bf01      	itttt	eq
 8005a48:	6819      	ldreq	r1, [r3, #0]
 8005a4a:	685b      	ldreq	r3, [r3, #4]
 8005a4c:	1949      	addeq	r1, r1, r5
 8005a4e:	6021      	streq	r1, [r4, #0]
 8005a50:	e7ed      	b.n	8005a2e <_free_r+0x22>
 8005a52:	461a      	mov	r2, r3
 8005a54:	685b      	ldr	r3, [r3, #4]
 8005a56:	b10b      	cbz	r3, 8005a5c <_free_r+0x50>
 8005a58:	42a3      	cmp	r3, r4
 8005a5a:	d9fa      	bls.n	8005a52 <_free_r+0x46>
 8005a5c:	6811      	ldr	r1, [r2, #0]
 8005a5e:	1855      	adds	r5, r2, r1
 8005a60:	42a5      	cmp	r5, r4
 8005a62:	d10b      	bne.n	8005a7c <_free_r+0x70>
 8005a64:	6824      	ldr	r4, [r4, #0]
 8005a66:	4421      	add	r1, r4
 8005a68:	1854      	adds	r4, r2, r1
 8005a6a:	42a3      	cmp	r3, r4
 8005a6c:	6011      	str	r1, [r2, #0]
 8005a6e:	d1e0      	bne.n	8005a32 <_free_r+0x26>
 8005a70:	681c      	ldr	r4, [r3, #0]
 8005a72:	685b      	ldr	r3, [r3, #4]
 8005a74:	6053      	str	r3, [r2, #4]
 8005a76:	440c      	add	r4, r1
 8005a78:	6014      	str	r4, [r2, #0]
 8005a7a:	e7da      	b.n	8005a32 <_free_r+0x26>
 8005a7c:	d902      	bls.n	8005a84 <_free_r+0x78>
 8005a7e:	230c      	movs	r3, #12
 8005a80:	6003      	str	r3, [r0, #0]
 8005a82:	e7d6      	b.n	8005a32 <_free_r+0x26>
 8005a84:	6825      	ldr	r5, [r4, #0]
 8005a86:	1961      	adds	r1, r4, r5
 8005a88:	428b      	cmp	r3, r1
 8005a8a:	bf04      	itt	eq
 8005a8c:	6819      	ldreq	r1, [r3, #0]
 8005a8e:	685b      	ldreq	r3, [r3, #4]
 8005a90:	6063      	str	r3, [r4, #4]
 8005a92:	bf04      	itt	eq
 8005a94:	1949      	addeq	r1, r1, r5
 8005a96:	6021      	streq	r1, [r4, #0]
 8005a98:	6054      	str	r4, [r2, #4]
 8005a9a:	e7ca      	b.n	8005a32 <_free_r+0x26>
 8005a9c:	b003      	add	sp, #12
 8005a9e:	bd30      	pop	{r4, r5, pc}
 8005aa0:	20001e78 	.word	0x20001e78

08005aa4 <__sfputc_r>:
 8005aa4:	6893      	ldr	r3, [r2, #8]
 8005aa6:	3b01      	subs	r3, #1
 8005aa8:	2b00      	cmp	r3, #0
 8005aaa:	b410      	push	{r4}
 8005aac:	6093      	str	r3, [r2, #8]
 8005aae:	da07      	bge.n	8005ac0 <__sfputc_r+0x1c>
 8005ab0:	6994      	ldr	r4, [r2, #24]
 8005ab2:	42a3      	cmp	r3, r4
 8005ab4:	db01      	blt.n	8005aba <__sfputc_r+0x16>
 8005ab6:	290a      	cmp	r1, #10
 8005ab8:	d102      	bne.n	8005ac0 <__sfputc_r+0x1c>
 8005aba:	bc10      	pop	{r4}
 8005abc:	f000 bdb2 	b.w	8006624 <__swbuf_r>
 8005ac0:	6813      	ldr	r3, [r2, #0]
 8005ac2:	1c58      	adds	r0, r3, #1
 8005ac4:	6010      	str	r0, [r2, #0]
 8005ac6:	7019      	strb	r1, [r3, #0]
 8005ac8:	4608      	mov	r0, r1
 8005aca:	bc10      	pop	{r4}
 8005acc:	4770      	bx	lr

08005ace <__sfputs_r>:
 8005ace:	b5f8      	push	{r3, r4, r5, r6, r7, lr}
 8005ad0:	4606      	mov	r6, r0
 8005ad2:	460f      	mov	r7, r1
 8005ad4:	4614      	mov	r4, r2
 8005ad6:	18d5      	adds	r5, r2, r3
 8005ad8:	42ac      	cmp	r4, r5
 8005ada:	d101      	bne.n	8005ae0 <__sfputs_r+0x12>
 8005adc:	2000      	movs	r0, #0
 8005ade:	e007      	b.n	8005af0 <__sfputs_r+0x22>
 8005ae0:	f814 1b01 	ldrb.w	r1, [r4], #1
 8005ae4:	463a      	mov	r2, r7
 8005ae6:	4630      	mov	r0, r6
 8005ae8:	f7ff ffdc 	bl	8005aa4 <__sfputc_r>
 8005aec:	1c43      	adds	r3, r0, #1
 8005aee:	d1f3      	bne.n	8005ad8 <__sfputs_r+0xa>
 8005af0:	bdf8      	pop	{r3, r4, r5, r6, r7, pc}
	...

08005af4 <_vfiprintf_r>:
 8005af4:	e92d 47f0 	stmdb	sp!, {r4, r5, r6, r7, r8, r9, sl, lr}
 8005af8:	4606      	mov	r6, r0
 8005afa:	b09c      	sub	sp, #112	@ 0x70
 8005afc:	460d      	mov	r5, r1
 8005afe:	4614      	mov	r4, r2
 8005b00:	461f      	mov	r7, r3
 8005b02:	b118      	cbz	r0, 8005b0c <_vfiprintf_r+0x18>
 8005b04:	6a03      	ldr	r3, [r0, #32]
 8005b06:	b90b      	cbnz	r3, 8005b0c <_vfiprintf_r+0x18>
 8005b08:	f7ff f824 	bl	8004b54 <__sinit>
 8005b0c:	6e6b      	ldr	r3, [r5, #100]	@ 0x64
 8005b0e:	07d9      	lsls	r1, r3, #31
 8005b10:	d405      	bmi.n	8005b1e <_vfiprintf_r+0x2a>
 8005b12:	89ab      	ldrh	r3, [r5, #12]
 8005b14:	059a      	lsls	r2, r3, #22
 8005b16:	d402      	bmi.n	8005b1e <_vfiprintf_r+0x2a>
 8005b18:	6da8      	ldr	r0, [r5, #88]	@ 0x58
 8005b1a:	f7ff f904 	bl	8004d26 <__retarget_lock_acquire_recursive>
 8005b1e:	89ab      	ldrh	r3, [r5, #12]
 8005b20:	071b      	lsls	r3, r3, #28
 8005b22:	d501      	bpl.n	8005b28 <_vfiprintf_r+0x34>
 8005b24:	692b      	ldr	r3, [r5, #16]
 8005b26:	b99b      	cbnz	r3, 8005b50 <_vfiprintf_r+0x5c>
 8005b28:	4629      	mov	r1, r5
 8005b2a:	4630      	mov	r0, r6
 8005b2c:	f000 fdb8 	bl	80066a0 <__swsetup_r>
 8005b30:	b170      	cbz	r0, 8005b50 <_vfiprintf_r+0x5c>
 8005b32:	6e6b      	ldr	r3, [r5, #100]	@ 0x64
 8005b34:	07de      	lsls	r6, r3, #31
 8005b36:	d504      	bpl.n	8005b42 <_vfiprintf_r+0x4e>
 8005b38:	f04f 30ff 	mov.w	r0, #4294967295	@ 0xffffffff
 8005b3c:	b01c      	add	sp, #112	@ 0x70
 8005b3e:	e8bd 87f0 	ldmia.w	sp!, {r4, r5, r6, r7, r8, r9, sl, pc}
 8005b42:	89ab      	ldrh	r3, [r5, #12]
 8005b44:	059c      	lsls	r4, r3, #22
 8005b46:	d4f7      	bmi.n	8005b38 <_vfiprintf_r+0x44>
 8005b48:	6da8      	ldr	r0, [r5, #88]	@ 0x58
 8005b4a:	f7ff f8ed 	bl	8004d28 <__retarget_lock_release_recursive>
 8005b4e:	e7f3      	b.n	8005b38 <_vfiprintf_r+0x44>
 8005b50:	2300      	movs	r3, #0
 8005b52:	9309      	str	r3, [sp, #36]	@ 0x24
 8005b54:	2320      	movs	r3, #32
 8005b56:	f88d 3029 	strb.w	r3, [sp, #41]	@ 0x29
 8005b5a:	9703      	str	r7, [sp, #12]
 8005b5c:	2330      	movs	r3, #48	@ 0x30
 8005b5e:	4f6a      	ldr	r7, [pc, #424]	@ (8005d08 <_vfiprintf_r+0x214>)
 8005b60:	f88d 302a 	strb.w	r3, [sp, #42]	@ 0x2a
 8005b64:	f04f 0801 	mov.w	r8, #1
 8005b68:	4623      	mov	r3, r4
 8005b6a:	781a      	ldrb	r2, [r3, #0]
 8005b6c:	4699      	mov	r9, r3
 8005b6e:	b11a      	cbz	r2, 8005b78 <_vfiprintf_r+0x84>
 8005b70:	2a25      	cmp	r2, #37	@ 0x25
 8005b72:	f103 0301 	add.w	r3, r3, #1
 8005b76:	d1f8      	bne.n	8005b6a <_vfiprintf_r+0x76>
 8005b78:	ebb9 0a04 	subs.w	sl, r9, r4
 8005b7c:	d00b      	beq.n	8005b96 <_vfiprintf_r+0xa2>
 8005b7e:	4653      	mov	r3, sl
 8005b80:	4622      	mov	r2, r4
 8005b82:	4629      	mov	r1, r5
 8005b84:	4630      	mov	r0, r6
 8005b86:	f7ff ffa2 	bl	8005ace <__sfputs_r>
 8005b8a:	3001      	adds	r0, #1
 8005b8c:	f000 80a3 	beq.w	8005cd6 <_vfiprintf_r+0x1e2>
 8005b90:	9a09      	ldr	r2, [sp, #36]	@ 0x24
 8005b92:	4452      	add	r2, sl
 8005b94:	9209      	str	r2, [sp, #36]	@ 0x24
 8005b96:	f899 3000 	ldrb.w	r3, [r9]
 8005b9a:	2b00      	cmp	r3, #0
 8005b9c:	f000 809b 	beq.w	8005cd6 <_vfiprintf_r+0x1e2>
 8005ba0:	2200      	movs	r2, #0
 8005ba2:	f04f 33ff 	mov.w	r3, #4294967295	@ 0xffffffff
 8005ba6:	e9cd 3205 	strd	r3, r2, [sp, #20]
 8005baa:	f109 0901 	add.w	r9, r9, #1
 8005bae:	9204      	str	r2, [sp, #16]
 8005bb0:	9207      	str	r2, [sp, #28]
 8005bb2:	f88d 2053 	strb.w	r2, [sp, #83]	@ 0x53
 8005bb6:	921a      	str	r2, [sp, #104]	@ 0x68
 8005bb8:	464c      	mov	r4, r9
 8005bba:	2205      	movs	r2, #5
 8005bbc:	f814 1b01 	ldrb.w	r1, [r4], #1
 8005bc0:	4851      	ldr	r0, [pc, #324]	@ (8005d08 <_vfiprintf_r+0x214>)
 8005bc2:	f7fd fccd 	bl	8003560 <memchr>
 8005bc6:	9a04      	ldr	r2, [sp, #16]
 8005bc8:	b9d0      	cbnz	r0, 8005c00 <_vfiprintf_r+0x10c>
 8005bca:	06d0      	lsls	r0, r2, #27
 8005bcc:	bf44      	itt	mi
 8005bce:	2320      	movmi	r3, #32
 8005bd0:	f88d 3053 	strbmi.w	r3, [sp, #83]	@ 0x53
 8005bd4:	0711      	lsls	r1, r2, #28
 8005bd6:	bf44      	itt	mi
 8005bd8:	232b      	movmi	r3, #43	@ 0x2b
 8005bda:	f88d 3053 	strbmi.w	r3, [sp, #83]	@ 0x53
 8005bde:	f899 3000 	ldrb.w	r3, [r9]
 8005be2:	2b2a      	cmp	r3, #42	@ 0x2a
 8005be4:	d013      	beq.n	8005c0e <_vfiprintf_r+0x11a>
 8005be6:	9907      	ldr	r1, [sp, #28]
 8005be8:	464b      	mov	r3, r9
 8005bea:	2000      	movs	r0, #0
 8005bec:	f04f 0c0a 	mov.w	ip, #10
 8005bf0:	781a      	ldrb	r2, [r3, #0]
 8005bf2:	3a30      	subs	r2, #48	@ 0x30
 8005bf4:	2a09      	cmp	r2, #9
 8005bf6:	461c      	mov	r4, r3
 8005bf8:	d94a      	bls.n	8005c90 <_vfiprintf_r+0x19c>
 8005bfa:	b1a8      	cbz	r0, 8005c28 <_vfiprintf_r+0x134>
 8005bfc:	9107      	str	r1, [sp, #28]
 8005bfe:	e013      	b.n	8005c28 <_vfiprintf_r+0x134>
 8005c00:	1bc0      	subs	r0, r0, r7
 8005c02:	fa08 f000 	lsl.w	r0, r8, r0
 8005c06:	4310      	orrs	r0, r2
 8005c08:	9004      	str	r0, [sp, #16]
 8005c0a:	46a1      	mov	r9, r4
 8005c0c:	e7d4      	b.n	8005bb8 <_vfiprintf_r+0xc4>
 8005c0e:	9b03      	ldr	r3, [sp, #12]
 8005c10:	1d19      	adds	r1, r3, #4
 8005c12:	681b      	ldr	r3, [r3, #0]
 8005c14:	9103      	str	r1, [sp, #12]
 8005c16:	2b00      	cmp	r3, #0
 8005c18:	bfbb      	ittet	lt
 8005c1a:	425b      	neglt	r3, r3
 8005c1c:	f042 0202 	orrlt.w	r2, r2, #2
 8005c20:	9307      	strge	r3, [sp, #28]
 8005c22:	9307      	strlt	r3, [sp, #28]
 8005c24:	bfb8      	it	lt
 8005c26:	9204      	strlt	r2, [sp, #16]
 8005c28:	7823      	ldrb	r3, [r4, #0]
 8005c2a:	2b2e      	cmp	r3, #46	@ 0x2e
 8005c2c:	d10a      	bne.n	8005c44 <_vfiprintf_r+0x150>
 8005c2e:	7863      	ldrb	r3, [r4, #1]
 8005c30:	2b2a      	cmp	r3, #42	@ 0x2a
 8005c32:	d132      	bne.n	8005c9a <_vfiprintf_r+0x1a6>
 8005c34:	9b03      	ldr	r3, [sp, #12]
 8005c36:	1d1a      	adds	r2, r3, #4
 8005c38:	681b      	ldr	r3, [r3, #0]
 8005c3a:	9203      	str	r2, [sp, #12]
 8005c3c:	ea43 73e3 	orr.w	r3, r3, r3, asr #31
 8005c40:	3402      	adds	r4, #2
 8005c42:	9305      	str	r3, [sp, #20]
 8005c44:	f8df 90d0 	ldr.w	r9, [pc, #208]	@ 8005d18 <_vfiprintf_r+0x224>
 8005c48:	7821      	ldrb	r1, [r4, #0]
 8005c4a:	2203      	movs	r2, #3
 8005c4c:	4648      	mov	r0, r9
 8005c4e:	f7fd fc87 	bl	8003560 <memchr>
 8005c52:	b138      	cbz	r0, 8005c64 <_vfiprintf_r+0x170>
 8005c54:	9b04      	ldr	r3, [sp, #16]
 8005c56:	eba0 0009 	sub.w	r0, r0, r9
 8005c5a:	2240      	movs	r2, #64	@ 0x40
 8005c5c:	4082      	lsls	r2, r0
 8005c5e:	4313      	orrs	r3, r2
 8005c60:	3401      	adds	r4, #1
 8005c62:	9304      	str	r3, [sp, #16]
 8005c64:	7821      	ldrb	r1, [r4, #0]
 8005c66:	4829      	ldr	r0, [pc, #164]	@ (8005d0c <_vfiprintf_r+0x218>)
 8005c68:	f88d 1028 	strb.w	r1, [sp, #40]	@ 0x28
 8005c6c:	2206      	movs	r2, #6
 8005c6e:	f7fd fc77 	bl	8003560 <memchr>
 8005c72:	2800      	cmp	r0, #0
 8005c74:	d03e      	beq.n	8005cf4 <_vfiprintf_r+0x200>
 8005c76:	4826      	ldr	r0, [pc, #152]	@ (8005d10 <_vfiprintf_r+0x21c>)
 8005c78:	bb18      	cbnz	r0, 8005cc2 <_vfiprintf_r+0x1ce>
 8005c7a:	9b03      	ldr	r3, [sp, #12]
 8005c7c:	3307      	adds	r3, #7
 8005c7e:	f023 0307 	bic.w	r3, r3, #7
 8005c82:	3308      	adds	r3, #8
 8005c84:	9303      	str	r3, [sp, #12]
 8005c86:	9b09      	ldr	r3, [sp, #36]	@ 0x24
 8005c88:	4403      	add	r3, r0
 8005c8a:	3401      	adds	r4, #1
 8005c8c:	9309      	str	r3, [sp, #36]	@ 0x24
 8005c8e:	e76b      	b.n	8005b68 <_vfiprintf_r+0x74>
 8005c90:	3301      	adds	r3, #1
 8005c92:	fb0c 2101 	mla	r1, ip, r1, r2
 8005c96:	2001      	movs	r0, #1
 8005c98:	e7aa      	b.n	8005bf0 <_vfiprintf_r+0xfc>
 8005c9a:	2300      	movs	r3, #0
 8005c9c:	9305      	str	r3, [sp, #20]
 8005c9e:	1c61      	adds	r1, r4, #1
 8005ca0:	4618      	mov	r0, r3
 8005ca2:	f04f 0c0a 	mov.w	ip, #10
 8005ca6:	780a      	ldrb	r2, [r1, #0]
 8005ca8:	3a30      	subs	r2, #48	@ 0x30
 8005caa:	2a09      	cmp	r2, #9
 8005cac:	460c      	mov	r4, r1
 8005cae:	d903      	bls.n	8005cb8 <_vfiprintf_r+0x1c4>
 8005cb0:	2b00      	cmp	r3, #0
 8005cb2:	d0c7      	beq.n	8005c44 <_vfiprintf_r+0x150>
 8005cb4:	9005      	str	r0, [sp, #20]
 8005cb6:	e7c5      	b.n	8005c44 <_vfiprintf_r+0x150>
 8005cb8:	3101      	adds	r1, #1
 8005cba:	fb0c 2000 	mla	r0, ip, r0, r2
 8005cbe:	2301      	movs	r3, #1
 8005cc0:	e7f1      	b.n	8005ca6 <_vfiprintf_r+0x1b2>
 8005cc2:	ab03      	add	r3, sp, #12
 8005cc4:	9300      	str	r3, [sp, #0]
 8005cc6:	462a      	mov	r2, r5
 8005cc8:	4b12      	ldr	r3, [pc, #72]	@ (8005d14 <_vfiprintf_r+0x220>)
 8005cca:	a904      	add	r1, sp, #16
 8005ccc:	4630      	mov	r0, r6
 8005cce:	f7fe fa3d 	bl	800414c <_printf_float>
 8005cd2:	1c43      	adds	r3, r0, #1
 8005cd4:	d1d7      	bne.n	8005c86 <_vfiprintf_r+0x192>
 8005cd6:	6e6b      	ldr	r3, [r5, #100]	@ 0x64
 8005cd8:	07d9      	lsls	r1, r3, #31
 8005cda:	d405      	bmi.n	8005ce8 <_vfiprintf_r+0x1f4>
 8005cdc:	89ab      	ldrh	r3, [r5, #12]
 8005cde:	059a      	lsls	r2, r3, #22
 8005ce0:	d402      	bmi.n	8005ce8 <_vfiprintf_r+0x1f4>
 8005ce2:	6da8      	ldr	r0, [r5, #88]	@ 0x58
 8005ce4:	f7ff f820 	bl	8004d28 <__retarget_lock_release_recursive>
 8005ce8:	89ab      	ldrh	r3, [r5, #12]
 8005cea:	065b      	lsls	r3, r3, #25
 8005cec:	f53f af24 	bmi.w	8005b38 <_vfiprintf_r+0x44>
 8005cf0:	9809      	ldr	r0, [sp, #36]	@ 0x24
 8005cf2:	e723      	b.n	8005b3c <_vfiprintf_r+0x48>
 8005cf4:	ab03      	add	r3, sp, #12
 8005cf6:	9300      	str	r3, [sp, #0]
 8005cf8:	462a      	mov	r2, r5
 8005cfa:	4b06      	ldr	r3, [pc, #24]	@ (8005d14 <_vfiprintf_r+0x220>)
 8005cfc:	a904      	add	r1, sp, #16
 8005cfe:	4630      	mov	r0, r6
 8005d00:	f7fe fd64 	bl	80047cc <_printf_i>
 8005d04:	e7e5      	b.n	8005cd2 <_vfiprintf_r+0x1de>
 8005d06:	bf00      	nop
 8005d08:	08007295 	.word	0x08007295
 8005d0c:	0800729f 	.word	0x0800729f
 8005d10:	0800414d 	.word	0x0800414d
 8005d14:	08005acf 	.word	0x08005acf
 8005d18:	0800729b 	.word	0x0800729b

08005d1c <_Balloc>:
 8005d1c:	b570      	push	{r4, r5, r6, lr}
 8005d1e:	69c4      	ldr	r4, [r0, #28]
 8005d20:	4605      	mov	r5, r0
 8005d22:	460e      	mov	r6, r1
 8005d24:	b984      	cbnz	r4, 8005d48 <_Balloc+0x2c>
 8005d26:	2010      	movs	r0, #16
 8005d28:	f7fe fc34 	bl	8004594 <malloc>
 8005d2c:	4604      	mov	r4, r0
 8005d2e:	61e8      	str	r0, [r5, #28]
 8005d30:	b928      	cbnz	r0, 8005d3e <_Balloc+0x22>
 8005d32:	4602      	mov	r2, r0
 8005d34:	4b16      	ldr	r3, [pc, #88]	@ (8005d90 <_Balloc+0x74>)
 8005d36:	4817      	ldr	r0, [pc, #92]	@ (8005d94 <_Balloc+0x78>)
 8005d38:	216b      	movs	r1, #107	@ 0x6b
 8005d3a:	f000 fdcb 	bl	80068d4 <__assert_func>
 8005d3e:	2300      	movs	r3, #0
 8005d40:	e9c0 3301 	strd	r3, r3, [r0, #4]
 8005d44:	6003      	str	r3, [r0, #0]
 8005d46:	60c3      	str	r3, [r0, #12]
 8005d48:	68e3      	ldr	r3, [r4, #12]
 8005d4a:	b953      	cbnz	r3, 8005d62 <_Balloc+0x46>
 8005d4c:	2221      	movs	r2, #33	@ 0x21
 8005d4e:	2104      	movs	r1, #4
 8005d50:	4628      	mov	r0, r5
 8005d52:	f000 fddd 	bl	8006910 <_calloc_r>
 8005d56:	69eb      	ldr	r3, [r5, #28]
 8005d58:	60e0      	str	r0, [r4, #12]
 8005d5a:	68db      	ldr	r3, [r3, #12]
 8005d5c:	b90b      	cbnz	r3, 8005d62 <_Balloc+0x46>
 8005d5e:	2000      	movs	r0, #0
 8005d60:	bd70      	pop	{r4, r5, r6, pc}
 8005d62:	f853 0026 	ldr.w	r0, [r3, r6, lsl #2]
 8005d66:	b130      	cbz	r0, 8005d76 <_Balloc+0x5a>
 8005d68:	6802      	ldr	r2, [r0, #0]
 8005d6a:	f843 2026 	str.w	r2, [r3, r6, lsl #2]
 8005d6e:	2300      	movs	r3, #0
 8005d70:	e9c0 3303 	strd	r3, r3, [r0, #12]
 8005d74:	e7f4      	b.n	8005d60 <_Balloc+0x44>
 8005d76:	2101      	movs	r1, #1
 8005d78:	fa01 f406 	lsl.w	r4, r1, r6
 8005d7c:	1d62      	adds	r2, r4, #5
 8005d7e:	0092      	lsls	r2, r2, #2
 8005d80:	4628      	mov	r0, r5
 8005d82:	f000 fdc5 	bl	8006910 <_calloc_r>
 8005d86:	2800      	cmp	r0, #0
 8005d88:	d0e9      	beq.n	8005d5e <_Balloc+0x42>
 8005d8a:	e9c0 6401 	strd	r6, r4, [r0, #4]
 8005d8e:	e7ee      	b.n	8005d6e <_Balloc+0x52>
 8005d90:	08007200 	.word	0x08007200
 8005d94:	080072a6 	.word	0x080072a6

08005d98 <_Bfree>:
 8005d98:	b570      	push	{r4, r5, r6, lr}
 8005d9a:	69c4      	ldr	r4, [r0, #28]
 8005d9c:	4606      	mov	r6, r0
 8005d9e:	460d      	mov	r5, r1
 8005da0:	b974      	cbnz	r4, 8005dc0 <_Bfree+0x28>
 8005da2:	2010      	movs	r0, #16
 8005da4:	f7fe fbf6 	bl	8004594 <malloc>
 8005da8:	4602      	mov	r2, r0
 8005daa:	61f0      	str	r0, [r6, #28]
 8005dac:	b920      	cbnz	r0, 8005db8 <_Bfree+0x20>
 8005dae:	4b09      	ldr	r3, [pc, #36]	@ (8005dd4 <_Bfree+0x3c>)
 8005db0:	4809      	ldr	r0, [pc, #36]	@ (8005dd8 <_Bfree+0x40>)
 8005db2:	218f      	movs	r1, #143	@ 0x8f
 8005db4:	f000 fd8e 	bl	80068d4 <__assert_func>
 8005db8:	e9c0 4401 	strd	r4, r4, [r0, #4]
 8005dbc:	6004      	str	r4, [r0, #0]
 8005dbe:	60c4      	str	r4, [r0, #12]
 8005dc0:	b13d      	cbz	r5, 8005dd2 <_Bfree+0x3a>
 8005dc2:	69f3      	ldr	r3, [r6, #28]
 8005dc4:	686a      	ldr	r2, [r5, #4]
 8005dc6:	68db      	ldr	r3, [r3, #12]
 8005dc8:	f853 1022 	ldr.w	r1, [r3, r2, lsl #2]
 8005dcc:	6029      	str	r1, [r5, #0]
 8005dce:	f843 5022 	str.w	r5, [r3, r2, lsl #2]
 8005dd2:	bd70      	pop	{r4, r5, r6, pc}
 8005dd4:	08007200 	.word	0x08007200
 8005dd8:	080072a6 	.word	0x080072a6

08005ddc <__multadd>:
 8005ddc:	e92d 41f0 	stmdb	sp!, {r4, r5, r6, r7, r8, lr}
 8005de0:	690d      	ldr	r5, [r1, #16]
 8005de2:	4607      	mov	r7, r0
 8005de4:	460c      	mov	r4, r1
 8005de6:	461e      	mov	r6, r3
 8005de8:	f101 0c14 	add.w	ip, r1, #20
 8005dec:	2000      	movs	r0, #0
 8005dee:	f8dc 3000 	ldr.w	r3, [ip]
 8005df2:	b299      	uxth	r1, r3
 8005df4:	fb02 6101 	mla	r1, r2, r1, r6
 8005df8:	0c1e      	lsrs	r6, r3, #16
 8005dfa:	0c0b      	lsrs	r3, r1, #16
 8005dfc:	fb02 3306 	mla	r3, r2, r6, r3
 8005e00:	b289      	uxth	r1, r1
 8005e02:	3001      	adds	r0, #1
 8005e04:	eb01 4103 	add.w	r1, r1, r3, lsl #16
 8005e08:	4285      	cmp	r5, r0
 8005e0a:	f84c 1b04 	str.w	r1, [ip], #4
 8005e0e:	ea4f 4613 	mov.w	r6, r3, lsr #16
 8005e12:	dcec      	bgt.n	8005dee <__multadd+0x12>
 8005e14:	b30e      	cbz	r6, 8005e5a <__multadd+0x7e>
 8005e16:	68a3      	ldr	r3, [r4, #8]
 8005e18:	42ab      	cmp	r3, r5
 8005e1a:	dc19      	bgt.n	8005e50 <__multadd+0x74>
 8005e1c:	6861      	ldr	r1, [r4, #4]
 8005e1e:	4638      	mov	r0, r7
 8005e20:	3101      	adds	r1, #1
 8005e22:	f7ff ff7b 	bl	8005d1c <_Balloc>
 8005e26:	4680      	mov	r8, r0
 8005e28:	b928      	cbnz	r0, 8005e36 <__multadd+0x5a>
 8005e2a:	4602      	mov	r2, r0
 8005e2c:	4b0c      	ldr	r3, [pc, #48]	@ (8005e60 <__multadd+0x84>)
 8005e2e:	480d      	ldr	r0, [pc, #52]	@ (8005e64 <__multadd+0x88>)
 8005e30:	21ba      	movs	r1, #186	@ 0xba
 8005e32:	f000 fd4f 	bl	80068d4 <__assert_func>
 8005e36:	6922      	ldr	r2, [r4, #16]
 8005e38:	3202      	adds	r2, #2
 8005e3a:	f104 010c 	add.w	r1, r4, #12
 8005e3e:	0092      	lsls	r2, r2, #2
 8005e40:	300c      	adds	r0, #12
 8005e42:	f7fe ff77 	bl	8004d34 <memcpy>
 8005e46:	4621      	mov	r1, r4
 8005e48:	4638      	mov	r0, r7
 8005e4a:	f7ff ffa5 	bl	8005d98 <_Bfree>
 8005e4e:	4644      	mov	r4, r8
 8005e50:	eb04 0385 	add.w	r3, r4, r5, lsl #2
 8005e54:	3501      	adds	r5, #1
 8005e56:	615e      	str	r6, [r3, #20]
 8005e58:	6125      	str	r5, [r4, #16]
 8005e5a:	4620      	mov	r0, r4
 8005e5c:	e8bd 81f0 	ldmia.w	sp!, {r4, r5, r6, r7, r8, pc}
 8005e60:	08007284 	.word	0x08007284
 8005e64:	080072a6 	.word	0x080072a6

08005e68 <__hi0bits>:
 8005e68:	f5b0 3f80 	cmp.w	r0, #65536	@ 0x10000
 8005e6c:	4603      	mov	r3, r0
 8005e6e:	bf36      	itet	cc
 8005e70:	0403      	lslcc	r3, r0, #16
 8005e72:	2000      	movcs	r0, #0
 8005e74:	2010      	movcc	r0, #16
 8005e76:	f1b3 7f80 	cmp.w	r3, #16777216	@ 0x1000000
 8005e7a:	bf3c      	itt	cc
 8005e7c:	021b      	lslcc	r3, r3, #8
 8005e7e:	3008      	addcc	r0, #8
 8005e80:	f1b3 5f80 	cmp.w	r3, #268435456	@ 0x10000000
 8005e84:	bf3c      	itt	cc
 8005e86:	011b      	lslcc	r3, r3, #4
 8005e88:	3004      	addcc	r0, #4
 8005e8a:	f1b3 4f80 	cmp.w	r3, #1073741824	@ 0x40000000
 8005e8e:	bf3c      	itt	cc
 8005e90:	009b      	lslcc	r3, r3, #2
 8005e92:	3002      	addcc	r0, #2
 8005e94:	2b00      	cmp	r3, #0
 8005e96:	db04      	blt.n	8005ea2 <__hi0bits+0x3a>
 8005e98:	005b      	lsls	r3, r3, #1
 8005e9a:	d501      	bpl.n	8005ea0 <__hi0bits+0x38>
 8005e9c:	3001      	adds	r0, #1
 8005e9e:	4770      	bx	lr
 8005ea0:	2020      	movs	r0, #32
 8005ea2:	4770      	bx	lr

08005ea4 <__lo0bits>:
 8005ea4:	6803      	ldr	r3, [r0, #0]
 8005ea6:	f013 0207 	ands.w	r2, r3, #7
 8005eaa:	4601      	mov	r1, r0
 8005eac:	d00b      	beq.n	8005ec6 <__lo0bits+0x22>
 8005eae:	07da      	lsls	r2, r3, #31
 8005eb0:	d422      	bmi.n	8005ef8 <__lo0bits+0x54>
 8005eb2:	0798      	lsls	r0, r3, #30
 8005eb4:	bf49      	itett	mi
 8005eb6:	085b      	lsrmi	r3, r3, #1
 8005eb8:	089b      	lsrpl	r3, r3, #2
 8005eba:	2001      	movmi	r0, #1
 8005ebc:	600b      	strmi	r3, [r1, #0]
 8005ebe:	bf5c      	itt	pl
 8005ec0:	600b      	strpl	r3, [r1, #0]
 8005ec2:	2002      	movpl	r0, #2
 8005ec4:	4770      	bx	lr
 8005ec6:	b298      	uxth	r0, r3
 8005ec8:	b9a0      	cbnz	r0, 8005ef4 <__lo0bits+0x50>
 8005eca:	0c1b      	lsrs	r3, r3, #16
 8005ecc:	2010      	movs	r0, #16
 8005ece:	b2da      	uxtb	r2, r3
 8005ed0:	b90a      	cbnz	r2, 8005ed6 <__lo0bits+0x32>
 8005ed2:	3008      	adds	r0, #8
 8005ed4:	0a1b      	lsrs	r3, r3, #8
 8005ed6:	071a      	lsls	r2, r3, #28
 8005ed8:	bf04      	itt	eq
 8005eda:	091b      	lsreq	r3, r3, #4
 8005edc:	3004      	addeq	r0, #4
 8005ede:	079a      	lsls	r2, r3, #30
 8005ee0:	bf04      	itt	eq
 8005ee2:	089b      	lsreq	r3, r3, #2
 8005ee4:	3002      	addeq	r0, #2
 8005ee6:	07da      	lsls	r2, r3, #31
 8005ee8:	d402      	bmi.n	8005ef0 <__lo0bits+0x4c>
 8005eea:	085b      	lsrs	r3, r3, #1
 8005eec:	d006      	beq.n	8005efc <__lo0bits+0x58>
 8005eee:	3001      	adds	r0, #1
 8005ef0:	600b      	str	r3, [r1, #0]
 8005ef2:	4770      	bx	lr
 8005ef4:	4610      	mov	r0, r2
 8005ef6:	e7ea      	b.n	8005ece <__lo0bits+0x2a>
 8005ef8:	2000      	movs	r0, #0
 8005efa:	4770      	bx	lr
 8005efc:	2020      	movs	r0, #32
 8005efe:	4770      	bx	lr

08005f00 <__i2b>:
 8005f00:	b510      	push	{r4, lr}
 8005f02:	460c      	mov	r4, r1
 8005f04:	2101      	movs	r1, #1
 8005f06:	f7ff ff09 	bl	8005d1c <_Balloc>
 8005f0a:	4602      	mov	r2, r0
 8005f0c:	b928      	cbnz	r0, 8005f1a <__i2b+0x1a>
 8005f0e:	4b05      	ldr	r3, [pc, #20]	@ (8005f24 <__i2b+0x24>)
 8005f10:	4805      	ldr	r0, [pc, #20]	@ (8005f28 <__i2b+0x28>)
 8005f12:	f240 1145 	movw	r1, #325	@ 0x145
 8005f16:	f000 fcdd 	bl	80068d4 <__assert_func>
 8005f1a:	2301      	movs	r3, #1
 8005f1c:	6144      	str	r4, [r0, #20]
 8005f1e:	6103      	str	r3, [r0, #16]
 8005f20:	bd10      	pop	{r4, pc}
 8005f22:	bf00      	nop
 8005f24:	08007284 	.word	0x08007284
 8005f28:	080072a6 	.word	0x080072a6

08005f2c <__multiply>:
 8005f2c:	e92d 4ff0 	stmdb	sp!, {r4, r5, r6, r7, r8, r9, sl, fp, lr}
 8005f30:	f8d1 8010 	ldr.w	r8, [r1, #16]
 8005f34:	f8d2 9010 	ldr.w	r9, [r2, #16]
 8005f38:	45c8      	cmp	r8, r9
 8005f3a:	b085      	sub	sp, #20
 8005f3c:	460e      	mov	r6, r1
 8005f3e:	4614      	mov	r4, r2
 8005f40:	db04      	blt.n	8005f4c <__multiply+0x20>
 8005f42:	464b      	mov	r3, r9
 8005f44:	460c      	mov	r4, r1
 8005f46:	46c1      	mov	r9, r8
 8005f48:	4616      	mov	r6, r2
 8005f4a:	4698      	mov	r8, r3
 8005f4c:	68a3      	ldr	r3, [r4, #8]
 8005f4e:	6861      	ldr	r1, [r4, #4]
 8005f50:	eb09 0708 	add.w	r7, r9, r8
 8005f54:	42bb      	cmp	r3, r7
 8005f56:	bfb8      	it	lt
 8005f58:	3101      	addlt	r1, #1
 8005f5a:	f7ff fedf 	bl	8005d1c <_Balloc>
 8005f5e:	b930      	cbnz	r0, 8005f6e <__multiply+0x42>
 8005f60:	4602      	mov	r2, r0
 8005f62:	4b4b      	ldr	r3, [pc, #300]	@ (8006090 <__multiply+0x164>)
 8005f64:	484b      	ldr	r0, [pc, #300]	@ (8006094 <__multiply+0x168>)
 8005f66:	f44f 71b1 	mov.w	r1, #354	@ 0x162
 8005f6a:	f000 fcb3 	bl	80068d4 <__assert_func>
 8005f6e:	f100 0514 	add.w	r5, r0, #20
 8005f72:	eb05 0b87 	add.w	fp, r5, r7, lsl #2
 8005f76:	462b      	mov	r3, r5
 8005f78:	2200      	movs	r2, #0
 8005f7a:	455b      	cmp	r3, fp
 8005f7c:	d322      	bcc.n	8005fc4 <__multiply+0x98>
 8005f7e:	f106 0114 	add.w	r1, r6, #20
 8005f82:	eb01 0388 	add.w	r3, r1, r8, lsl #2
 8005f86:	f104 0c14 	add.w	ip, r4, #20
 8005f8a:	eb0c 0c89 	add.w	ip, ip, r9, lsl #2
 8005f8e:	9302      	str	r3, [sp, #8]
 8005f90:	f104 0315 	add.w	r3, r4, #21
 8005f94:	4563      	cmp	r3, ip
 8005f96:	bf8c      	ite	hi
 8005f98:	2300      	movhi	r3, #0
 8005f9a:	2301      	movls	r3, #1
 8005f9c:	9300      	str	r3, [sp, #0]
 8005f9e:	ebac 0304 	sub.w	r3, ip, r4
 8005fa2:	3b15      	subs	r3, #21
 8005fa4:	089b      	lsrs	r3, r3, #2
 8005fa6:	9301      	str	r3, [sp, #4]
 8005fa8:	9b02      	ldr	r3, [sp, #8]
 8005faa:	9103      	str	r1, [sp, #12]
 8005fac:	428b      	cmp	r3, r1
 8005fae:	d80c      	bhi.n	8005fca <__multiply+0x9e>
 8005fb0:	2f00      	cmp	r7, #0
 8005fb2:	dd03      	ble.n	8005fbc <__multiply+0x90>
 8005fb4:	f85b 3d04 	ldr.w	r3, [fp, #-4]!
 8005fb8:	2b00      	cmp	r3, #0
 8005fba:	d067      	beq.n	800608c <__multiply+0x160>
 8005fbc:	6107      	str	r7, [r0, #16]
 8005fbe:	b005      	add	sp, #20
 8005fc0:	e8bd 8ff0 	ldmia.w	sp!, {r4, r5, r6, r7, r8, r9, sl, fp, pc}
 8005fc4:	f843 2b04 	str.w	r2, [r3], #4
 8005fc8:	e7d7      	b.n	8005f7a <__multiply+0x4e>
 8005fca:	f8b1 a000 	ldrh.w	sl, [r1]
 8005fce:	f1ba 0f00 	cmp.w	sl, #0
 8005fd2:	d028      	beq.n	8006026 <__multiply+0xfa>
 8005fd4:	f104 0814 	add.w	r8, r4, #20
 8005fd8:	46a9      	mov	r9, r5
 8005fda:	f04f 0e00 	mov.w	lr, #0
 8005fde:	f858 2b04 	ldr.w	r2, [r8], #4
 8005fe2:	f8d9 3000 	ldr.w	r3, [r9]
 8005fe6:	b296      	uxth	r6, r2
 8005fe8:	b29b      	uxth	r3, r3
 8005fea:	fb0a 3306 	mla	r3, sl, r6, r3
 8005fee:	f8d9 6000 	ldr.w	r6, [r9]
 8005ff2:	0c12      	lsrs	r2, r2, #16
 8005ff4:	0c36      	lsrs	r6, r6, #16
 8005ff6:	4473      	add	r3, lr
 8005ff8:	fb0a 6602 	mla	r6, sl, r2, r6
 8005ffc:	eb06 4613 	add.w	r6, r6, r3, lsr #16
 8006000:	b29b      	uxth	r3, r3
 8006002:	ea43 4306 	orr.w	r3, r3, r6, lsl #16
 8006006:	45c4      	cmp	ip, r8
 8006008:	f849 3b04 	str.w	r3, [r9], #4
 800600c:	ea4f 4e16 	mov.w	lr, r6, lsr #16
 8006010:	d8e5      	bhi.n	8005fde <__multiply+0xb2>
 8006012:	9a00      	ldr	r2, [sp, #0]
 8006014:	9b01      	ldr	r3, [sp, #4]
 8006016:	2a00      	cmp	r2, #0
 8006018:	ea4f 0383 	mov.w	r3, r3, lsl #2
 800601c:	bf08      	it	eq
 800601e:	2300      	moveq	r3, #0
 8006020:	442b      	add	r3, r5
 8006022:	f8c3 e004 	str.w	lr, [r3, #4]
 8006026:	9b03      	ldr	r3, [sp, #12]
 8006028:	f8b3 e002 	ldrh.w	lr, [r3, #2]
 800602c:	3104      	adds	r1, #4
 800602e:	f1be 0f00 	cmp.w	lr, #0
 8006032:	d029      	beq.n	8006088 <__multiply+0x15c>
 8006034:	682b      	ldr	r3, [r5, #0]
 8006036:	f104 0614 	add.w	r6, r4, #20
 800603a:	4698      	mov	r8, r3
 800603c:	46a9      	mov	r9, r5
 800603e:	f04f 0a00 	mov.w	sl, #0
 8006042:	8832      	ldrh	r2, [r6, #0]
 8006044:	fb0e a202 	mla	r2, lr, r2, sl
 8006048:	eb02 4218 	add.w	r2, r2, r8, lsr #16
 800604c:	b29b      	uxth	r3, r3
 800604e:	ea43 4302 	orr.w	r3, r3, r2, lsl #16
 8006052:	f849 3b04 	str.w	r3, [r9], #4
 8006056:	f856 3b04 	ldr.w	r3, [r6], #4
 800605a:	f8d9 8000 	ldr.w	r8, [r9]
 800605e:	ea4f 4a13 	mov.w	sl, r3, lsr #16
 8006062:	fa1f f388 	uxth.w	r3, r8
 8006066:	fb0e 330a 	mla	r3, lr, sl, r3
 800606a:	eb03 4312 	add.w	r3, r3, r2, lsr #16
 800606e:	45b4      	cmp	ip, r6
 8006070:	ea4f 4a13 	mov.w	sl, r3, lsr #16
 8006074:	d8e5      	bhi.n	8006042 <__multiply+0x116>
 8006076:	9e00      	ldr	r6, [sp, #0]
 8006078:	9a01      	ldr	r2, [sp, #4]
 800607a:	2e00      	cmp	r6, #0
 800607c:	ea4f 0282 	mov.w	r2, r2, lsl #2
 8006080:	bf08      	it	eq
 8006082:	2200      	moveq	r2, #0
 8006084:	442a      	add	r2, r5
 8006086:	6053      	str	r3, [r2, #4]
 8006088:	3504      	adds	r5, #4
 800608a:	e78d      	b.n	8005fa8 <__multiply+0x7c>
 800608c:	3f01      	subs	r7, #1
 800608e:	e78f      	b.n	8005fb0 <__multiply+0x84>
 8006090:	08007284 	.word	0x08007284
 8006094:	080072a6 	.word	0x080072a6

08006098 <__pow5mult>:
 8006098:	e92d 43f8 	stmdb	sp!, {r3, r4, r5, r6, r7, r8, r9, lr}
 800609c:	4617      	mov	r7, r2
 800609e:	f012 0203 	ands.w	r2, r2, #3
 80060a2:	4680      	mov	r8, r0
 80060a4:	460d      	mov	r5, r1
 80060a6:	d007      	beq.n	80060b8 <__pow5mult+0x20>
 80060a8:	4c26      	ldr	r4, [pc, #152]	@ (8006144 <__pow5mult+0xac>)
 80060aa:	3a01      	subs	r2, #1
 80060ac:	2300      	movs	r3, #0
 80060ae:	f854 2022 	ldr.w	r2, [r4, r2, lsl #2]
 80060b2:	f7ff fe93 	bl	8005ddc <__multadd>
 80060b6:	4605      	mov	r5, r0
 80060b8:	10bf      	asrs	r7, r7, #2
 80060ba:	d03f      	beq.n	800613c <__pow5mult+0xa4>
 80060bc:	f8d8 401c 	ldr.w	r4, [r8, #28]
 80060c0:	b994      	cbnz	r4, 80060e8 <__pow5mult+0x50>
 80060c2:	2010      	movs	r0, #16
 80060c4:	f7fe fa66 	bl	8004594 <malloc>
 80060c8:	4604      	mov	r4, r0
 80060ca:	f8c8 001c 	str.w	r0, [r8, #28]
 80060ce:	b930      	cbnz	r0, 80060de <__pow5mult+0x46>
 80060d0:	4602      	mov	r2, r0
 80060d2:	4b1d      	ldr	r3, [pc, #116]	@ (8006148 <__pow5mult+0xb0>)
 80060d4:	481d      	ldr	r0, [pc, #116]	@ (800614c <__pow5mult+0xb4>)
 80060d6:	f240 11b3 	movw	r1, #435	@ 0x1b3
 80060da:	f000 fbfb 	bl	80068d4 <__assert_func>
 80060de:	2300      	movs	r3, #0
 80060e0:	e9c0 3301 	strd	r3, r3, [r0, #4]
 80060e4:	6003      	str	r3, [r0, #0]
 80060e6:	60c3      	str	r3, [r0, #12]
 80060e8:	68a6      	ldr	r6, [r4, #8]
 80060ea:	b946      	cbnz	r6, 80060fe <__pow5mult+0x66>
 80060ec:	f240 2171 	movw	r1, #625	@ 0x271
 80060f0:	4640      	mov	r0, r8
 80060f2:	f7ff ff05 	bl	8005f00 <__i2b>
 80060f6:	2300      	movs	r3, #0
 80060f8:	60a0      	str	r0, [r4, #8]
 80060fa:	4606      	mov	r6, r0
 80060fc:	6003      	str	r3, [r0, #0]
 80060fe:	462c      	mov	r4, r5
 8006100:	f04f 0900 	mov.w	r9, #0
 8006104:	f007 0301 	and.w	r3, r7, #1
 8006108:	107f      	asrs	r7, r7, #1
 800610a:	b153      	cbz	r3, 8006122 <__pow5mult+0x8a>
 800610c:	4629      	mov	r1, r5
 800610e:	4632      	mov	r2, r6
 8006110:	4640      	mov	r0, r8
 8006112:	f7ff ff0b 	bl	8005f2c <__multiply>
 8006116:	4621      	mov	r1, r4
 8006118:	4605      	mov	r5, r0
 800611a:	4640      	mov	r0, r8
 800611c:	f7ff fe3c 	bl	8005d98 <_Bfree>
 8006120:	b167      	cbz	r7, 800613c <__pow5mult+0xa4>
 8006122:	6830      	ldr	r0, [r6, #0]
 8006124:	b938      	cbnz	r0, 8006136 <__pow5mult+0x9e>
 8006126:	4632      	mov	r2, r6
 8006128:	4631      	mov	r1, r6
 800612a:	4640      	mov	r0, r8
 800612c:	f7ff fefe 	bl	8005f2c <__multiply>
 8006130:	6030      	str	r0, [r6, #0]
 8006132:	f8c0 9000 	str.w	r9, [r0]
 8006136:	4606      	mov	r6, r0
 8006138:	462c      	mov	r4, r5
 800613a:	e7e3      	b.n	8006104 <__pow5mult+0x6c>
 800613c:	4628      	mov	r0, r5
 800613e:	e8bd 83f8 	ldmia.w	sp!, {r3, r4, r5, r6, r7, r8, r9, pc}
 8006142:	bf00      	nop
 8006144:	0800735c 	.word	0x0800735c
 8006148:	08007200 	.word	0x08007200
 800614c:	080072a6 	.word	0x080072a6

08006150 <__lshift>:
 8006150:	e92d 4ff8 	stmdb	sp!, {r3, r4, r5, r6, r7, r8, r9, sl, fp, lr}
 8006154:	460c      	mov	r4, r1
 8006156:	6849      	ldr	r1, [r1, #4]
 8006158:	6926      	ldr	r6, [r4, #16]
 800615a:	68a3      	ldr	r3, [r4, #8]
 800615c:	eb06 1662 	add.w	r6, r6, r2, asr #5
 8006160:	4607      	mov	r7, r0
 8006162:	4691      	mov	r9, r2
 8006164:	ea4f 1a62 	mov.w	sl, r2, asr #5
 8006168:	f106 0801 	add.w	r8, r6, #1
 800616c:	4543      	cmp	r3, r8
 800616e:	db0b      	blt.n	8006188 <__lshift+0x38>
 8006170:	4638      	mov	r0, r7
 8006172:	f7ff fdd3 	bl	8005d1c <_Balloc>
 8006176:	4605      	mov	r5, r0
 8006178:	b948      	cbnz	r0, 800618e <__lshift+0x3e>
 800617a:	4602      	mov	r2, r0
 800617c:	4b2b      	ldr	r3, [pc, #172]	@ (800622c <__lshift+0xdc>)
 800617e:	482c      	ldr	r0, [pc, #176]	@ (8006230 <__lshift+0xe0>)
 8006180:	f44f 71ef 	mov.w	r1, #478	@ 0x1de
 8006184:	f000 fba6 	bl	80068d4 <__assert_func>
 8006188:	3101      	adds	r1, #1
 800618a:	005b      	lsls	r3, r3, #1
 800618c:	e7ee      	b.n	800616c <__lshift+0x1c>
 800618e:	f100 0114 	add.w	r1, r0, #20
 8006192:	2300      	movs	r3, #0
 8006194:	460a      	mov	r2, r1
 8006196:	4618      	mov	r0, r3
 8006198:	4553      	cmp	r3, sl
 800619a:	db39      	blt.n	8006210 <__lshift+0xc0>
 800619c:	6920      	ldr	r0, [r4, #16]
 800619e:	ea2a 7aea 	bic.w	sl, sl, sl, asr #31
 80061a2:	eb01 018a 	add.w	r1, r1, sl, lsl #2
 80061a6:	f104 0314 	add.w	r3, r4, #20
 80061aa:	f019 091f 	ands.w	r9, r9, #31
 80061ae:	468c      	mov	ip, r1
 80061b0:	eb03 0080 	add.w	r0, r3, r0, lsl #2
 80061b4:	d030      	beq.n	8006218 <__lshift+0xc8>
 80061b6:	f1c9 0a20 	rsb	sl, r9, #32
 80061ba:	f04f 0e00 	mov.w	lr, #0
 80061be:	681a      	ldr	r2, [r3, #0]
 80061c0:	46e3      	mov	fp, ip
 80061c2:	fa02 f209 	lsl.w	r2, r2, r9
 80061c6:	ea42 020e 	orr.w	r2, r2, lr
 80061ca:	f8cb 2000 	str.w	r2, [fp]
 80061ce:	f853 2b04 	ldr.w	r2, [r3], #4
 80061d2:	4298      	cmp	r0, r3
 80061d4:	f10c 0c04 	add.w	ip, ip, #4
 80061d8:	fa22 fe0a 	lsr.w	lr, r2, sl
 80061dc:	d8ef      	bhi.n	80061be <__lshift+0x6e>
 80061de:	1b03      	subs	r3, r0, r4
 80061e0:	3b15      	subs	r3, #21
 80061e2:	f023 0303 	bic.w	r3, r3, #3
 80061e6:	f104 0215 	add.w	r2, r4, #21
 80061ea:	4290      	cmp	r0, r2
 80061ec:	bf38      	it	cc
 80061ee:	2300      	movcc	r3, #0
 80061f0:	4419      	add	r1, r3
 80061f2:	f8c1 e004 	str.w	lr, [r1, #4]
 80061f6:	f1be 0f00 	cmp.w	lr, #0
 80061fa:	d100      	bne.n	80061fe <__lshift+0xae>
 80061fc:	46b0      	mov	r8, r6
 80061fe:	4638      	mov	r0, r7
 8006200:	f8c5 8010 	str.w	r8, [r5, #16]
 8006204:	4621      	mov	r1, r4
 8006206:	f7ff fdc7 	bl	8005d98 <_Bfree>
 800620a:	4628      	mov	r0, r5
 800620c:	e8bd 8ff8 	ldmia.w	sp!, {r3, r4, r5, r6, r7, r8, r9, sl, fp, pc}
 8006210:	f842 0b04 	str.w	r0, [r2], #4
 8006214:	3301      	adds	r3, #1
 8006216:	e7bf      	b.n	8006198 <__lshift+0x48>
 8006218:	f853 1b04 	ldr.w	r1, [r3], #4
 800621c:	f8cc 1000 	str.w	r1, [ip]
 8006220:	4298      	cmp	r0, r3
 8006222:	f10c 0c04 	add.w	ip, ip, #4
 8006226:	d8f7      	bhi.n	8006218 <__lshift+0xc8>
 8006228:	e7e8      	b.n	80061fc <__lshift+0xac>
 800622a:	bf00      	nop
 800622c:	08007284 	.word	0x08007284
 8006230:	080072a6 	.word	0x080072a6

08006234 <__mcmp>:
 8006234:	6903      	ldr	r3, [r0, #16]
 8006236:	690a      	ldr	r2, [r1, #16]
 8006238:	1a9b      	subs	r3, r3, r2
 800623a:	b530      	push	{r4, r5, lr}
 800623c:	d10e      	bne.n	800625c <__mcmp+0x28>
 800623e:	3014      	adds	r0, #20
 8006240:	3114      	adds	r1, #20
 8006242:	eb00 0482 	add.w	r4, r0, r2, lsl #2
 8006246:	eb01 0182 	add.w	r1, r1, r2, lsl #2
 800624a:	f854 5d04 	ldr.w	r5, [r4, #-4]!
 800624e:	f851 2d04 	ldr.w	r2, [r1, #-4]!
 8006252:	4295      	cmp	r5, r2
 8006254:	d004      	beq.n	8006260 <__mcmp+0x2c>
 8006256:	d206      	bcs.n	8006266 <__mcmp+0x32>
 8006258:	f04f 33ff 	mov.w	r3, #4294967295	@ 0xffffffff
 800625c:	4618      	mov	r0, r3
 800625e:	bd30      	pop	{r4, r5, pc}
 8006260:	42a0      	cmp	r0, r4
 8006262:	d3f2      	bcc.n	800624a <__mcmp+0x16>
 8006264:	e7fa      	b.n	800625c <__mcmp+0x28>
 8006266:	2301      	movs	r3, #1
 8006268:	e7f8      	b.n	800625c <__mcmp+0x28>
	...

0800626c <__mdiff>:
 800626c:	e92d 4ff7 	stmdb	sp!, {r0, r1, r2, r4, r5, r6, r7, r8, r9, sl, fp, lr}
 8006270:	468a      	mov	sl, r1
 8006272:	4606      	mov	r6, r0
 8006274:	4611      	mov	r1, r2
 8006276:	4650      	mov	r0, sl
 8006278:	4614      	mov	r4, r2
 800627a:	f7ff ffdb 	bl	8006234 <__mcmp>
 800627e:	1e05      	subs	r5, r0, #0
 8006280:	d112      	bne.n	80062a8 <__mdiff+0x3c>
 8006282:	4629      	mov	r1, r5
 8006284:	4630      	mov	r0, r6
 8006286:	f7ff fd49 	bl	8005d1c <_Balloc>
 800628a:	4602      	mov	r2, r0
 800628c:	b928      	cbnz	r0, 800629a <__mdiff+0x2e>
 800628e:	4b41      	ldr	r3, [pc, #260]	@ (8006394 <__mdiff+0x128>)
 8006290:	f240 2137 	movw	r1, #567	@ 0x237
 8006294:	4840      	ldr	r0, [pc, #256]	@ (8006398 <__mdiff+0x12c>)
 8006296:	f000 fb1d 	bl	80068d4 <__assert_func>
 800629a:	2301      	movs	r3, #1
 800629c:	e9c0 3504 	strd	r3, r5, [r0, #16]
 80062a0:	4610      	mov	r0, r2
 80062a2:	b003      	add	sp, #12
 80062a4:	e8bd 8ff0 	ldmia.w	sp!, {r4, r5, r6, r7, r8, r9, sl, fp, pc}
 80062a8:	bfbc      	itt	lt
 80062aa:	4653      	movlt	r3, sl
 80062ac:	46a2      	movlt	sl, r4
 80062ae:	4630      	mov	r0, r6
 80062b0:	f8da 1004 	ldr.w	r1, [sl, #4]
 80062b4:	bfba      	itte	lt
 80062b6:	461c      	movlt	r4, r3
 80062b8:	2501      	movlt	r5, #1
 80062ba:	2500      	movge	r5, #0
 80062bc:	f7ff fd2e 	bl	8005d1c <_Balloc>
 80062c0:	4602      	mov	r2, r0
 80062c2:	b918      	cbnz	r0, 80062cc <__mdiff+0x60>
 80062c4:	4b33      	ldr	r3, [pc, #204]	@ (8006394 <__mdiff+0x128>)
 80062c6:	f240 2145 	movw	r1, #581	@ 0x245
 80062ca:	e7e3      	b.n	8006294 <__mdiff+0x28>
 80062cc:	f8da 7010 	ldr.w	r7, [sl, #16]
 80062d0:	6926      	ldr	r6, [r4, #16]
 80062d2:	60c5      	str	r5, [r0, #12]
 80062d4:	f10a 0914 	add.w	r9, sl, #20
 80062d8:	f104 0e14 	add.w	lr, r4, #20
 80062dc:	f100 0514 	add.w	r5, r0, #20
 80062e0:	f10a 0310 	add.w	r3, sl, #16
 80062e4:	eb09 0887 	add.w	r8, r9, r7, lsl #2
 80062e8:	eb0e 0686 	add.w	r6, lr, r6, lsl #2
 80062ec:	9301      	str	r3, [sp, #4]
 80062ee:	46ab      	mov	fp, r5
 80062f0:	f04f 0c00 	mov.w	ip, #0
 80062f4:	9b01      	ldr	r3, [sp, #4]
 80062f6:	f85e 0b04 	ldr.w	r0, [lr], #4
 80062fa:	f853 af04 	ldr.w	sl, [r3, #4]!
 80062fe:	9301      	str	r3, [sp, #4]
 8006300:	fa1f f18a 	uxth.w	r1, sl
 8006304:	b283      	uxth	r3, r0
 8006306:	1acb      	subs	r3, r1, r3
 8006308:	0c00      	lsrs	r0, r0, #16
 800630a:	4463      	add	r3, ip
 800630c:	ebc0 401a 	rsb	r0, r0, sl, lsr #16
 8006310:	eb00 4023 	add.w	r0, r0, r3, asr #16
 8006314:	b29b      	uxth	r3, r3
 8006316:	ea43 4300 	orr.w	r3, r3, r0, lsl #16
 800631a:	4576      	cmp	r6, lr
 800631c:	f84b 3b04 	str.w	r3, [fp], #4
 8006320:	ea4f 4c20 	mov.w	ip, r0, asr #16
 8006324:	d8e6      	bhi.n	80062f4 <__mdiff+0x88>
 8006326:	1b33      	subs	r3, r6, r4
 8006328:	3b15      	subs	r3, #21
 800632a:	3415      	adds	r4, #21
 800632c:	f023 0303 	bic.w	r3, r3, #3
 8006330:	42a6      	cmp	r6, r4
 8006332:	bf38      	it	cc
 8006334:	2300      	movcc	r3, #0
 8006336:	18e8      	adds	r0, r5, r3
 8006338:	444b      	add	r3, r9
 800633a:	1d1c      	adds	r4, r3, #4
 800633c:	3004      	adds	r0, #4
 800633e:	4626      	mov	r6, r4
 8006340:	eba5 0509 	sub.w	r5, r5, r9
 8006344:	4546      	cmp	r6, r8
 8006346:	d30e      	bcc.n	8006366 <__mdiff+0xfa>
 8006348:	f108 0103 	add.w	r1, r8, #3
 800634c:	1b09      	subs	r1, r1, r4
 800634e:	f021 0103 	bic.w	r1, r1, #3
 8006352:	3301      	adds	r3, #1
 8006354:	4598      	cmp	r8, r3
 8006356:	bf38      	it	cc
 8006358:	2100      	movcc	r1, #0
 800635a:	4401      	add	r1, r0
 800635c:	f851 3d04 	ldr.w	r3, [r1, #-4]!
 8006360:	b1ab      	cbz	r3, 800638e <__mdiff+0x122>
 8006362:	6117      	str	r7, [r2, #16]
 8006364:	e79c      	b.n	80062a0 <__mdiff+0x34>
 8006366:	eb06 0e05 	add.w	lr, r6, r5
 800636a:	f856 1b04 	ldr.w	r1, [r6], #4
 800636e:	46e2      	mov	sl, ip
 8006370:	ea4f 4911 	mov.w	r9, r1, lsr #16
 8006374:	fa1c fc81 	uxtah	ip, ip, r1
 8006378:	4451      	add	r1, sl
 800637a:	eb09 492c 	add.w	r9, r9, ip, asr #16
 800637e:	b289      	uxth	r1, r1
 8006380:	ea41 4109 	orr.w	r1, r1, r9, lsl #16
 8006384:	ea4f 4c29 	mov.w	ip, r9, asr #16
 8006388:	f8ce 1000 	str.w	r1, [lr]
 800638c:	e7da      	b.n	8006344 <__mdiff+0xd8>
 800638e:	3f01      	subs	r7, #1
 8006390:	e7e4      	b.n	800635c <__mdiff+0xf0>
 8006392:	bf00      	nop
 8006394:	08007284 	.word	0x08007284
 8006398:	080072a6 	.word	0x080072a6

0800639c <__d2b>:
 800639c:	e92d 43f7 	stmdb	sp!, {r0, r1, r2, r4, r5, r6, r7, r8, r9, lr}
 80063a0:	460f      	mov	r7, r1
 80063a2:	2101      	movs	r1, #1
 80063a4:	ec59 8b10 	vmov	r8, r9, d0
 80063a8:	4616      	mov	r6, r2
 80063aa:	f7ff fcb7 	bl	8005d1c <_Balloc>
 80063ae:	4605      	mov	r5, r0
 80063b0:	b930      	cbnz	r0, 80063c0 <__d2b+0x24>
 80063b2:	4602      	mov	r2, r0
 80063b4:	4b23      	ldr	r3, [pc, #140]	@ (8006444 <__d2b+0xa8>)
 80063b6:	4824      	ldr	r0, [pc, #144]	@ (8006448 <__d2b+0xac>)
 80063b8:	f240 310f 	movw	r1, #783	@ 0x30f
 80063bc:	f000 fa8a 	bl	80068d4 <__assert_func>
 80063c0:	f3c9 540a 	ubfx	r4, r9, #20, #11
 80063c4:	f3c9 0313 	ubfx	r3, r9, #0, #20
 80063c8:	b10c      	cbz	r4, 80063ce <__d2b+0x32>
 80063ca:	f443 1380 	orr.w	r3, r3, #1048576	@ 0x100000
 80063ce:	9301      	str	r3, [sp, #4]
 80063d0:	f1b8 0300 	subs.w	r3, r8, #0
 80063d4:	d023      	beq.n	800641e <__d2b+0x82>
 80063d6:	4668      	mov	r0, sp
 80063d8:	9300      	str	r3, [sp, #0]
 80063da:	f7ff fd63 	bl	8005ea4 <__lo0bits>
 80063de:	9900      	ldr	r1, [sp, #0]
 80063e0:	b1d8      	cbz	r0, 800641a <__d2b+0x7e>
 80063e2:	9a01      	ldr	r2, [sp, #4]
 80063e4:	f1c0 0320 	rsb	r3, r0, #32
 80063e8:	fa02 f303 	lsl.w	r3, r2, r3
 80063ec:	430b      	orrs	r3, r1
 80063ee:	40c2      	lsrs	r2, r0
 80063f0:	616b      	str	r3, [r5, #20]
 80063f2:	9201      	str	r2, [sp, #4]
 80063f4:	9b01      	ldr	r3, [sp, #4]
 80063f6:	61ab      	str	r3, [r5, #24]
 80063f8:	2b00      	cmp	r3, #0
 80063fa:	bf0c      	ite	eq
 80063fc:	2201      	moveq	r2, #1
 80063fe:	2202      	movne	r2, #2
 8006400:	612a      	str	r2, [r5, #16]
 8006402:	b1a4      	cbz	r4, 800642e <__d2b+0x92>
 8006404:	f2a4 4433 	subw	r4, r4, #1075	@ 0x433
 8006408:	4404      	add	r4, r0
 800640a:	603c      	str	r4, [r7, #0]
 800640c:	f1c0 0035 	rsb	r0, r0, #53	@ 0x35
 8006410:	6030      	str	r0, [r6, #0]
 8006412:	4628      	mov	r0, r5
 8006414:	b003      	add	sp, #12
 8006416:	e8bd 83f0 	ldmia.w	sp!, {r4, r5, r6, r7, r8, r9, pc}
 800641a:	6169      	str	r1, [r5, #20]
 800641c:	e7ea      	b.n	80063f4 <__d2b+0x58>
 800641e:	a801      	add	r0, sp, #4
 8006420:	f7ff fd40 	bl	8005ea4 <__lo0bits>
 8006424:	9b01      	ldr	r3, [sp, #4]
 8006426:	616b      	str	r3, [r5, #20]
 8006428:	3020      	adds	r0, #32
 800642a:	2201      	movs	r2, #1
 800642c:	e7e8      	b.n	8006400 <__d2b+0x64>
 800642e:	eb05 0382 	add.w	r3, r5, r2, lsl #2
 8006432:	f2a0 4032 	subw	r0, r0, #1074	@ 0x432
 8006436:	6038      	str	r0, [r7, #0]
 8006438:	6918      	ldr	r0, [r3, #16]
 800643a:	f7ff fd15 	bl	8005e68 <__hi0bits>
 800643e:	ebc0 1042 	rsb	r0, r0, r2, lsl #5
 8006442:	e7e5      	b.n	8006410 <__d2b+0x74>
 8006444:	08007284 	.word	0x08007284
 8006448:	080072a6 	.word	0x080072a6

0800644c <__sread>:
 800644c:	b510      	push	{r4, lr}
 800644e:	460c      	mov	r4, r1
 8006450:	f9b1 100e 	ldrsh.w	r1, [r1, #14]
 8006454:	f000 f9f8 	bl	8006848 <_read_r>
 8006458:	2800      	cmp	r0, #0
 800645a:	bfab      	itete	ge
 800645c:	6d63      	ldrge	r3, [r4, #84]	@ 0x54
 800645e:	89a3      	ldrhlt	r3, [r4, #12]
 8006460:	181b      	addge	r3, r3, r0
 8006462:	f423 5380 	biclt.w	r3, r3, #4096	@ 0x1000
 8006466:	bfac      	ite	ge
 8006468:	6563      	strge	r3, [r4, #84]	@ 0x54
 800646a:	81a3      	strhlt	r3, [r4, #12]
 800646c:	bd10      	pop	{r4, pc}

0800646e <__swrite>:
 800646e:	e92d 41f0 	stmdb	sp!, {r4, r5, r6, r7, r8, lr}
 8006472:	461f      	mov	r7, r3
 8006474:	898b      	ldrh	r3, [r1, #12]
 8006476:	05db      	lsls	r3, r3, #23
 8006478:	4605      	mov	r5, r0
 800647a:	460c      	mov	r4, r1
 800647c:	4616      	mov	r6, r2
 800647e:	d505      	bpl.n	800648c <__swrite+0x1e>
 8006480:	f9b1 100e 	ldrsh.w	r1, [r1, #14]
 8006484:	2302      	movs	r3, #2
 8006486:	2200      	movs	r2, #0
 8006488:	f000 f9cc 	bl	8006824 <_lseek_r>
 800648c:	89a3      	ldrh	r3, [r4, #12]
 800648e:	f9b4 100e 	ldrsh.w	r1, [r4, #14]
 8006492:	f423 5380 	bic.w	r3, r3, #4096	@ 0x1000
 8006496:	81a3      	strh	r3, [r4, #12]
 8006498:	4632      	mov	r2, r6
 800649a:	463b      	mov	r3, r7
 800649c:	4628      	mov	r0, r5
 800649e:	e8bd 41f0 	ldmia.w	sp!, {r4, r5, r6, r7, r8, lr}
 80064a2:	f000 b9e3 	b.w	800686c <_write_r>

080064a6 <__sseek>:
 80064a6:	b510      	push	{r4, lr}
 80064a8:	460c      	mov	r4, r1
 80064aa:	f9b1 100e 	ldrsh.w	r1, [r1, #14]
 80064ae:	f000 f9b9 	bl	8006824 <_lseek_r>
 80064b2:	f9b4 300c 	ldrsh.w	r3, [r4, #12]
 80064b6:	1c42      	adds	r2, r0, #1
 80064b8:	bf0b      	itete	eq
 80064ba:	f423 5380 	biceq.w	r3, r3, #4096	@ 0x1000
 80064be:	f443 5380 	orrne.w	r3, r3, #4096	@ 0x1000
 80064c2:	81a3      	strheq	r3, [r4, #12]
 80064c4:	81a3      	strhne	r3, [r4, #12]
 80064c6:	bf18      	it	ne
 80064c8:	6560      	strne	r0, [r4, #84]	@ 0x54
 80064ca:	bd10      	pop	{r4, pc}

080064cc <__sclose>:
 80064cc:	f9b1 100e 	ldrsh.w	r1, [r1, #14]
 80064d0:	f000 b9de 	b.w	8006890 <_close_r>

080064d4 <__sflush_r>:
 80064d4:	f9b1 200c 	ldrsh.w	r2, [r1, #12]
 80064d8:	e92d 41f0 	stmdb	sp!, {r4, r5, r6, r7, r8, lr}
 80064dc:	0716      	lsls	r6, r2, #28
 80064de:	4605      	mov	r5, r0
 80064e0:	460c      	mov	r4, r1
 80064e2:	d451      	bmi.n	8006588 <__sflush_r+0xb4>
 80064e4:	684b      	ldr	r3, [r1, #4]
 80064e6:	2b00      	cmp	r3, #0
 80064e8:	dc02      	bgt.n	80064f0 <__sflush_r+0x1c>
 80064ea:	6c0b      	ldr	r3, [r1, #64]	@ 0x40
 80064ec:	2b00      	cmp	r3, #0
 80064ee:	dd49      	ble.n	8006584 <__sflush_r+0xb0>
 80064f0:	6ae6      	ldr	r6, [r4, #44]	@ 0x2c
 80064f2:	2e00      	cmp	r6, #0
 80064f4:	d046      	beq.n	8006584 <__sflush_r+0xb0>
 80064f6:	2300      	movs	r3, #0
 80064f8:	f412 5280 	ands.w	r2, r2, #4096	@ 0x1000
 80064fc:	682f      	ldr	r7, [r5, #0]
 80064fe:	602b      	str	r3, [r5, #0]
 8006500:	d031      	beq.n	8006566 <__sflush_r+0x92>
 8006502:	6d62      	ldr	r2, [r4, #84]	@ 0x54
 8006504:	89a3      	ldrh	r3, [r4, #12]
 8006506:	0759      	lsls	r1, r3, #29
 8006508:	d505      	bpl.n	8006516 <__sflush_r+0x42>
 800650a:	6863      	ldr	r3, [r4, #4]
 800650c:	1ad2      	subs	r2, r2, r3
 800650e:	6b63      	ldr	r3, [r4, #52]	@ 0x34
 8006510:	b10b      	cbz	r3, 8006516 <__sflush_r+0x42>
 8006512:	6c23      	ldr	r3, [r4, #64]	@ 0x40
 8006514:	1ad2      	subs	r2, r2, r3
 8006516:	2300      	movs	r3, #0
 8006518:	6ae6      	ldr	r6, [r4, #44]	@ 0x2c
 800651a:	6a21      	ldr	r1, [r4, #32]
 800651c:	4628      	mov	r0, r5
 800651e:	47b0      	blx	r6
 8006520:	1c42      	adds	r2, r0, #1
 8006522:	f9b4 300c 	ldrsh.w	r3, [r4, #12]
 8006526:	d106      	bne.n	8006536 <__sflush_r+0x62>
 8006528:	6829      	ldr	r1, [r5, #0]
 800652a:	291d      	cmp	r1, #29
 800652c:	d845      	bhi.n	80065ba <__sflush_r+0xe6>
 800652e:	4a28      	ldr	r2, [pc, #160]	@ (80065d0 <__sflush_r+0xfc>)
 8006530:	40ca      	lsrs	r2, r1
 8006532:	07d6      	lsls	r6, r2, #31
 8006534:	d541      	bpl.n	80065ba <__sflush_r+0xe6>
 8006536:	2200      	movs	r2, #0
 8006538:	6062      	str	r2, [r4, #4]
 800653a:	04d9      	lsls	r1, r3, #19
 800653c:	6922      	ldr	r2, [r4, #16]
 800653e:	6022      	str	r2, [r4, #0]
 8006540:	d504      	bpl.n	800654c <__sflush_r+0x78>
 8006542:	1c42      	adds	r2, r0, #1
 8006544:	d101      	bne.n	800654a <__sflush_r+0x76>
 8006546:	682b      	ldr	r3, [r5, #0]
 8006548:	b903      	cbnz	r3, 800654c <__sflush_r+0x78>
 800654a:	6560      	str	r0, [r4, #84]	@ 0x54
 800654c:	6b61      	ldr	r1, [r4, #52]	@ 0x34
 800654e:	602f      	str	r7, [r5, #0]
 8006550:	b1c1      	cbz	r1, 8006584 <__sflush_r+0xb0>
 8006552:	f104 0344 	add.w	r3, r4, #68	@ 0x44
 8006556:	4299      	cmp	r1, r3
 8006558:	d002      	beq.n	8006560 <__sflush_r+0x8c>
 800655a:	4628      	mov	r0, r5
 800655c:	f7ff fa56 	bl	8005a0c <_free_r>
 8006560:	2300      	movs	r3, #0
 8006562:	6363      	str	r3, [r4, #52]	@ 0x34
 8006564:	e00e      	b.n	8006584 <__sflush_r+0xb0>
 8006566:	6a21      	ldr	r1, [r4, #32]
 8006568:	2301      	movs	r3, #1
 800656a:	4628      	mov	r0, r5
 800656c:	47b0      	blx	r6
 800656e:	4602      	mov	r2, r0
 8006570:	1c50      	adds	r0, r2, #1
 8006572:	d1c7      	bne.n	8006504 <__sflush_r+0x30>
 8006574:	682b      	ldr	r3, [r5, #0]
 8006576:	2b00      	cmp	r3, #0
 8006578:	d0c4      	beq.n	8006504 <__sflush_r+0x30>
 800657a:	2b1d      	cmp	r3, #29
 800657c:	d001      	beq.n	8006582 <__sflush_r+0xae>
 800657e:	2b16      	cmp	r3, #22
 8006580:	d11a      	bne.n	80065b8 <__sflush_r+0xe4>
 8006582:	602f      	str	r7, [r5, #0]
 8006584:	2000      	movs	r0, #0
 8006586:	e01d      	b.n	80065c4 <__sflush_r+0xf0>
 8006588:	690f      	ldr	r7, [r1, #16]
 800658a:	2f00      	cmp	r7, #0
 800658c:	d0fa      	beq.n	8006584 <__sflush_r+0xb0>
 800658e:	0793      	lsls	r3, r2, #30
 8006590:	680e      	ldr	r6, [r1, #0]
 8006592:	bf08      	it	eq
 8006594:	694b      	ldreq	r3, [r1, #20]
 8006596:	600f      	str	r7, [r1, #0]
 8006598:	bf18      	it	ne
 800659a:	2300      	movne	r3, #0
 800659c:	eba6 0807 	sub.w	r8, r6, r7
 80065a0:	608b      	str	r3, [r1, #8]
 80065a2:	f1b8 0f00 	cmp.w	r8, #0
 80065a6:	dded      	ble.n	8006584 <__sflush_r+0xb0>
 80065a8:	6a21      	ldr	r1, [r4, #32]
 80065aa:	6aa6      	ldr	r6, [r4, #40]	@ 0x28
 80065ac:	4643      	mov	r3, r8
 80065ae:	463a      	mov	r2, r7
 80065b0:	4628      	mov	r0, r5
 80065b2:	47b0      	blx	r6
 80065b4:	2800      	cmp	r0, #0
 80065b6:	dc07      	bgt.n	80065c8 <__sflush_r+0xf4>
 80065b8:	89a3      	ldrh	r3, [r4, #12]
 80065ba:	f043 0340 	orr.w	r3, r3, #64	@ 0x40
 80065be:	81a3      	strh	r3, [r4, #12]
 80065c0:	f04f 30ff 	mov.w	r0, #4294967295	@ 0xffffffff
 80065c4:	e8bd 81f0 	ldmia.w	sp!, {r4, r5, r6, r7, r8, pc}
 80065c8:	4407      	add	r7, r0
 80065ca:	eba8 0800 	sub.w	r8, r8, r0
 80065ce:	e7e8      	b.n	80065a2 <__sflush_r+0xce>
 80065d0:	20400001 	.word	0x20400001

080065d4 <_fflush_r>:
 80065d4:	b538      	push	{r3, r4, r5, lr}
 80065d6:	690b      	ldr	r3, [r1, #16]
 80065d8:	4605      	mov	r5, r0
 80065da:	460c      	mov	r4, r1
 80065dc:	b913      	cbnz	r3, 80065e4 <_fflush_r+0x10>
 80065de:	461d      	mov	r5, r3
 80065e0:	4628      	mov	r0, r5
 80065e2:	bd38      	pop	{r3, r4, r5, pc}
 80065e4:	b118      	cbz	r0, 80065ee <_fflush_r+0x1a>
 80065e6:	6a03      	ldr	r3, [r0, #32]
 80065e8:	b90b      	cbnz	r3, 80065ee <_fflush_r+0x1a>
 80065ea:	f7fe fab3 	bl	8004b54 <__sinit>
 80065ee:	f9b4 300c 	ldrsh.w	r3, [r4, #12]
 80065f2:	2b00      	cmp	r3, #0
 80065f4:	d0f3      	beq.n	80065de <_fflush_r+0xa>
 80065f6:	6e62      	ldr	r2, [r4, #100]	@ 0x64
 80065f8:	07d0      	lsls	r0, r2, #31
 80065fa:	d404      	bmi.n	8006606 <_fflush_r+0x32>
 80065fc:	0599      	lsls	r1, r3, #22
 80065fe:	d402      	bmi.n	8006606 <_fflush_r+0x32>
 8006600:	6da0      	ldr	r0, [r4, #88]	@ 0x58
 8006602:	f7fe fb90 	bl	8004d26 <__retarget_lock_acquire_recursive>
 8006606:	4628      	mov	r0, r5
 8006608:	4621      	mov	r1, r4
 800660a:	f7ff ff63 	bl	80064d4 <__sflush_r>
 800660e:	6e63      	ldr	r3, [r4, #100]	@ 0x64
 8006610:	07da      	lsls	r2, r3, #31
 8006612:	4605      	mov	r5, r0
 8006614:	d4e4      	bmi.n	80065e0 <_fflush_r+0xc>
 8006616:	89a3      	ldrh	r3, [r4, #12]
 8006618:	059b      	lsls	r3, r3, #22
 800661a:	d4e1      	bmi.n	80065e0 <_fflush_r+0xc>
 800661c:	6da0      	ldr	r0, [r4, #88]	@ 0x58
 800661e:	f7fe fb83 	bl	8004d28 <__retarget_lock_release_recursive>
 8006622:	e7dd      	b.n	80065e0 <_fflush_r+0xc>

08006624 <__swbuf_r>:
 8006624:	b5f8      	push	{r3, r4, r5, r6, r7, lr}
 8006626:	4605      	mov	r5, r0
 8006628:	460f      	mov	r7, r1
 800662a:	4614      	mov	r4, r2
 800662c:	b118      	cbz	r0, 8006636 <__swbuf_r+0x12>
 800662e:	6a03      	ldr	r3, [r0, #32]
 8006630:	b90b      	cbnz	r3, 8006636 <__swbuf_r+0x12>
 8006632:	f7fe fa8f 	bl	8004b54 <__sinit>
 8006636:	69a3      	ldr	r3, [r4, #24]
 8006638:	60a3      	str	r3, [r4, #8]
 800663a:	89a3      	ldrh	r3, [r4, #12]
 800663c:	071a      	lsls	r2, r3, #28
 800663e:	d501      	bpl.n	8006644 <__swbuf_r+0x20>
 8006640:	6923      	ldr	r3, [r4, #16]
 8006642:	b943      	cbnz	r3, 8006656 <__swbuf_r+0x32>
 8006644:	4621      	mov	r1, r4
 8006646:	4628      	mov	r0, r5
 8006648:	f000 f82a 	bl	80066a0 <__swsetup_r>
 800664c:	b118      	cbz	r0, 8006656 <__swbuf_r+0x32>
 800664e:	f04f 36ff 	mov.w	r6, #4294967295	@ 0xffffffff
 8006652:	4630      	mov	r0, r6
 8006654:	bdf8      	pop	{r3, r4, r5, r6, r7, pc}
 8006656:	6923      	ldr	r3, [r4, #16]
 8006658:	6820      	ldr	r0, [r4, #0]
 800665a:	1ac0      	subs	r0, r0, r3
 800665c:	6963      	ldr	r3, [r4, #20]
 800665e:	4283      	cmp	r3, r0
 8006660:	dc05      	bgt.n	800666e <__swbuf_r+0x4a>
 8006662:	4621      	mov	r1, r4
 8006664:	4628      	mov	r0, r5
 8006666:	f7ff ffb5 	bl	80065d4 <_fflush_r>
 800666a:	2800      	cmp	r0, #0
 800666c:	d1ef      	bne.n	800664e <__swbuf_r+0x2a>
 800666e:	68a3      	ldr	r3, [r4, #8]
 8006670:	3b01      	subs	r3, #1
 8006672:	60a3      	str	r3, [r4, #8]
 8006674:	6823      	ldr	r3, [r4, #0]
 8006676:	1c5a      	adds	r2, r3, #1
 8006678:	6022      	str	r2, [r4, #0]
 800667a:	701f      	strb	r7, [r3, #0]
 800667c:	6963      	ldr	r3, [r4, #20]
 800667e:	3001      	adds	r0, #1
 8006680:	4283      	cmp	r3, r0
 8006682:	b2fe      	uxtb	r6, r7
 8006684:	d004      	beq.n	8006690 <__swbuf_r+0x6c>
 8006686:	89a3      	ldrh	r3, [r4, #12]
 8006688:	07db      	lsls	r3, r3, #31
 800668a:	d5e2      	bpl.n	8006652 <__swbuf_r+0x2e>
 800668c:	2e0a      	cmp	r6, #10
 800668e:	d1e0      	bne.n	8006652 <__swbuf_r+0x2e>
 8006690:	4621      	mov	r1, r4
 8006692:	4628      	mov	r0, r5
 8006694:	f7ff ff9e 	bl	80065d4 <_fflush_r>
 8006698:	2800      	cmp	r0, #0
 800669a:	d0da      	beq.n	8006652 <__swbuf_r+0x2e>
 800669c:	e7d7      	b.n	800664e <__swbuf_r+0x2a>
	...

080066a0 <__swsetup_r>:
 80066a0:	b538      	push	{r3, r4, r5, lr}
 80066a2:	4b28      	ldr	r3, [pc, #160]	@ (8006744 <__swsetup_r+0xa4>)
 80066a4:	4605      	mov	r5, r0
 80066a6:	6818      	ldr	r0, [r3, #0]
 80066a8:	460c      	mov	r4, r1
 80066aa:	b118      	cbz	r0, 80066b4 <__swsetup_r+0x14>
 80066ac:	6a03      	ldr	r3, [r0, #32]
 80066ae:	b90b      	cbnz	r3, 80066b4 <__swsetup_r+0x14>
 80066b0:	f7fe fa50 	bl	8004b54 <__sinit>
 80066b4:	f9b4 300c 	ldrsh.w	r3, [r4, #12]
 80066b8:	0719      	lsls	r1, r3, #28
 80066ba:	d420      	bmi.n	80066fe <__swsetup_r+0x5e>
 80066bc:	06da      	lsls	r2, r3, #27
 80066be:	d407      	bmi.n	80066d0 <__swsetup_r+0x30>
 80066c0:	2209      	movs	r2, #9
 80066c2:	602a      	str	r2, [r5, #0]
 80066c4:	f043 0340 	orr.w	r3, r3, #64	@ 0x40
 80066c8:	81a3      	strh	r3, [r4, #12]
 80066ca:	f04f 30ff 	mov.w	r0, #4294967295	@ 0xffffffff
 80066ce:	e031      	b.n	8006734 <__swsetup_r+0x94>
 80066d0:	0758      	lsls	r0, r3, #29
 80066d2:	d511      	bpl.n	80066f8 <__swsetup_r+0x58>
 80066d4:	6b61      	ldr	r1, [r4, #52]	@ 0x34
 80066d6:	b141      	cbz	r1, 80066ea <__swsetup_r+0x4a>
 80066d8:	f104 0344 	add.w	r3, r4, #68	@ 0x44
 80066dc:	4299      	cmp	r1, r3
 80066de:	d002      	beq.n	80066e6 <__swsetup_r+0x46>
 80066e0:	4628      	mov	r0, r5
 80066e2:	f7ff f993 	bl	8005a0c <_free_r>
 80066e6:	2300      	movs	r3, #0
 80066e8:	6363      	str	r3, [r4, #52]	@ 0x34
 80066ea:	2200      	movs	r2, #0
 80066ec:	89a3      	ldrh	r3, [r4, #12]
 80066ee:	6062      	str	r2, [r4, #4]
 80066f0:	6922      	ldr	r2, [r4, #16]
 80066f2:	6022      	str	r2, [r4, #0]
 80066f4:	f023 0324 	bic.w	r3, r3, #36	@ 0x24
 80066f8:	f043 0308 	orr.w	r3, r3, #8
 80066fc:	81a3      	strh	r3, [r4, #12]
 80066fe:	6923      	ldr	r3, [r4, #16]
 8006700:	b94b      	cbnz	r3, 8006716 <__swsetup_r+0x76>
 8006702:	89a3      	ldrh	r3, [r4, #12]
 8006704:	f403 7320 	and.w	r3, r3, #640	@ 0x280
 8006708:	f5b3 7f00 	cmp.w	r3, #512	@ 0x200
 800670c:	d003      	beq.n	8006716 <__swsetup_r+0x76>
 800670e:	4621      	mov	r1, r4
 8006710:	4628      	mov	r0, r5
 8006712:	f000 f83d 	bl	8006790 <__smakebuf_r>
 8006716:	f9b4 300c 	ldrsh.w	r3, [r4, #12]
 800671a:	f013 0201 	ands.w	r2, r3, #1
 800671e:	d00a      	beq.n	8006736 <__swsetup_r+0x96>
 8006720:	2200      	movs	r2, #0
 8006722:	60a2      	str	r2, [r4, #8]
 8006724:	6962      	ldr	r2, [r4, #20]
 8006726:	4252      	negs	r2, r2
 8006728:	61a2      	str	r2, [r4, #24]
 800672a:	6922      	ldr	r2, [r4, #16]
 800672c:	b942      	cbnz	r2, 8006740 <__swsetup_r+0xa0>
 800672e:	f013 0080 	ands.w	r0, r3, #128	@ 0x80
 8006732:	d1c7      	bne.n	80066c4 <__swsetup_r+0x24>
 8006734:	bd38      	pop	{r3, r4, r5, pc}
 8006736:	0799      	lsls	r1, r3, #30
 8006738:	bf58      	it	pl
 800673a:	6962      	ldrpl	r2, [r4, #20]
 800673c:	60a2      	str	r2, [r4, #8]
 800673e:	e7f4      	b.n	800672a <__swsetup_r+0x8a>
 8006740:	2000      	movs	r0, #0
 8006742:	e7f7      	b.n	8006734 <__swsetup_r+0x94>
 8006744:	20000010 	.word	0x20000010

08006748 <__swhatbuf_r>:
 8006748:	b570      	push	{r4, r5, r6, lr}
 800674a:	460e      	mov	r6, r1
 800674c:	f9b1 100e 	ldrsh.w	r1, [r1, #14]
 8006750:	2900      	cmp	r1, #0
 8006752:	b096      	sub	sp, #88	@ 0x58
 8006754:	4614      	mov	r4, r2
 8006756:	461d      	mov	r5, r3
 8006758:	da0a      	bge.n	8006770 <__swhatbuf_r+0x28>
 800675a:	89b2      	ldrh	r2, [r6, #12]
 800675c:	f012 0280 	ands.w	r2, r2, #128	@ 0x80
 8006760:	d113      	bne.n	800678a <__swhatbuf_r+0x42>
 8006762:	f44f 6180 	mov.w	r1, #1024	@ 0x400
 8006766:	2000      	movs	r0, #0
 8006768:	602a      	str	r2, [r5, #0]
 800676a:	6021      	str	r1, [r4, #0]
 800676c:	b016      	add	sp, #88	@ 0x58
 800676e:	bd70      	pop	{r4, r5, r6, pc}
 8006770:	466a      	mov	r2, sp
 8006772:	f000 f89d 	bl	80068b0 <_fstat_r>
 8006776:	2800      	cmp	r0, #0
 8006778:	dbef      	blt.n	800675a <__swhatbuf_r+0x12>
 800677a:	9a01      	ldr	r2, [sp, #4]
 800677c:	f402 4270 	and.w	r2, r2, #61440	@ 0xf000
 8006780:	f5a2 5300 	sub.w	r3, r2, #8192	@ 0x2000
 8006784:	425a      	negs	r2, r3
 8006786:	415a      	adcs	r2, r3
 8006788:	e7eb      	b.n	8006762 <__swhatbuf_r+0x1a>
 800678a:	2200      	movs	r2, #0
 800678c:	2140      	movs	r1, #64	@ 0x40
 800678e:	e7ea      	b.n	8006766 <__swhatbuf_r+0x1e>

08006790 <__smakebuf_r>:
 8006790:	898b      	ldrh	r3, [r1, #12]
 8006792:	b573      	push	{r0, r1, r4, r5, r6, lr}
 8006794:	079e      	lsls	r6, r3, #30
 8006796:	4605      	mov	r5, r0
 8006798:	460c      	mov	r4, r1
 800679a:	d507      	bpl.n	80067ac <__smakebuf_r+0x1c>
 800679c:	f104 0347 	add.w	r3, r4, #71	@ 0x47
 80067a0:	6023      	str	r3, [r4, #0]
 80067a2:	6123      	str	r3, [r4, #16]
 80067a4:	2301      	movs	r3, #1
 80067a6:	6163      	str	r3, [r4, #20]
 80067a8:	b002      	add	sp, #8
 80067aa:	bd70      	pop	{r4, r5, r6, pc}
 80067ac:	ab01      	add	r3, sp, #4
 80067ae:	466a      	mov	r2, sp
 80067b0:	f7ff ffca 	bl	8006748 <__swhatbuf_r>
 80067b4:	9e00      	ldr	r6, [sp, #0]
 80067b6:	4628      	mov	r0, r5
 80067b8:	4631      	mov	r1, r6
 80067ba:	f7fd ff15 	bl	80045e8 <_malloc_r>
 80067be:	f9b4 300c 	ldrsh.w	r3, [r4, #12]
 80067c2:	b938      	cbnz	r0, 80067d4 <__smakebuf_r+0x44>
 80067c4:	059a      	lsls	r2, r3, #22
 80067c6:	d4ef      	bmi.n	80067a8 <__smakebuf_r+0x18>
 80067c8:	f023 0303 	bic.w	r3, r3, #3
 80067cc:	f043 0302 	orr.w	r3, r3, #2
 80067d0:	81a3      	strh	r3, [r4, #12]
 80067d2:	e7e3      	b.n	800679c <__smakebuf_r+0xc>
 80067d4:	f043 0380 	orr.w	r3, r3, #128	@ 0x80
 80067d8:	81a3      	strh	r3, [r4, #12]
 80067da:	9b01      	ldr	r3, [sp, #4]
 80067dc:	6020      	str	r0, [r4, #0]
 80067de:	e9c4 0604 	strd	r0, r6, [r4, #16]
 80067e2:	2b00      	cmp	r3, #0
 80067e4:	d0e0      	beq.n	80067a8 <__smakebuf_r+0x18>
 80067e6:	f9b4 100e 	ldrsh.w	r1, [r4, #14]
 80067ea:	4628      	mov	r0, r5
 80067ec:	f000 f80a 	bl	8006804 <_isatty_r>
 80067f0:	2800      	cmp	r0, #0
 80067f2:	d0d9      	beq.n	80067a8 <__smakebuf_r+0x18>
 80067f4:	89a3      	ldrh	r3, [r4, #12]
 80067f6:	f023 0303 	bic.w	r3, r3, #3
 80067fa:	f043 0301 	orr.w	r3, r3, #1
 80067fe:	81a3      	strh	r3, [r4, #12]
 8006800:	e7d2      	b.n	80067a8 <__smakebuf_r+0x18>
	...

08006804 <_isatty_r>:
 8006804:	b538      	push	{r3, r4, r5, lr}
 8006806:	4c06      	ldr	r4, [pc, #24]	@ (8006820 <_isatty_r+0x1c>)
 8006808:	2300      	movs	r3, #0
 800680a:	4605      	mov	r5, r0
 800680c:	4608      	mov	r0, r1
 800680e:	6023      	str	r3, [r4, #0]
 8006810:	f7fc fde9 	bl	80033e6 <_isatty>
 8006814:	1c43      	adds	r3, r0, #1
 8006816:	d102      	bne.n	800681e <_isatty_r+0x1a>
 8006818:	6823      	ldr	r3, [r4, #0]
 800681a:	b103      	cbz	r3, 800681e <_isatty_r+0x1a>
 800681c:	602b      	str	r3, [r5, #0]
 800681e:	bd38      	pop	{r3, r4, r5, pc}
 8006820:	20001fbc 	.word	0x20001fbc

08006824 <_lseek_r>:
 8006824:	b538      	push	{r3, r4, r5, lr}
 8006826:	4c07      	ldr	r4, [pc, #28]	@ (8006844 <_lseek_r+0x20>)
 8006828:	4605      	mov	r5, r0
 800682a:	4608      	mov	r0, r1
 800682c:	4611      	mov	r1, r2
 800682e:	2200      	movs	r2, #0
 8006830:	6022      	str	r2, [r4, #0]
 8006832:	461a      	mov	r2, r3
 8006834:	f7fc fdd9 	bl	80033ea <_lseek>
 8006838:	1c43      	adds	r3, r0, #1
 800683a:	d102      	bne.n	8006842 <_lseek_r+0x1e>
 800683c:	6823      	ldr	r3, [r4, #0]
 800683e:	b103      	cbz	r3, 8006842 <_lseek_r+0x1e>
 8006840:	602b      	str	r3, [r5, #0]
 8006842:	bd38      	pop	{r3, r4, r5, pc}
 8006844:	20001fbc 	.word	0x20001fbc

08006848 <_read_r>:
 8006848:	b538      	push	{r3, r4, r5, lr}
 800684a:	4c07      	ldr	r4, [pc, #28]	@ (8006868 <_read_r+0x20>)
 800684c:	4605      	mov	r5, r0
 800684e:	4608      	mov	r0, r1
 8006850:	4611      	mov	r1, r2
 8006852:	2200      	movs	r2, #0
 8006854:	6022      	str	r2, [r4, #0]
 8006856:	461a      	mov	r2, r3
 8006858:	f7fc fd9f 	bl	800339a <_read>
 800685c:	1c43      	adds	r3, r0, #1
 800685e:	d102      	bne.n	8006866 <_read_r+0x1e>
 8006860:	6823      	ldr	r3, [r4, #0]
 8006862:	b103      	cbz	r3, 8006866 <_read_r+0x1e>
 8006864:	602b      	str	r3, [r5, #0]
 8006866:	bd38      	pop	{r3, r4, r5, pc}
 8006868:	20001fbc 	.word	0x20001fbc

0800686c <_write_r>:
 800686c:	b538      	push	{r3, r4, r5, lr}
 800686e:	4c07      	ldr	r4, [pc, #28]	@ (800688c <_write_r+0x20>)
 8006870:	4605      	mov	r5, r0
 8006872:	4608      	mov	r0, r1
 8006874:	4611      	mov	r1, r2
 8006876:	2200      	movs	r2, #0
 8006878:	6022      	str	r2, [r4, #0]
 800687a:	461a      	mov	r2, r3
 800687c:	f7fc fd9d 	bl	80033ba <_write>
 8006880:	1c43      	adds	r3, r0, #1
 8006882:	d102      	bne.n	800688a <_write_r+0x1e>
 8006884:	6823      	ldr	r3, [r4, #0]
 8006886:	b103      	cbz	r3, 800688a <_write_r+0x1e>
 8006888:	602b      	str	r3, [r5, #0]
 800688a:	bd38      	pop	{r3, r4, r5, pc}
 800688c:	20001fbc 	.word	0x20001fbc

08006890 <_close_r>:
 8006890:	b538      	push	{r3, r4, r5, lr}
 8006892:	4c06      	ldr	r4, [pc, #24]	@ (80068ac <_close_r+0x1c>)
 8006894:	2300      	movs	r3, #0
 8006896:	4605      	mov	r5, r0
 8006898:	4608      	mov	r0, r1
 800689a:	6023      	str	r3, [r4, #0]
 800689c:	f7fc fd9b 	bl	80033d6 <_close>
 80068a0:	1c43      	adds	r3, r0, #1
 80068a2:	d102      	bne.n	80068aa <_close_r+0x1a>
 80068a4:	6823      	ldr	r3, [r4, #0]
 80068a6:	b103      	cbz	r3, 80068aa <_close_r+0x1a>
 80068a8:	602b      	str	r3, [r5, #0]
 80068aa:	bd38      	pop	{r3, r4, r5, pc}
 80068ac:	20001fbc 	.word	0x20001fbc

080068b0 <_fstat_r>:
 80068b0:	b538      	push	{r3, r4, r5, lr}
 80068b2:	4c07      	ldr	r4, [pc, #28]	@ (80068d0 <_fstat_r+0x20>)
 80068b4:	2300      	movs	r3, #0
 80068b6:	4605      	mov	r5, r0
 80068b8:	4608      	mov	r0, r1
 80068ba:	4611      	mov	r1, r2
 80068bc:	6023      	str	r3, [r4, #0]
 80068be:	f7fc fd8d 	bl	80033dc <_fstat>
 80068c2:	1c43      	adds	r3, r0, #1
 80068c4:	d102      	bne.n	80068cc <_fstat_r+0x1c>
 80068c6:	6823      	ldr	r3, [r4, #0]
 80068c8:	b103      	cbz	r3, 80068cc <_fstat_r+0x1c>
 80068ca:	602b      	str	r3, [r5, #0]
 80068cc:	bd38      	pop	{r3, r4, r5, pc}
 80068ce:	bf00      	nop
 80068d0:	20001fbc 	.word	0x20001fbc

080068d4 <__assert_func>:
 80068d4:	b51f      	push	{r0, r1, r2, r3, r4, lr}
 80068d6:	461d      	mov	r5, r3
 80068d8:	4b09      	ldr	r3, [pc, #36]	@ (8006900 <__assert_func+0x2c>)
 80068da:	681b      	ldr	r3, [r3, #0]
 80068dc:	4606      	mov	r6, r0
 80068de:	68d8      	ldr	r0, [r3, #12]
 80068e0:	b152      	cbz	r2, 80068f8 <__assert_func+0x24>
 80068e2:	4c08      	ldr	r4, [pc, #32]	@ (8006904 <__assert_func+0x30>)
 80068e4:	9100      	str	r1, [sp, #0]
 80068e6:	e9cd 4201 	strd	r4, r2, [sp, #4]
 80068ea:	4907      	ldr	r1, [pc, #28]	@ (8006908 <__assert_func+0x34>)
 80068ec:	4633      	mov	r3, r6
 80068ee:	462a      	mov	r2, r5
 80068f0:	f000 f834 	bl	800695c <fiprintf>
 80068f4:	f000 f851 	bl	800699a <abort>
 80068f8:	4c04      	ldr	r4, [pc, #16]	@ (800690c <__assert_func+0x38>)
 80068fa:	4622      	mov	r2, r4
 80068fc:	e7f2      	b.n	80068e4 <__assert_func+0x10>
 80068fe:	bf00      	nop
 8006900:	20000010 	.word	0x20000010
 8006904:	0800731e 	.word	0x0800731e
 8006908:	0800732b 	.word	0x0800732b
 800690c:	08007359 	.word	0x08007359

08006910 <_calloc_r>:
 8006910:	b570      	push	{r4, r5, r6, lr}
 8006912:	fba1 6502 	umull	r6, r5, r1, r2
 8006916:	b935      	cbnz	r5, 8006926 <_calloc_r+0x16>
 8006918:	4631      	mov	r1, r6
 800691a:	f7fd fe65 	bl	80045e8 <_malloc_r>
 800691e:	4604      	mov	r4, r0
 8006920:	b928      	cbnz	r0, 800692e <_calloc_r+0x1e>
 8006922:	4620      	mov	r0, r4
 8006924:	bd70      	pop	{r4, r5, r6, pc}
 8006926:	230c      	movs	r3, #12
 8006928:	6003      	str	r3, [r0, #0]
 800692a:	2400      	movs	r4, #0
 800692c:	e7f9      	b.n	8006922 <_calloc_r+0x12>
 800692e:	4632      	mov	r2, r6
 8006930:	4629      	mov	r1, r5
 8006932:	f7fe f9b5 	bl	8004ca0 <memset>
 8006936:	e7f4      	b.n	8006922 <_calloc_r+0x12>

08006938 <__ascii_mbtowc>:
 8006938:	b082      	sub	sp, #8
 800693a:	b901      	cbnz	r1, 800693e <__ascii_mbtowc+0x6>
 800693c:	a901      	add	r1, sp, #4
 800693e:	b142      	cbz	r2, 8006952 <__ascii_mbtowc+0x1a>
 8006940:	b14b      	cbz	r3, 8006956 <__ascii_mbtowc+0x1e>
 8006942:	7813      	ldrb	r3, [r2, #0]
 8006944:	600b      	str	r3, [r1, #0]
 8006946:	7812      	ldrb	r2, [r2, #0]
 8006948:	1e10      	subs	r0, r2, #0
 800694a:	bf18      	it	ne
 800694c:	2001      	movne	r0, #1
 800694e:	b002      	add	sp, #8
 8006950:	4770      	bx	lr
 8006952:	4610      	mov	r0, r2
 8006954:	e7fb      	b.n	800694e <__ascii_mbtowc+0x16>
 8006956:	f06f 0001 	mvn.w	r0, #1
 800695a:	e7f8      	b.n	800694e <__ascii_mbtowc+0x16>

0800695c <fiprintf>:
 800695c:	b40e      	push	{r1, r2, r3}
 800695e:	b503      	push	{r0, r1, lr}
 8006960:	4601      	mov	r1, r0
 8006962:	ab03      	add	r3, sp, #12
 8006964:	4805      	ldr	r0, [pc, #20]	@ (800697c <fiprintf+0x20>)
 8006966:	f853 2b04 	ldr.w	r2, [r3], #4
 800696a:	6800      	ldr	r0, [r0, #0]
 800696c:	9301      	str	r3, [sp, #4]
 800696e:	f7ff f8c1 	bl	8005af4 <_vfiprintf_r>
 8006972:	b002      	add	sp, #8
 8006974:	f85d eb04 	ldr.w	lr, [sp], #4
 8006978:	b003      	add	sp, #12
 800697a:	4770      	bx	lr
 800697c:	20000010 	.word	0x20000010

08006980 <__ascii_wctomb>:
 8006980:	b149      	cbz	r1, 8006996 <__ascii_wctomb+0x16>
 8006982:	2aff      	cmp	r2, #255	@ 0xff
 8006984:	bf85      	ittet	hi
 8006986:	238a      	movhi	r3, #138	@ 0x8a
 8006988:	6003      	strhi	r3, [r0, #0]
 800698a:	700a      	strbls	r2, [r1, #0]
 800698c:	f04f 30ff 	movhi.w	r0, #4294967295	@ 0xffffffff
 8006990:	bf98      	it	ls
 8006992:	2001      	movls	r0, #1
 8006994:	4770      	bx	lr
 8006996:	4608      	mov	r0, r1
 8006998:	4770      	bx	lr

0800699a <abort>:
 800699a:	b508      	push	{r3, lr}
 800699c:	2006      	movs	r0, #6
 800699e:	f000 f82b 	bl	80069f8 <raise>
 80069a2:	2001      	movs	r0, #1
 80069a4:	f7fc fcf3 	bl	800338e <_exit>

080069a8 <_raise_r>:
 80069a8:	291f      	cmp	r1, #31
 80069aa:	b538      	push	{r3, r4, r5, lr}
 80069ac:	4605      	mov	r5, r0
 80069ae:	460c      	mov	r4, r1
 80069b0:	d904      	bls.n	80069bc <_raise_r+0x14>
 80069b2:	2316      	movs	r3, #22
 80069b4:	6003      	str	r3, [r0, #0]
 80069b6:	f04f 30ff 	mov.w	r0, #4294967295	@ 0xffffffff
 80069ba:	bd38      	pop	{r3, r4, r5, pc}
 80069bc:	6bc2      	ldr	r2, [r0, #60]	@ 0x3c
 80069be:	b112      	cbz	r2, 80069c6 <_raise_r+0x1e>
 80069c0:	f852 3021 	ldr.w	r3, [r2, r1, lsl #2]
 80069c4:	b94b      	cbnz	r3, 80069da <_raise_r+0x32>
 80069c6:	4628      	mov	r0, r5
 80069c8:	f000 f830 	bl	8006a2c <_getpid_r>
 80069cc:	4622      	mov	r2, r4
 80069ce:	4601      	mov	r1, r0
 80069d0:	4628      	mov	r0, r5
 80069d2:	e8bd 4038 	ldmia.w	sp!, {r3, r4, r5, lr}
 80069d6:	f000 b817 	b.w	8006a08 <_kill_r>
 80069da:	2b01      	cmp	r3, #1
 80069dc:	d00a      	beq.n	80069f4 <_raise_r+0x4c>
 80069de:	1c59      	adds	r1, r3, #1
 80069e0:	d103      	bne.n	80069ea <_raise_r+0x42>
 80069e2:	2316      	movs	r3, #22
 80069e4:	6003      	str	r3, [r0, #0]
 80069e6:	2001      	movs	r0, #1
 80069e8:	e7e7      	b.n	80069ba <_raise_r+0x12>
 80069ea:	2100      	movs	r1, #0
 80069ec:	f842 1024 	str.w	r1, [r2, r4, lsl #2]
 80069f0:	4620      	mov	r0, r4
 80069f2:	4798      	blx	r3
 80069f4:	2000      	movs	r0, #0
 80069f6:	e7e0      	b.n	80069ba <_raise_r+0x12>

080069f8 <raise>:
 80069f8:	4b02      	ldr	r3, [pc, #8]	@ (8006a04 <raise+0xc>)
 80069fa:	4601      	mov	r1, r0
 80069fc:	6818      	ldr	r0, [r3, #0]
 80069fe:	f7ff bfd3 	b.w	80069a8 <_raise_r>
 8006a02:	bf00      	nop
 8006a04:	20000010 	.word	0x20000010

08006a08 <_kill_r>:
 8006a08:	b538      	push	{r3, r4, r5, lr}
 8006a0a:	4c07      	ldr	r4, [pc, #28]	@ (8006a28 <_kill_r+0x20>)
 8006a0c:	2300      	movs	r3, #0
 8006a0e:	4605      	mov	r5, r0
 8006a10:	4608      	mov	r0, r1
 8006a12:	4611      	mov	r1, r2
 8006a14:	6023      	str	r3, [r4, #0]
 8006a16:	f7fc fcb2 	bl	800337e <_kill>
 8006a1a:	1c43      	adds	r3, r0, #1
 8006a1c:	d102      	bne.n	8006a24 <_kill_r+0x1c>
 8006a1e:	6823      	ldr	r3, [r4, #0]
 8006a20:	b103      	cbz	r3, 8006a24 <_kill_r+0x1c>
 8006a22:	602b      	str	r3, [r5, #0]
 8006a24:	bd38      	pop	{r3, r4, r5, pc}
 8006a26:	bf00      	nop
 8006a28:	20001fbc 	.word	0x20001fbc

08006a2c <_getpid_r>:
 8006a2c:	f7fc bca5 	b.w	800337a <_getpid>

08006a30 <_init>:
 8006a30:	b5f8      	push	{r3, r4, r5, r6, r7, lr}
 8006a32:	bf00      	nop
 8006a34:	bcf8      	pop	{r3, r4, r5, r6, r7}
 8006a36:	bc08      	pop	{r3}
 8006a38:	469e      	mov	lr, r3
 8006a3a:	4770      	bx	lr

08006a3c <_fini>:
 8006a3c:	b5f8      	push	{r3, r4, r5, r6, r7, lr}
 8006a3e:	bf00      	nop
 8006a40:	bcf8      	pop	{r3, r4, r5, r6, r7}
 8006a42:	bc08      	pop	{r3}
 8006a44:	469e      	mov	lr, r3
 8006a46:	4770      	bx	lr
